#
# There is insufficient memory for the Java Runtime Environment to continue.
# Native memory allocation (malloc) failed to allocate 854736 bytes for Chunk::new
# Possible reasons:
#   The system is out of physical RAM or swap space
#   The process is running with CompressedOops enabled, and the Java Heap may be blocking the growth of the native heap
# Possible solutions:
#   Reduce memory load on the system
#   Increase physical memory or swap space
#   Check if swap backing store is full
#   Decrease Java heap size (-Xmx/-Xms)
#   Decrease number of Java threads
#   Decrease Java thread stack sizes (-Xss)
#   Set larger code cache with -XX:ReservedCodeCacheSize=
#   JVM is running with Unscaled Compressed Oops mode in which the Java heap is
#     placed in the first 4GB address space. The Java Heap base address is the
#     maximum limit for the native heap growth. Please use -XX:HeapBaseMinAddress
#     to set the Java Heap base and to place the Java Heap above 4GB virtual address.
# This output file may be truncated or incomplete.
#
#  Out of Memory Error (arena.cpp:191), pid=53520, tid=32704
#
# JRE version: OpenJDK Runtime Environment (17.0.9) (build 17.0.9+0--11185874)
# Java VM: OpenJDK 64-Bit Server VM (17.0.9+0--11185874, mixed mode, tiered, compressed oops, compressed class ptrs, g1 gc, windows-amd64)
# No core dump will be written. Minidumps are not enabled by default on client versions of Windows
#

---------------  S U M M A R Y ------------

Command Line: --add-opens=java.base/java.util=ALL-UNNAMED --add-opens=java.base/java.lang=ALL-UNNAMED --add-opens=java.base/java.lang.invoke=ALL-UNNAMED --add-opens=java.base/java.util=ALL-UNNAMED --add-opens=java.prefs/java.util.prefs=ALL-UNNAMED --add-opens=java.prefs/java.util.prefs=ALL-UNNAMED --add-opens=java.base/java.nio.charset=ALL-UNNAMED --add-opens=java.base/java.net=ALL-UNNAMED --add-opens=java.base/java.util.concurrent.atomic=ALL-UNNAMED -Xmx1536M -Dfile.encoding=windows-1252 -Duser.country=ID -Duser.language=en -Duser.variant org.gradle.launcher.daemon.bootstrap.GradleDaemon 7.5

Host: AMD Ryzen 5 7535HS with Radeon Graphics        , 12 cores, 7G,  Windows 11 , 64 bit Build 26100 (10.0.26100.6725)
Time: Mon Nov  3 16:51:43 2025 Malay Peninsula Standard Time elapsed time: 210.360971 seconds (0d 0h 3m 30s)

---------------  T H R E A D  ---------------

Current thread (0x0000019e8739a020):  JavaThread "C2 CompilerThread1" daemon [_thread_in_native, id=32704, stack(0x0000002217700000,0x0000002217800000)]


Current CompileTask:
C2: 210361 16650       4       org.gradle.internal.logging.text.AbstractLineChoppingStyledTextOutput::doAppend (43 bytes)

Stack: [0x0000002217700000,0x0000002217800000]
Native frames: (J=compiled Java code, j=interpreted, Vv=VM code, C=native code)
V  [jvm.dll+0x6886e9]
V  [jvm.dll+0x841e4a]
V  [jvm.dll+0x843a8e]
V  [jvm.dll+0x8440f3]
V  [jvm.dll+0x24c14f]
V  [jvm.dll+0xac44c]
V  [jvm.dll+0xaca9c]
V  [jvm.dll+0x36c1a2]
V  [jvm.dll+0x33651a]
V  [jvm.dll+0x3359ba]
V  [jvm.dll+0x21ddb1]
V  [jvm.dll+0x21d1d1]
V  [jvm.dll+0x1a674d]
V  [jvm.dll+0x22d088]
V  [jvm.dll+0x22b1c0]
V  [jvm.dll+0x7f62f7]
V  [jvm.dll+0x7f06aa]
V  [jvm.dll+0x687565]
C  [ucrtbase.dll+0x37b0]
C  [KERNEL32.DLL+0x2e8d7]
C  [ntdll.dll+0x8c53c]


---------------  P R O C E S S  ---------------

Threads class SMR info:
_java_thread_list=0x0000019e80dbf740, length=186, elements={
0x0000019edd270950, 0x0000019ef6b396d0, 0x0000019ef6b3ab10, 0x0000019ef6ba15b0,
0x0000019ef6ba1e80, 0x0000019ef6ba32c0, 0x0000019ef6ba5270, 0x0000019ef6ba69e0,
0x0000019ef6ba9300, 0x0000019ef6bc84c0, 0x0000019ef6d3d3a0, 0x0000019ef6d3d880,
0x0000019efbc82740, 0x0000019efc569e90, 0x0000019efc55b790, 0x0000019efbe32150,
0x0000019efbea4ae0, 0x0000019efc24dc50, 0x0000019ef6d97140, 0x0000019ef6d9a3e0,
0x0000019ef6d994b0, 0x0000019ef6d98fa0, 0x0000019ef6d97650, 0x0000019ef6d97b60,
0x0000019ef6d98a90, 0x0000019ef6d98070, 0x0000019ef6d999c0, 0x0000019ef6d99ed0,
0x0000019ef6d9a8f0, 0x0000019efcf20380, 0x0000019efcf1fe70, 0x0000019efcf221e0,
0x0000019efcf20890, 0x0000019efcf217c0, 0x0000019efcf226f0, 0x0000019efcf23110,
0x0000019efcf1f960, 0x0000019efcf23620, 0x0000019efcf23b30, 0x0000019efcf24040,
0x0000019efcf25990, 0x0000019efcf268c0, 0x0000019efcf24550, 0x0000019efcf24a60,
0x0000019efcf24f70, 0x0000019efcf25480, 0x0000019efcf25ea0, 0x0000019efcf263b0,
0x0000019efeec6e00, 0x0000019efeec8750, 0x0000019efeec7d30, 0x0000019efeec59c0,
0x0000019efeec7310, 0x0000019efeec5ed0, 0x0000019efeec68f0, 0x0000019efeec7820,
0x0000019efeec4fa0, 0x0000019efeec8c60, 0x0000019efeec8240, 0x0000019efeec54b0,
0x0000019efeec9170, 0x0000019efeec9680, 0x0000019efeec9b90, 0x0000019efeec63e0,
0x0000019efeeca0a0, 0x0000019efeeca5b0, 0x0000019efeecb9f0, 0x0000019efeecb4e0,
0x0000019efeecaac0, 0x0000019efeecc410, 0x0000019efeecafd0, 0x0000019efeecc920,
0x0000019efeecbf00, 0x0000019efd06dd10, 0x0000019efd06e220, 0x0000019efd06c8d0,
0x0000019efd06cde0, 0x0000019efd06d2f0, 0x0000019efd06e730, 0x0000019efd06ec40,
0x0000019efd06f150, 0x0000019efd06d800, 0x0000019efd06f660, 0x0000019efd06beb0,
0x0000019efd06fb70, 0x0000019efd06c3c0, 0x0000019efd070590, 0x0000019efd072900,
0x0000019efd073830, 0x0000019efd070aa0, 0x0000019efd070080, 0x0000019efd0719d0,
0x0000019efd0714c0, 0x0000019efd071ee0, 0x0000019efd070fb0, 0x0000019efd0723f0,
0x0000019efd072e10, 0x0000019efd073320, 0x0000019efc6383c0, 0x0000019efc6379a0,
0x0000019efc638de0, 0x0000019efc636560, 0x0000019efc63a220, 0x0000019efc637eb0,
0x0000019efc636a70, 0x0000019efc63a730, 0x0000019efc639d10, 0x0000019efc636f80,
0x0000019efc63ac40, 0x0000019efc6388d0, 0x0000019efc6392f0, 0x0000019efc639800,
0x0000019efc637490, 0x0000019efc63bb70, 0x0000019efc63b150, 0x0000019efc63dee0,
0x0000019efc63c080, 0x0000019efc63b660, 0x0000019efc63c590, 0x0000019efc63caa0,
0x0000019efc63d9d0, 0x0000019efc63cfb0, 0x0000019efc63d4c0, 0x0000019efce33520,
0x0000019efce320e0, 0x0000019efce33f40, 0x0000019efce32b00, 0x0000019efce34450,
0x0000019efce316c0, 0x0000019efce325f0, 0x0000019efce33010, 0x0000019efce311b0,
0x0000019efce33a30, 0x0000019efce34960, 0x0000019efce34e70, 0x0000019efce35380,
0x0000019efce31bd0, 0x0000019efce371e0, 0x0000019efce37c00, 0x0000019efce35890,
0x0000019efce38110, 0x0000019efce35da0, 0x0000019efce38620, 0x0000019efce36cd0,
0x0000019efce362b0, 0x0000019efce367c0, 0x0000019efce38b30, 0x0000019efce376f0,
0x0000019efb42a640, 0x0000019efb42cec0, 0x0000019efb42d3d0, 0x0000019efb42d8e0,
0x0000019efb42ab50, 0x0000019efb42ddf0, 0x0000019efb42a130, 0x0000019efb42ba80,
0x0000019efb42c9b0, 0x0000019efb42e810, 0x0000019efb42b570, 0x0000019efb42b060,
0x0000019efb42c4a0, 0x0000019efb42ed20, 0x0000019efb42bf90, 0x0000019efb42f740,
0x0000019efb42fc50, 0x0000019efb4315a0, 0x0000019efb430b80, 0x0000019efb430160,
0x0000019efb431ab0, 0x0000019efd6ca720, 0x0000019efd6cac30, 0x0000019efcf1f450,
0x0000019efcf20da0, 0x0000019ef6d98580, 0x0000019efb431090, 0x0000019e81f142d0,
0x0000019e81f147e0, 0x0000019e81f13dc0, 0x0000019e81f138b0, 0x0000019e81f16640,
0x0000019e81f15c20, 0x0000019e81f133a0, 0x0000019e81f15200, 0x0000019e81f15710,
0x0000019e81f12e90, 0x0000019e8739a020
}

Java Threads: ( => current thread )
  0x0000019edd270950 JavaThread "main" [_thread_blocked, id=42468, stack(0x000000220bd00000,0x000000220be00000)]
  0x0000019ef6b396d0 JavaThread "Reference Handler" daemon [_thread_blocked, id=47556, stack(0x000000220c400000,0x000000220c500000)]
  0x0000019ef6b3ab10 JavaThread "Finalizer" daemon [_thread_blocked, id=15684, stack(0x000000220c500000,0x000000220c600000)]
  0x0000019ef6ba15b0 JavaThread "Signal Dispatcher" daemon [_thread_blocked, id=43536, stack(0x000000220c600000,0x000000220c700000)]
  0x0000019ef6ba1e80 JavaThread "Attach Listener" daemon [_thread_blocked, id=36600, stack(0x000000220c700000,0x000000220c800000)]
  0x0000019ef6ba32c0 JavaThread "Service Thread" daemon [_thread_blocked, id=53948, stack(0x000000220c800000,0x000000220c900000)]
  0x0000019ef6ba5270 JavaThread "Monitor Deflation Thread" daemon [_thread_blocked, id=54100, stack(0x000000220c900000,0x000000220ca00000)]
  0x0000019ef6ba69e0 JavaThread "C2 CompilerThread0" daemon [_thread_blocked, id=54052, stack(0x000000220ca00000,0x000000220cb00000)]
  0x0000019ef6ba9300 JavaThread "C1 CompilerThread0" daemon [_thread_blocked, id=47676, stack(0x000000220cb00000,0x000000220cc00000)]
  0x0000019ef6bc84c0 JavaThread "Sweeper thread" daemon [_thread_blocked, id=43620, stack(0x000000220cc00000,0x000000220cd00000)]
  0x0000019ef6d3d3a0 JavaThread "Common-Cleaner" daemon [_thread_blocked, id=45032, stack(0x000000220cd00000,0x000000220ce00000)]
  0x0000019ef6d3d880 JavaThread "Notification Thread" daemon [_thread_blocked, id=17280, stack(0x000000220ce00000,0x000000220cf00000)]
  0x0000019efbc82740 JavaThread "Daemon health stats" [_thread_blocked, id=52700, stack(0x000000220d400000,0x000000220d500000)]
  0x0000019efc569e90 JavaThread "Incoming local TCP Connector on port 60554" [_thread_in_native, id=36112, stack(0x000000220d500000,0x000000220d600000)]
  0x0000019efc55b790 JavaThread "Daemon periodic checks" [_thread_blocked, id=51568, stack(0x000000220d600000,0x000000220d700000)]
  0x0000019efbe32150 JavaThread "Daemon" [_thread_blocked, id=49116, stack(0x000000220d700000,0x000000220d800000)]
  0x0000019efbea4ae0 JavaThread "Handler for socket connection from /127.0.0.1:60554 to /127.0.0.1:60555" [_thread_in_native, id=54164, stack(0x000000220d800000,0x000000220d900000)]
  0x0000019efc24dc50 JavaThread "Cancel handler" [_thread_blocked, id=43808, stack(0x000000220d900000,0x000000220da00000)]
  0x0000019ef6d97140 JavaThread "Daemon worker" [_thread_blocked, id=33632, stack(0x000000220da00000,0x000000220db00000)]
  0x0000019ef6d9a3e0 JavaThread "Asynchronous log dispatcher for DefaultDaemonConnection: socket connection from /127.0.0.1:60554 to /127.0.0.1:60555" [_thread_blocked, id=42732, stack(0x000000220db00000,0x000000220dc00000)]
  0x0000019ef6d994b0 JavaThread "Stdin handler" [_thread_blocked, id=51448, stack(0x000000220dc00000,0x000000220dd00000)]
  0x0000019ef6d98fa0 JavaThread "Daemon client event forwarder" [_thread_blocked, id=47856, stack(0x000000220dd00000,0x000000220de00000)]
  0x0000019ef6d97650 JavaThread "Cache worker for journal cache (C:\Users\Naufal\.gradle\caches\journal-1)" [_thread_blocked, id=35500, stack(0x000000220de00000,0x000000220df00000)]
  0x0000019ef6d97b60 JavaThread "File lock request listener" [_thread_in_native, id=42388, stack(0x000000220df00000,0x000000220e000000)]
  0x0000019ef6d98a90 JavaThread "Cache worker for file hash cache (C:\Users\Naufal\.gradle\caches\7.5\fileHashes)" [_thread_blocked, id=53236, stack(0x000000220e700000,0x000000220e800000)]
  0x0000019ef6d98070 JavaThread "File watcher server" daemon [_thread_in_native, id=51900, stack(0x000000220e800000,0x000000220e900000)]
  0x0000019ef6d999c0 JavaThread "File watcher consumer" daemon [_thread_blocked, id=29992, stack(0x000000220e900000,0x000000220ea00000)]
  0x0000019ef6d99ed0 JavaThread "Cache worker for checksums cache (D:\Software_Engineer_Projects\Flutter\camos\android\.gradle\7.5\checksums)" [_thread_blocked, id=53668, stack(0x000000220ea00000,0x000000220eb00000)]
  0x0000019ef6d9a8f0 JavaThread "Cache worker for cache directory md-rule (C:\Users\Naufal\.gradle\caches\7.5\md-rule)" [_thread_blocked, id=53560, stack(0x000000220eb00000,0x000000220ec00000)]
  0x0000019efcf20380 JavaThread "Cache worker for file content cache (C:\Users\Naufal\.gradle\caches\7.5\fileContent)" [_thread_blocked, id=53584, stack(0x000000220ec00000,0x000000220ed00000)]
  0x0000019efcf1fe70 JavaThread "Cache worker for file hash cache (D:\Software_Engineer_Projects\Flutter\camos\android\.gradle\7.5\fileHashes)" [_thread_blocked, id=53580, stack(0x000000220ed00000,0x000000220ee00000)]
  0x0000019efcf221e0 JavaThread "Cache worker for cache directory md-supplier (C:\Users\Naufal\.gradle\caches\7.5\md-supplier)" [_thread_blocked, id=53552, stack(0x000000220ee00000,0x000000220ef00000)]
  0x0000019efcf20890 JavaThread "Cache worker for execution history cache (C:\Users\Naufal\.gradle\caches\7.5\executionHistory)" [_thread_blocked, id=53612, stack(0x000000220ef00000,0x000000220f000000)]
  0x0000019efcf217c0 JavaThread "jar transforms" [_thread_blocked, id=43444, stack(0x000000220f000000,0x000000220f100000)]
  0x0000019efcf226f0 JavaThread "jar transforms Thread 2" [_thread_blocked, id=26780, stack(0x000000220f100000,0x000000220f200000)]
  0x0000019efcf23110 JavaThread "jar transforms Thread 3" [_thread_blocked, id=49264, stack(0x000000220f200000,0x000000220f300000)]
  0x0000019efcf1f960 JavaThread "jar transforms Thread 4" [_thread_blocked, id=40984, stack(0x000000220f300000,0x000000220f400000)]
  0x0000019efcf23620 JavaThread "jar transforms Thread 5" [_thread_blocked, id=15872, stack(0x000000220f400000,0x000000220f500000)]
  0x0000019efcf23b30 JavaThread "jar transforms Thread 6" [_thread_blocked, id=46556, stack(0x000000220f500000,0x000000220f600000)]
  0x0000019efcf24040 JavaThread "Cache worker for dependencies-accessors (D:\Software_Engineer_Projects\Flutter\camos\android\.gradle\7.5\dependencies-accessors)" [_thread_blocked, id=15544, stack(0x000000220f600000,0x000000220f700000)]
  0x0000019efcf25990 JavaThread "jar transforms Thread 7" [_thread_blocked, id=43860, stack(0x000000220f700000,0x000000220f800000)]
  0x0000019efcf268c0 JavaThread "Cache worker for Build Output Cleanup Cache (D:\Software_Engineer_Projects\Flutter\camos\android\.gradle\buildOutputCleanup)" [_thread_blocked, id=44288, stack(0x000000220f800000,0x000000220f900000)]
  0x0000019efcf24550 JavaThread "Unconstrained build operations" [_thread_blocked, id=28188, stack(0x000000220f900000,0x000000220fa00000)]
  0x0000019efcf24a60 JavaThread "Unconstrained build operations Thread 2" [_thread_blocked, id=48708, stack(0x000000220fa00000,0x000000220fb00000)]
  0x0000019efcf24f70 JavaThread "Unconstrained build operations Thread 3" [_thread_blocked, id=19764, stack(0x000000220fb00000,0x000000220fc00000)]
  0x0000019efcf25480 JavaThread "Unconstrained build operations Thread 4" [_thread_blocked, id=50052, stack(0x000000220fc00000,0x000000220fd00000)]
  0x0000019efcf25ea0 JavaThread "Unconstrained build operations Thread 5" [_thread_blocked, id=49524, stack(0x000000220fd00000,0x000000220fe00000)]
  0x0000019efcf263b0 JavaThread "Unconstrained build operations Thread 6" [_thread_blocked, id=25812, stack(0x000000220fe00000,0x000000220ff00000)]
  0x0000019efeec6e00 JavaThread "Unconstrained build operations Thread 7" [_thread_blocked, id=46812, stack(0x000000220ff00000,0x0000002210000000)]
  0x0000019efeec8750 JavaThread "Unconstrained build operations Thread 8" [_thread_blocked, id=42860, stack(0x0000002210000000,0x0000002210100000)]
  0x0000019efeec7d30 JavaThread "Unconstrained build operations Thread 9" [_thread_blocked, id=52448, stack(0x0000002210100000,0x0000002210200000)]
  0x0000019efeec59c0 JavaThread "Unconstrained build operations Thread 10" [_thread_blocked, id=50392, stack(0x0000002210200000,0x0000002210300000)]
  0x0000019efeec7310 JavaThread "Unconstrained build operations Thread 11" [_thread_blocked, id=53280, stack(0x0000002210300000,0x0000002210400000)]
  0x0000019efeec5ed0 JavaThread "Unconstrained build operations Thread 12" [_thread_blocked, id=42200, stack(0x0000002210400000,0x0000002210500000)]
  0x0000019efeec68f0 JavaThread "Unconstrained build operations Thread 13" [_thread_blocked, id=45232, stack(0x0000002210500000,0x0000002210600000)]
  0x0000019efeec7820 JavaThread "Unconstrained build operations Thread 14" [_thread_blocked, id=44360, stack(0x0000002210600000,0x0000002210700000)]
  0x0000019efeec4fa0 JavaThread "Unconstrained build operations Thread 15" [_thread_blocked, id=46996, stack(0x0000002210700000,0x0000002210800000)]
  0x0000019efeec8c60 JavaThread "Unconstrained build operations Thread 16" [_thread_blocked, id=48928, stack(0x0000002210800000,0x0000002210900000)]
  0x0000019efeec8240 JavaThread "Unconstrained build operations Thread 17" [_thread_blocked, id=45516, stack(0x0000002210900000,0x0000002210a00000)]
  0x0000019efeec54b0 JavaThread "Unconstrained build operations Thread 18" [_thread_blocked, id=49392, stack(0x0000002210a00000,0x0000002210b00000)]
  0x0000019efeec9170 JavaThread "Unconstrained build operations Thread 19" [_thread_blocked, id=36332, stack(0x0000002210b00000,0x0000002210c00000)]
  0x0000019efeec9680 JavaThread "Unconstrained build operations Thread 20" [_thread_blocked, id=31388, stack(0x0000002210c00000,0x0000002210d00000)]
  0x0000019efeec9b90 JavaThread "Unconstrained build operations Thread 21" [_thread_blocked, id=50304, stack(0x0000002210d00000,0x0000002210e00000)]
  0x0000019efeec63e0 JavaThread "Unconstrained build operations Thread 22" [_thread_blocked, id=35728, stack(0x0000002210e00000,0x0000002210f00000)]
  0x0000019efeeca0a0 JavaThread "Unconstrained build operations Thread 23" [_thread_blocked, id=46988, stack(0x0000002210f00000,0x0000002211000000)]
  0x0000019efeeca5b0 JavaThread "Unconstrained build operations Thread 24" [_thread_blocked, id=46448, stack(0x0000002211000000,0x0000002211100000)]
  0x0000019efeecb9f0 JavaThread "Unconstrained build operations Thread 25" [_thread_blocked, id=52596, stack(0x0000002211100000,0x0000002211200000)]
  0x0000019efeecb4e0 JavaThread "Unconstrained build operations Thread 26" [_thread_blocked, id=3884, stack(0x0000002211200000,0x0000002211300000)]
  0x0000019efeecaac0 JavaThread "Unconstrained build operations Thread 27" [_thread_blocked, id=23384, stack(0x0000002211300000,0x0000002211400000)]
  0x0000019efeecc410 JavaThread "Unconstrained build operations Thread 28" [_thread_blocked, id=45788, stack(0x0000002211400000,0x0000002211500000)]
  0x0000019efeecafd0 JavaThread "Unconstrained build operations Thread 29" [_thread_blocked, id=41736, stack(0x0000002211500000,0x0000002211600000)]
  0x0000019efeecc920 JavaThread "Unconstrained build operations Thread 30" [_thread_blocked, id=54032, stack(0x0000002211600000,0x0000002211700000)]
  0x0000019efeecbf00 JavaThread "Unconstrained build operations Thread 31" [_thread_blocked, id=45380, stack(0x0000002211700000,0x0000002211800000)]
  0x0000019efd06dd10 JavaThread "Unconstrained build operations Thread 32" [_thread_blocked, id=2324, stack(0x0000002211800000,0x0000002211900000)]
  0x0000019efd06e220 JavaThread "Unconstrained build operations Thread 33" [_thread_blocked, id=48784, stack(0x0000002211900000,0x0000002211a00000)]
  0x0000019efd06c8d0 JavaThread "Unconstrained build operations Thread 34" [_thread_blocked, id=51748, stack(0x0000002211a00000,0x0000002211b00000)]
  0x0000019efd06cde0 JavaThread "Unconstrained build operations Thread 35" [_thread_blocked, id=44048, stack(0x0000002211b00000,0x0000002211c00000)]
  0x0000019efd06d2f0 JavaThread "Unconstrained build operations Thread 36" [_thread_blocked, id=47232, stack(0x0000002211c00000,0x0000002211d00000)]
  0x0000019efd06e730 JavaThread "Unconstrained build operations Thread 37" [_thread_blocked, id=42288, stack(0x0000002211d00000,0x0000002211e00000)]
  0x0000019efd06ec40 JavaThread "Unconstrained build operations Thread 38" [_thread_blocked, id=46672, stack(0x0000002211e00000,0x0000002211f00000)]
  0x0000019efd06f150 JavaThread "Unconstrained build operations Thread 39" [_thread_blocked, id=34912, stack(0x0000002211f00000,0x0000002212000000)]
  0x0000019efd06d800 JavaThread "Unconstrained build operations Thread 40" [_thread_blocked, id=53272, stack(0x0000002212000000,0x0000002212100000)]
  0x0000019efd06f660 JavaThread "Unconstrained build operations Thread 41" [_thread_blocked, id=47228, stack(0x0000002212100000,0x0000002212200000)]
  0x0000019efd06beb0 JavaThread "Unconstrained build operations Thread 42" [_thread_blocked, id=46912, stack(0x0000002212200000,0x0000002212300000)]
  0x0000019efd06fb70 JavaThread "Unconstrained build operations Thread 43" [_thread_blocked, id=20500, stack(0x0000002212300000,0x0000002212400000)]
  0x0000019efd06c3c0 JavaThread "Unconstrained build operations Thread 44" [_thread_blocked, id=47328, stack(0x0000002212400000,0x0000002212500000)]
  0x0000019efd070590 JavaThread "Unconstrained build operations Thread 45" [_thread_blocked, id=42204, stack(0x0000002212500000,0x0000002212600000)]
  0x0000019efd072900 JavaThread "Unconstrained build operations Thread 46" [_thread_blocked, id=47688, stack(0x0000002212600000,0x0000002212700000)]
  0x0000019efd073830 JavaThread "Unconstrained build operations Thread 47" [_thread_blocked, id=38120, stack(0x0000002212700000,0x0000002212800000)]
  0x0000019efd070aa0 JavaThread "Unconstrained build operations Thread 48" [_thread_blocked, id=46348, stack(0x0000002212800000,0x0000002212900000)]
  0x0000019efd070080 JavaThread "Unconstrained build operations Thread 49" [_thread_blocked, id=19556, stack(0x0000002212900000,0x0000002212a00000)]
  0x0000019efd0719d0 JavaThread "Unconstrained build operations Thread 50" [_thread_blocked, id=51388, stack(0x0000002212a00000,0x0000002212b00000)]
  0x0000019efd0714c0 JavaThread "Unconstrained build operations Thread 51" [_thread_blocked, id=1804, stack(0x0000002212b00000,0x0000002212c00000)]
  0x0000019efd071ee0 JavaThread "Unconstrained build operations Thread 52" [_thread_blocked, id=52792, stack(0x0000002212c00000,0x0000002212d00000)]
  0x0000019efd070fb0 JavaThread "Unconstrained build operations Thread 53" [_thread_blocked, id=53096, stack(0x0000002212d00000,0x0000002212e00000)]
  0x0000019efd0723f0 JavaThread "Unconstrained build operations Thread 54" [_thread_blocked, id=21956, stack(0x0000002212e00000,0x0000002212f00000)]
  0x0000019efd072e10 JavaThread "Unconstrained build operations Thread 55" [_thread_blocked, id=42884, stack(0x0000002212f00000,0x0000002213000000)]
  0x0000019efd073320 JavaThread "Unconstrained build operations Thread 56" [_thread_blocked, id=39356, stack(0x0000002213000000,0x0000002213100000)]
  0x0000019efc6383c0 JavaThread "Unconstrained build operations Thread 57" [_thread_blocked, id=48424, stack(0x0000002213100000,0x0000002213200000)]
  0x0000019efc6379a0 JavaThread "Unconstrained build operations Thread 58" [_thread_blocked, id=2664, stack(0x0000002213200000,0x0000002213300000)]
  0x0000019efc638de0 JavaThread "Unconstrained build operations Thread 59" [_thread_blocked, id=1736, stack(0x0000002213300000,0x0000002213400000)]
  0x0000019efc636560 JavaThread "Unconstrained build operations Thread 60" [_thread_blocked, id=43792, stack(0x0000002213400000,0x0000002213500000)]
  0x0000019efc63a220 JavaThread "Unconstrained build operations Thread 61" [_thread_blocked, id=49076, stack(0x0000002213500000,0x0000002213600000)]
  0x0000019efc637eb0 JavaThread "Unconstrained build operations Thread 62" [_thread_blocked, id=49416, stack(0x0000002213600000,0x0000002213700000)]
  0x0000019efc636a70 JavaThread "Unconstrained build operations Thread 63" [_thread_blocked, id=49916, stack(0x0000002213700000,0x0000002213800000)]
  0x0000019efc63a730 JavaThread "Unconstrained build operations Thread 64" [_thread_blocked, id=29752, stack(0x0000002213800000,0x0000002213900000)]
  0x0000019efc639d10 JavaThread "Unconstrained build operations Thread 65" [_thread_blocked, id=53244, stack(0x0000002213900000,0x0000002213a00000)]
  0x0000019efc636f80 JavaThread "Unconstrained build operations Thread 66" [_thread_blocked, id=24140, stack(0x0000002213a00000,0x0000002213b00000)]
  0x0000019efc63ac40 JavaThread "Unconstrained build operations Thread 67" [_thread_blocked, id=46400, stack(0x0000002213b00000,0x0000002213c00000)]
  0x0000019efc6388d0 JavaThread "Unconstrained build operations Thread 68" [_thread_blocked, id=52724, stack(0x0000002213c00000,0x0000002213d00000)]
  0x0000019efc6392f0 JavaThread "Unconstrained build operations Thread 69" [_thread_blocked, id=44044, stack(0x0000002213d00000,0x0000002213e00000)]
  0x0000019efc639800 JavaThread "Unconstrained build operations Thread 70" [_thread_blocked, id=48736, stack(0x0000002213e00000,0x0000002213f00000)]
  0x0000019efc637490 JavaThread "Unconstrained build operations Thread 71" [_thread_blocked, id=50860, stack(0x0000002213f00000,0x0000002214000000)]
  0x0000019efc63bb70 JavaThread "Unconstrained build operations Thread 72" [_thread_blocked, id=49084, stack(0x0000002214000000,0x0000002214100000)]
  0x0000019efc63b150 JavaThread "Unconstrained build operations Thread 73" [_thread_blocked, id=11168, stack(0x0000002214100000,0x0000002214200000)]
  0x0000019efc63dee0 JavaThread "Unconstrained build operations Thread 74" [_thread_blocked, id=50208, stack(0x0000002214200000,0x0000002214300000)]
  0x0000019efc63c080 JavaThread "Unconstrained build operations Thread 75" [_thread_blocked, id=53044, stack(0x0000002214300000,0x0000002214400000)]
  0x0000019efc63b660 JavaThread "Unconstrained build operations Thread 76" [_thread_blocked, id=34856, stack(0x0000002214400000,0x0000002214500000)]
  0x0000019efc63c590 JavaThread "Unconstrained build operations Thread 77" [_thread_blocked, id=12308, stack(0x0000002214500000,0x0000002214600000)]
  0x0000019efc63caa0 JavaThread "Unconstrained build operations Thread 78" [_thread_blocked, id=47884, stack(0x0000002214600000,0x0000002214700000)]
  0x0000019efc63d9d0 JavaThread "Unconstrained build operations Thread 79" [_thread_blocked, id=29720, stack(0x0000002214700000,0x0000002214800000)]
  0x0000019efc63cfb0 JavaThread "Unconstrained build operations Thread 80" [_thread_blocked, id=48812, stack(0x0000002214800000,0x0000002214900000)]
  0x0000019efc63d4c0 JavaThread "Unconstrained build operations Thread 81" [_thread_blocked, id=38944, stack(0x0000002214900000,0x0000002214a00000)]
  0x0000019efce33520 JavaThread "Unconstrained build operations Thread 82" [_thread_blocked, id=53908, stack(0x0000002214a00000,0x0000002214b00000)]
  0x0000019efce320e0 JavaThread "Unconstrained build operations Thread 83" [_thread_blocked, id=42144, stack(0x0000002214b00000,0x0000002214c00000)]
  0x0000019efce33f40 JavaThread "Unconstrained build operations Thread 84" [_thread_blocked, id=42484, stack(0x0000002214c00000,0x0000002214d00000)]
  0x0000019efce32b00 JavaThread "Unconstrained build operations Thread 85" [_thread_blocked, id=46836, stack(0x0000002214d00000,0x0000002214e00000)]
  0x0000019efce34450 JavaThread "Unconstrained build operations Thread 86" [_thread_blocked, id=54076, stack(0x0000002214e00000,0x0000002214f00000)]
  0x0000019efce316c0 JavaThread "Unconstrained build operations Thread 87" [_thread_blocked, id=10584, stack(0x0000002214f00000,0x0000002215000000)]
  0x0000019efce325f0 JavaThread "Unconstrained build operations Thread 88" [_thread_blocked, id=52732, stack(0x0000002215000000,0x0000002215100000)]
  0x0000019efce33010 JavaThread "Unconstrained build operations Thread 89" [_thread_blocked, id=51464, stack(0x0000002215100000,0x0000002215200000)]
  0x0000019efce311b0 JavaThread "Unconstrained build operations Thread 90" [_thread_blocked, id=42304, stack(0x0000002215200000,0x0000002215300000)]
  0x0000019efce33a30 JavaThread "Unconstrained build operations Thread 91" [_thread_blocked, id=42360, stack(0x0000002215300000,0x0000002215400000)]
  0x0000019efce34960 JavaThread "Unconstrained build operations Thread 92" [_thread_blocked, id=45444, stack(0x0000002215400000,0x0000002215500000)]
  0x0000019efce34e70 JavaThread "Unconstrained build operations Thread 93" [_thread_blocked, id=52892, stack(0x0000002215500000,0x0000002215600000)]
  0x0000019efce35380 JavaThread "Unconstrained build operations Thread 94" [_thread_blocked, id=43796, stack(0x0000002215600000,0x0000002215700000)]
  0x0000019efce31bd0 JavaThread "Unconstrained build operations Thread 95" [_thread_blocked, id=49432, stack(0x0000002215700000,0x0000002215800000)]
  0x0000019efce371e0 JavaThread "Unconstrained build operations Thread 96" [_thread_blocked, id=47620, stack(0x0000002215800000,0x0000002215900000)]
  0x0000019efce37c00 JavaThread "Unconstrained build operations Thread 97" [_thread_blocked, id=48816, stack(0x0000002215900000,0x0000002215a00000)]
  0x0000019efce35890 JavaThread "Unconstrained build operations Thread 98" [_thread_blocked, id=48140, stack(0x0000002215a00000,0x0000002215b00000)]
  0x0000019efce38110 JavaThread "Unconstrained build operations Thread 99" [_thread_blocked, id=48948, stack(0x0000002215b00000,0x0000002215c00000)]
  0x0000019efce35da0 JavaThread "Unconstrained build operations Thread 100" [_thread_blocked, id=50008, stack(0x0000002215c00000,0x0000002215d00000)]
  0x0000019efce38620 JavaThread "Unconstrained build operations Thread 101" [_thread_blocked, id=42904, stack(0x0000002215d00000,0x0000002215e00000)]
  0x0000019efce36cd0 JavaThread "Unconstrained build operations Thread 102" [_thread_blocked, id=54016, stack(0x0000002215e00000,0x0000002215f00000)]
  0x0000019efce362b0 JavaThread "Unconstrained build operations Thread 103" [_thread_blocked, id=41624, stack(0x0000002215f00000,0x0000002216000000)]
  0x0000019efce367c0 JavaThread "Unconstrained build operations Thread 104" [_thread_blocked, id=48800, stack(0x0000002216000000,0x0000002216100000)]
  0x0000019efce38b30 JavaThread "Unconstrained build operations Thread 105" [_thread_blocked, id=38936, stack(0x0000002216100000,0x0000002216200000)]
  0x0000019efce376f0 JavaThread "Unconstrained build operations Thread 106" [_thread_blocked, id=35300, stack(0x0000002216200000,0x0000002216300000)]
  0x0000019efb42a640 JavaThread "Unconstrained build operations Thread 107" [_thread_blocked, id=50980, stack(0x0000002216300000,0x0000002216400000)]
  0x0000019efb42cec0 JavaThread "Unconstrained build operations Thread 108" [_thread_blocked, id=54276, stack(0x0000002216400000,0x0000002216500000)]
  0x0000019efb42d3d0 JavaThread "Unconstrained build operations Thread 109" [_thread_blocked, id=54280, stack(0x0000002216500000,0x0000002216600000)]
  0x0000019efb42d8e0 JavaThread "Unconstrained build operations Thread 110" [_thread_blocked, id=54284, stack(0x0000002216600000,0x0000002216700000)]
  0x0000019efb42ab50 JavaThread "Unconstrained build operations Thread 111" [_thread_blocked, id=54288, stack(0x0000002216700000,0x0000002216800000)]
  0x0000019efb42ddf0 JavaThread "Unconstrained build operations Thread 112" [_thread_blocked, id=54292, stack(0x0000002216800000,0x0000002216900000)]
  0x0000019efb42a130 JavaThread "Unconstrained build operations Thread 113" [_thread_blocked, id=54296, stack(0x0000002216900000,0x0000002216a00000)]
  0x0000019efb42ba80 JavaThread "Unconstrained build operations Thread 114" [_thread_blocked, id=54300, stack(0x0000002216a00000,0x0000002216b00000)]
  0x0000019efb42c9b0 JavaThread "Unconstrained build operations Thread 115" [_thread_blocked, id=54304, stack(0x0000002216b00000,0x0000002216c00000)]
  0x0000019efb42e810 JavaThread "Unconstrained build operations Thread 116" [_thread_blocked, id=54308, stack(0x0000002216c00000,0x0000002216d00000)]
  0x0000019efb42b570 JavaThread "Unconstrained build operations Thread 117" [_thread_blocked, id=54312, stack(0x0000002216d00000,0x0000002216e00000)]
  0x0000019efb42b060 JavaThread "Unconstrained build operations Thread 118" [_thread_blocked, id=54316, stack(0x0000002216e00000,0x0000002216f00000)]
  0x0000019efb42c4a0 JavaThread "Unconstrained build operations Thread 119" [_thread_blocked, id=54320, stack(0x0000002216f00000,0x0000002217000000)]
  0x0000019efb42ed20 JavaThread "Unconstrained build operations Thread 120" [_thread_blocked, id=54324, stack(0x0000002217000000,0x0000002217100000)]
  0x0000019efb42bf90 JavaThread "jar transforms Thread 8" [_thread_blocked, id=54356, stack(0x0000002217100000,0x0000002217200000)]
  0x0000019efb42f740 JavaThread "jar transforms Thread 9" [_thread_blocked, id=54360, stack(0x0000002217200000,0x0000002217300000)]
  0x0000019efb42fc50 JavaThread "jar transforms Thread 10" [_thread_blocked, id=54364, stack(0x0000002217300000,0x0000002217400000)]
  0x0000019efb4315a0 JavaThread "jar transforms Thread 11" [_thread_blocked, id=54368, stack(0x0000002217400000,0x0000002217500000)]
  0x0000019efb430b80 JavaThread "jar transforms Thread 12" [_thread_blocked, id=54372, stack(0x0000002217500000,0x0000002217600000)]
  0x0000019efb430160 JavaThread "Memory manager" [_thread_blocked, id=55244, stack(0x0000002217600000,0x0000002217700000)]
  0x0000019efb431ab0 JavaThread "Cache worker for kotlin-dsl (C:\Users\Naufal\.gradle\caches\7.5\kotlin-dsl)" [_thread_blocked, id=54712, stack(0x0000002217900000,0x0000002217a00000)]
  0x0000019efd6ca720 JavaThread "included builds" [_thread_blocked, id=55252, stack(0x0000002217b00000,0x0000002217c00000)]
  0x0000019efd6cac30 JavaThread "Execution worker" [_thread_blocked, id=54140, stack(0x0000002217c00000,0x0000002217d00000)]
  0x0000019efcf1f450 JavaThread "Execution worker Thread 2" [_thread_blocked, id=44124, stack(0x0000002217d00000,0x0000002217e00000)]
  0x0000019efcf20da0 JavaThread "Execution worker Thread 3" [_thread_blocked, id=25960, stack(0x0000002217e00000,0x0000002217f00000)]
  0x0000019ef6d98580 JavaThread "Execution worker Thread 4" [_thread_blocked, id=29060, stack(0x0000002217f00000,0x0000002218000000)]
  0x0000019efb431090 JavaThread "Execution worker Thread 5" [_thread_blocked, id=9904, stack(0x0000002218000000,0x0000002218100000)]
  0x0000019e81f142d0 JavaThread "Execution worker Thread 6" [_thread_blocked, id=54020, stack(0x0000002218100000,0x0000002218200000)]
  0x0000019e81f147e0 JavaThread "Execution worker Thread 7" [_thread_blocked, id=54468, stack(0x0000002218200000,0x0000002218300000)]
  0x0000019e81f13dc0 JavaThread "Execution worker Thread 8" [_thread_blocked, id=44896, stack(0x0000002218300000,0x0000002218400000)]
  0x0000019e81f138b0 JavaThread "Execution worker Thread 9" [_thread_blocked, id=54472, stack(0x0000002218400000,0x0000002218500000)]
  0x0000019e81f16640 JavaThread "Execution worker Thread 10" [_thread_blocked, id=53676, stack(0x0000002218500000,0x0000002218600000)]
  0x0000019e81f15c20 JavaThread "Execution worker Thread 11" [_thread_blocked, id=32340, stack(0x0000002218600000,0x0000002218700000)]
  0x0000019e81f133a0 JavaThread "Cache worker for execution history cache (D:\Software_Engineer_Projects\Flutter\camos\android\.gradle\7.5\executionHistory)" [_thread_blocked, id=27652, stack(0x0000002218700000,0x0000002218800000)]
  0x0000019e81f15200 JavaThread "Exec process" [_thread_in_native, id=40880, stack(0x0000002218800000,0x0000002218900000)]
  0x0000019e81f15710 JavaThread "Exec process Thread 2" [_thread_in_native, id=52804, stack(0x0000002218900000,0x0000002218a00000)]
  0x0000019e81f12e90 JavaThread "Exec process Thread 3" [_thread_in_native, id=55108, stack(0x0000002218a00000,0x0000002218b00000)]
=>0x0000019e8739a020 JavaThread "C2 CompilerThread1" daemon [_thread_in_native, id=32704, stack(0x0000002217700000,0x0000002217800000)]

Other Threads:
  0x0000019ef68eed10 VMThread "VM Thread" [stack: 0x000000220c300000,0x000000220c400000] [id=38156]
  0x0000019ef6cb3610 WatcherThread [stack: 0x000000220cf00000,0x000000220d000000] [id=51304]
  0x0000019edd2bd340 GCTaskThread "GC Thread#0" [stack: 0x000000220be00000,0x000000220bf00000] [id=50684]
  0x0000019efb91a940 GCTaskThread "GC Thread#1" [stack: 0x000000220d000000,0x000000220d100000] [id=50368]
  0x0000019efb845140 GCTaskThread "GC Thread#2" [stack: 0x000000220d100000,0x000000220d200000] [id=44208]
  0x0000019efb30aa60 GCTaskThread "GC Thread#3" [stack: 0x000000220d200000,0x000000220d300000] [id=54004]
  0x0000019efbaed280 GCTaskThread "GC Thread#4" [stack: 0x000000220d300000,0x000000220d400000] [id=54060]
  0x0000019efb9e6480 GCTaskThread "GC Thread#5" [stack: 0x000000220e000000,0x000000220e100000] [id=53344]
  0x0000019ef6d9ecd0 GCTaskThread "GC Thread#6" [stack: 0x000000220e100000,0x000000220e200000] [id=53940]
  0x0000019efc500060 GCTaskThread "GC Thread#7" [stack: 0x000000220e200000,0x000000220e300000] [id=16440]
  0x0000019ef6e70ce0 GCTaskThread "GC Thread#8" [stack: 0x000000220e300000,0x000000220e400000] [id=49980]
  0x0000019efb449120 GCTaskThread "GC Thread#9" [stack: 0x000000220e400000,0x000000220e500000] [id=46964]
  0x0000019edd2ca1a0 ConcurrentGCThread "G1 Main Marker" [stack: 0x000000220bf00000,0x000000220c000000] [id=46768]
  0x0000019edd2caad0 ConcurrentGCThread "G1 Conc#0" [stack: 0x000000220c000000,0x000000220c100000] [id=26872]
  0x0000019efc9c7110 ConcurrentGCThread "G1 Conc#1" [stack: 0x000000220e500000,0x000000220e600000] [id=48316]
  0x0000019efc9c68d0 ConcurrentGCThread "G1 Conc#2" [stack: 0x000000220e600000,0x000000220e700000] [id=43304]
  0x0000019edd315b70 ConcurrentGCThread "G1 Refine#0" [stack: 0x000000220c100000,0x000000220c200000] [id=52136]
  0x0000019e81350b70 ConcurrentGCThread "G1 Refine#1" [stack: 0x000000220ba00000,0x000000220bb00000] [id=54500]
  0x0000019e8134f6e0 ConcurrentGCThread "G1 Refine#2" [stack: 0x000000220bb00000,0x000000220bc00000] [id=51296]
  0x0000019e81351730 ConcurrentGCThread "G1 Refine#3" [stack: 0x000000220bc00000,0x000000220bd00000] [id=54968]
  0x0000019e813502a0 ConcurrentGCThread "G1 Refine#4" [stack: 0x0000002217a00000,0x0000002217b00000] [id=45548]
  0x0000019ef6766960 ConcurrentGCThread "G1 Service" [stack: 0x000000220c200000,0x000000220c300000] [id=42592]

Threads with active compile tasks:
C2 CompilerThread1   210457 16650       4       org.gradle.internal.logging.text.AbstractLineChoppingStyledTextOutput::doAppend (43 bytes)

VM state: not at safepoint (normal execution)

VM Mutex/Monitor currently owned by a thread: None

Heap address: 0x00000000a0000000, size: 1536 MB, Compressed Oops mode: 32-bit

CDS archive(s) not mapped
Compressed class space mapped at: 0x0000000100000000-0x0000000140000000, reserved size: 1073741824
Narrow klass base: 0x0000000000000000, Narrow klass shift: 3, Narrow klass range: 0x140000000

GC Precious Log:
 CPUs: 12 total, 12 available
 Memory: 7381M
 Large Page Support: Disabled
 NUMA Support: Disabled
 Compressed Oops: Enabled (32-bit)
 Heap Region Size: 1M
 Heap Min Capacity: 8M
 Heap Initial Capacity: 116M
 Heap Max Capacity: 1536M
 Pre-touch: Disabled
 Parallel Workers: 10
 Concurrent Workers: 3
 Concurrent Refinement Workers: 10
 Periodic GC: Disabled

Heap:
 garbage-first heap   total 450560K, used 307042K [0x00000000a0000000, 0x0000000100000000)
  region size 1024K, 26 young (26624K), 3 survivors (3072K)
 Metaspace       used 99072K, committed 100928K, reserved 1179648K
  class space    used 13651K, committed 14400K, reserved 1048576K

Heap Regions: E=young(eden), S=young(survivor), O=old, HS=humongous(starts), HC=humongous(continues), CS=collection set, F=free, OA=open archive, CA=closed archive, TAMS=top-at-mark-start (previous, next)
|   0|0x00000000a0000000, 0x00000000a0100000, 0x00000000a0100000|100%| O|  |TAMS 0x00000000a0100000, 0x00000000a0000000| Untracked 
|   1|0x00000000a0100000, 0x00000000a0200000, 0x00000000a0200000|100%| O|  |TAMS 0x00000000a0200000, 0x00000000a0100000| Untracked 
|   2|0x00000000a0200000, 0x00000000a0300000, 0x00000000a0300000|100%| O|  |TAMS 0x00000000a0300000, 0x00000000a0200000| Untracked 
|   3|0x00000000a0300000, 0x00000000a0400000, 0x00000000a0400000|100%|HS|  |TAMS 0x00000000a0400000, 0x00000000a0300000| Complete 
|   4|0x00000000a0400000, 0x00000000a0500000, 0x00000000a0500000|100%|HC|  |TAMS 0x00000000a0500000, 0x00000000a0400000| Complete 
|   5|0x00000000a0500000, 0x00000000a0600000, 0x00000000a0600000|100%|HC|  |TAMS 0x00000000a0600000, 0x00000000a0500000| Complete 
|   6|0x00000000a0600000, 0x00000000a0700000, 0x00000000a0700000|100%| O|  |TAMS 0x00000000a0700000, 0x00000000a0600000| Untracked 
|   7|0x00000000a0700000, 0x00000000a0800000, 0x00000000a0800000|100%| O|  |TAMS 0x00000000a0800000, 0x00000000a0700000| Untracked 
|   8|0x00000000a0800000, 0x00000000a0900000, 0x00000000a0900000|100%| O|  |TAMS 0x00000000a0900000, 0x00000000a0800000| Untracked 
|   9|0x00000000a0900000, 0x00000000a0a00000, 0x00000000a0a00000|100%| O|  |TAMS 0x00000000a0a00000, 0x00000000a0900000| Untracked 
|  10|0x00000000a0a00000, 0x00000000a0b00000, 0x00000000a0b00000|100%| O|  |TAMS 0x00000000a0b00000, 0x00000000a0a00000| Untracked 
|  11|0x00000000a0b00000, 0x00000000a0c00000, 0x00000000a0c00000|100%| O|  |TAMS 0x00000000a0c00000, 0x00000000a0b00000| Untracked 
|  12|0x00000000a0c00000, 0x00000000a0d00000, 0x00000000a0d00000|100%| O|  |TAMS 0x00000000a0d00000, 0x00000000a0c00000| Untracked 
|  13|0x00000000a0d00000, 0x00000000a0e00000, 0x00000000a0e00000|100%| O|  |TAMS 0x00000000a0e00000, 0x00000000a0d00000| Untracked 
|  14|0x00000000a0e00000, 0x00000000a0f00000, 0x00000000a0f00000|100%| O|  |TAMS 0x00000000a0f00000, 0x00000000a0e00000| Untracked 
|  15|0x00000000a0f00000, 0x00000000a1000000, 0x00000000a1000000|100%| O|  |TAMS 0x00000000a1000000, 0x00000000a0f00000| Untracked 
|  16|0x00000000a1000000, 0x00000000a1100000, 0x00000000a1100000|100%| O|  |TAMS 0x00000000a1100000, 0x00000000a1000000| Untracked 
|  17|0x00000000a1100000, 0x00000000a1200000, 0x00000000a1200000|100%| O|  |TAMS 0x00000000a1200000, 0x00000000a1100000| Untracked 
|  18|0x00000000a1200000, 0x00000000a1300000, 0x00000000a1300000|100%| O|  |TAMS 0x00000000a1300000, 0x00000000a1200000| Untracked 
|  19|0x00000000a1300000, 0x00000000a1400000, 0x00000000a1400000|100%| O|  |TAMS 0x00000000a1400000, 0x00000000a1300000| Untracked 
|  20|0x00000000a1400000, 0x00000000a1500000, 0x00000000a1500000|100%| O|  |TAMS 0x00000000a1500000, 0x00000000a1400000| Untracked 
|  21|0x00000000a1500000, 0x00000000a1600000, 0x00000000a1600000|100%| O|  |TAMS 0x00000000a1600000, 0x00000000a1500000| Untracked 
|  22|0x00000000a1600000, 0x00000000a1700000, 0x00000000a1700000|100%| O|  |TAMS 0x00000000a1700000, 0x00000000a1600000| Untracked 
|  23|0x00000000a1700000, 0x00000000a1800000, 0x00000000a1800000|100%| O|  |TAMS 0x00000000a1800000, 0x00000000a1700000| Untracked 
|  24|0x00000000a1800000, 0x00000000a1900000, 0x00000000a1900000|100%| O|  |TAMS 0x00000000a1900000, 0x00000000a1800000| Untracked 
|  25|0x00000000a1900000, 0x00000000a1a00000, 0x00000000a1a00000|100%| O|  |TAMS 0x00000000a1a00000, 0x00000000a1900000| Untracked 
|  26|0x00000000a1a00000, 0x00000000a1b00000, 0x00000000a1b00000|100%| O|  |TAMS 0x00000000a1b00000, 0x00000000a1a00000| Untracked 
|  27|0x00000000a1b00000, 0x00000000a1c00000, 0x00000000a1c00000|100%| O|  |TAMS 0x00000000a1c00000, 0x00000000a1b00000| Untracked 
|  28|0x00000000a1c00000, 0x00000000a1d00000, 0x00000000a1d00000|100%| O|  |TAMS 0x00000000a1d00000, 0x00000000a1c00000| Untracked 
|  29|0x00000000a1d00000, 0x00000000a1e00000, 0x00000000a1e00000|100%| O|  |TAMS 0x00000000a1e00000, 0x00000000a1d00000| Untracked 
|  30|0x00000000a1e00000, 0x00000000a1f00000, 0x00000000a1f00000|100%| O|  |TAMS 0x00000000a1f00000, 0x00000000a1e00000| Untracked 
|  31|0x00000000a1f00000, 0x00000000a2000000, 0x00000000a2000000|100%| O|  |TAMS 0x00000000a2000000, 0x00000000a1f00000| Untracked 
|  32|0x00000000a2000000, 0x00000000a2100000, 0x00000000a2100000|100%| O|  |TAMS 0x00000000a2100000, 0x00000000a2000000| Untracked 
|  33|0x00000000a2100000, 0x00000000a2200000, 0x00000000a2200000|100%|HS|  |TAMS 0x00000000a2200000, 0x00000000a2100000| Complete 
|  34|0x00000000a2200000, 0x00000000a2300000, 0x00000000a2300000|100%|HS|  |TAMS 0x00000000a2300000, 0x00000000a2200000| Complete 
|  35|0x00000000a2300000, 0x00000000a2400000, 0x00000000a2400000|100%|HS|  |TAMS 0x00000000a2400000, 0x00000000a2300000| Complete 
|  36|0x00000000a2400000, 0x00000000a2500000, 0x00000000a2500000|100%|HS|  |TAMS 0x00000000a2500000, 0x00000000a2400000| Complete 
|  37|0x00000000a2500000, 0x00000000a2600000, 0x00000000a2600000|100%|HC|  |TAMS 0x00000000a2600000, 0x00000000a2500000| Complete 
|  38|0x00000000a2600000, 0x00000000a2700000, 0x00000000a2700000|100%|HC|  |TAMS 0x00000000a2700000, 0x00000000a2600000| Complete 
|  39|0x00000000a2700000, 0x00000000a2800000, 0x00000000a2800000|100%|HS|  |TAMS 0x00000000a2800000, 0x00000000a2700000| Complete 
|  40|0x00000000a2800000, 0x00000000a2900000, 0x00000000a2900000|100%|HC|  |TAMS 0x00000000a2900000, 0x00000000a2800000| Complete 
|  41|0x00000000a2900000, 0x00000000a2a00000, 0x00000000a2a00000|100%| O|  |TAMS 0x00000000a2a00000, 0x00000000a2900000| Untracked 
|  42|0x00000000a2a00000, 0x00000000a2b00000, 0x00000000a2b00000|100%| O|  |TAMS 0x00000000a2b00000, 0x00000000a2a00000| Untracked 
|  43|0x00000000a2b00000, 0x00000000a2c00000, 0x00000000a2c00000|100%| O|  |TAMS 0x00000000a2c00000, 0x00000000a2b00000| Untracked 
|  44|0x00000000a2c00000, 0x00000000a2d00000, 0x00000000a2d00000|100%| O|  |TAMS 0x00000000a2d00000, 0x00000000a2c00000| Untracked 
|  45|0x00000000a2d00000, 0x00000000a2e00000, 0x00000000a2e00000|100%| O|  |TAMS 0x00000000a2e00000, 0x00000000a2d00000| Untracked 
|  46|0x00000000a2e00000, 0x00000000a2f00000, 0x00000000a2f00000|100%| O|  |TAMS 0x00000000a2f00000, 0x00000000a2e00000| Untracked 
|  47|0x00000000a2f00000, 0x00000000a3000000, 0x00000000a3000000|100%| O|  |TAMS 0x00000000a3000000, 0x00000000a2f00000| Untracked 
|  48|0x00000000a3000000, 0x00000000a3100000, 0x00000000a3100000|100%| O|  |TAMS 0x00000000a3100000, 0x00000000a3000000| Untracked 
|  49|0x00000000a3100000, 0x00000000a3200000, 0x00000000a3200000|100%| O|  |TAMS 0x00000000a3200000, 0x00000000a3100000| Untracked 
|  50|0x00000000a3200000, 0x00000000a3300000, 0x00000000a3300000|100%| O|  |TAMS 0x00000000a3300000, 0x00000000a3200000| Untracked 
|  51|0x00000000a3300000, 0x00000000a3400000, 0x00000000a3400000|100%| O|  |TAMS 0x00000000a3400000, 0x00000000a3300000| Untracked 
|  52|0x00000000a3400000, 0x00000000a3500000, 0x00000000a3500000|100%| O|  |TAMS 0x00000000a3500000, 0x00000000a3400000| Untracked 
|  53|0x00000000a3500000, 0x00000000a3600000, 0x00000000a3600000|100%| O|  |TAMS 0x00000000a3600000, 0x00000000a3500000| Untracked 
|  54|0x00000000a3600000, 0x00000000a3700000, 0x00000000a3700000|100%| O|  |TAMS 0x00000000a3700000, 0x00000000a3600000| Untracked 
|  55|0x00000000a3700000, 0x00000000a3800000, 0x00000000a3800000|100%| O|  |TAMS 0x00000000a3800000, 0x00000000a3700000| Untracked 
|  56|0x00000000a3800000, 0x00000000a3900000, 0x00000000a3900000|100%| O|  |TAMS 0x00000000a3900000, 0x00000000a3800000| Untracked 
|  57|0x00000000a3900000, 0x00000000a3a00000, 0x00000000a3a00000|100%| O|  |TAMS 0x00000000a3a00000, 0x00000000a3900000| Untracked 
|  58|0x00000000a3a00000, 0x00000000a3b00000, 0x00000000a3b00000|100%| O|  |TAMS 0x00000000a3b00000, 0x00000000a3a00000| Untracked 
|  59|0x00000000a3b00000, 0x00000000a3c00000, 0x00000000a3c00000|100%| O|  |TAMS 0x00000000a3c00000, 0x00000000a3b00000| Untracked 
|  60|0x00000000a3c00000, 0x00000000a3d00000, 0x00000000a3d00000|100%| O|  |TAMS 0x00000000a3d00000, 0x00000000a3c00000| Untracked 
|  61|0x00000000a3d00000, 0x00000000a3e00000, 0x00000000a3e00000|100%|HS|  |TAMS 0x00000000a3e00000, 0x00000000a3d00000| Complete 
|  62|0x00000000a3e00000, 0x00000000a3f00000, 0x00000000a3f00000|100%| O|  |TAMS 0x00000000a3f00000, 0x00000000a3e00000| Untracked 
|  63|0x00000000a3f00000, 0x00000000a4000000, 0x00000000a4000000|100%| O|  |TAMS 0x00000000a4000000, 0x00000000a3f00000| Untracked 
|  64|0x00000000a4000000, 0x00000000a4100000, 0x00000000a4100000|100%|HS|  |TAMS 0x00000000a4100000, 0x00000000a4000000| Complete 
|  65|0x00000000a4100000, 0x00000000a4200000, 0x00000000a4200000|100%| O|  |TAMS 0x00000000a4200000, 0x00000000a4100000| Untracked 
|  66|0x00000000a4200000, 0x00000000a4300000, 0x00000000a4300000|100%| O|  |TAMS 0x00000000a4300000, 0x00000000a4200000| Untracked 
|  67|0x00000000a4300000, 0x00000000a4400000, 0x00000000a4400000|100%| O|  |TAMS 0x00000000a4400000, 0x00000000a4300000| Untracked 
|  68|0x00000000a4400000, 0x00000000a4500000, 0x00000000a4500000|100%| O|  |TAMS 0x00000000a4500000, 0x00000000a4400000| Untracked 
|  69|0x00000000a4500000, 0x00000000a4600000, 0x00000000a4600000|100%| O|  |TAMS 0x00000000a4600000, 0x00000000a4500000| Untracked 
|  70|0x00000000a4600000, 0x00000000a4700000, 0x00000000a4700000|100%| O|  |TAMS 0x00000000a4700000, 0x00000000a4600000| Untracked 
|  71|0x00000000a4700000, 0x00000000a4800000, 0x00000000a4800000|100%| O|  |TAMS 0x00000000a4800000, 0x00000000a4700000| Untracked 
|  72|0x00000000a4800000, 0x00000000a4900000, 0x00000000a4900000|100%| O|  |TAMS 0x00000000a4900000, 0x00000000a4800000| Untracked 
|  73|0x00000000a4900000, 0x00000000a4a00000, 0x00000000a4a00000|100%| O|  |TAMS 0x00000000a4a00000, 0x00000000a4900000| Untracked 
|  74|0x00000000a4a00000, 0x00000000a4b00000, 0x00000000a4b00000|100%| O|  |TAMS 0x00000000a4b00000, 0x00000000a4a00000| Untracked 
|  75|0x00000000a4b00000, 0x00000000a4c00000, 0x00000000a4c00000|100%| O|  |TAMS 0x00000000a4c00000, 0x00000000a4b00000| Untracked 
|  76|0x00000000a4c00000, 0x00000000a4d00000, 0x00000000a4d00000|100%| O|  |TAMS 0x00000000a4d00000, 0x00000000a4c00000| Untracked 
|  77|0x00000000a4d00000, 0x00000000a4e00000, 0x00000000a4e00000|100%| O|  |TAMS 0x00000000a4e00000, 0x00000000a4d00000| Untracked 
|  78|0x00000000a4e00000, 0x00000000a4f00000, 0x00000000a4f00000|100%| O|  |TAMS 0x00000000a4f00000, 0x00000000a4e00000| Untracked 
|  79|0x00000000a4f00000, 0x00000000a5000000, 0x00000000a5000000|100%| O|  |TAMS 0x00000000a5000000, 0x00000000a4f00000| Untracked 
|  80|0x00000000a5000000, 0x00000000a5100000, 0x00000000a5100000|100%| O|  |TAMS 0x00000000a5100000, 0x00000000a5000000| Untracked 
|  81|0x00000000a5100000, 0x00000000a5200000, 0x00000000a5200000|100%| O|  |TAMS 0x00000000a5200000, 0x00000000a5100000| Untracked 
|  82|0x00000000a5200000, 0x00000000a5300000, 0x00000000a5300000|100%| O|  |TAMS 0x00000000a5300000, 0x00000000a5200000| Untracked 
|  83|0x00000000a5300000, 0x00000000a5400000, 0x00000000a5400000|100%|HS|  |TAMS 0x00000000a5400000, 0x00000000a5300000| Complete 
|  84|0x00000000a5400000, 0x00000000a5500000, 0x00000000a5500000|100%|HS|  |TAMS 0x00000000a5500000, 0x00000000a5400000| Complete 
|  85|0x00000000a5500000, 0x00000000a5600000, 0x00000000a5600000|100%|HS|  |TAMS 0x00000000a5600000, 0x00000000a5500000| Complete 
|  86|0x00000000a5600000, 0x00000000a5700000, 0x00000000a5700000|100%|HS|  |TAMS 0x00000000a5700000, 0x00000000a5600000| Complete 
|  87|0x00000000a5700000, 0x00000000a5800000, 0x00000000a5800000|100%|HS|  |TAMS 0x00000000a5800000, 0x00000000a5700000| Complete 
|  88|0x00000000a5800000, 0x00000000a5900000, 0x00000000a5900000|100%|HS|  |TAMS 0x00000000a5900000, 0x00000000a5800000| Complete 
|  89|0x00000000a5900000, 0x00000000a5a00000, 0x00000000a5a00000|100%|HC|  |TAMS 0x00000000a5a00000, 0x00000000a5900000| Complete 
|  90|0x00000000a5a00000, 0x00000000a5b00000, 0x00000000a5b00000|100%|HC|  |TAMS 0x00000000a5b00000, 0x00000000a5a00000| Complete 
|  91|0x00000000a5b00000, 0x00000000a5c00000, 0x00000000a5c00000|100%| O|  |TAMS 0x00000000a5c00000, 0x00000000a5b00000| Untracked 
|  92|0x00000000a5c00000, 0x00000000a5d00000, 0x00000000a5d00000|100%| O|  |TAMS 0x00000000a5d00000, 0x00000000a5c00000| Untracked 
|  93|0x00000000a5d00000, 0x00000000a5e00000, 0x00000000a5e00000|100%| O|  |TAMS 0x00000000a5e00000, 0x00000000a5d00000| Untracked 
|  94|0x00000000a5e00000, 0x00000000a5f00000, 0x00000000a5f00000|100%| O|  |TAMS 0x00000000a5f00000, 0x00000000a5e00000| Untracked 
|  95|0x00000000a5f00000, 0x00000000a6000000, 0x00000000a6000000|100%| O|  |TAMS 0x00000000a6000000, 0x00000000a5f00000| Untracked 
|  96|0x00000000a6000000, 0x00000000a6100000, 0x00000000a6100000|100%| O|  |TAMS 0x00000000a6100000, 0x00000000a6000000| Untracked 
|  97|0x00000000a6100000, 0x00000000a6200000, 0x00000000a6200000|100%| O|  |TAMS 0x00000000a6200000, 0x00000000a6100000| Untracked 
|  98|0x00000000a6200000, 0x00000000a6300000, 0x00000000a6300000|100%| O|  |TAMS 0x00000000a6300000, 0x00000000a6200000| Untracked 
|  99|0x00000000a6300000, 0x00000000a6400000, 0x00000000a6400000|100%| O|  |TAMS 0x00000000a6400000, 0x00000000a6300000| Untracked 
| 100|0x00000000a6400000, 0x00000000a6500000, 0x00000000a6500000|100%| O|  |TAMS 0x00000000a6500000, 0x00000000a6400000| Untracked 
| 101|0x00000000a6500000, 0x00000000a6600000, 0x00000000a6600000|100%| O|  |TAMS 0x00000000a6600000, 0x00000000a6500000| Untracked 
| 102|0x00000000a6600000, 0x00000000a6700000, 0x00000000a6700000|100%| O|  |TAMS 0x00000000a6700000, 0x00000000a6600000| Untracked 
| 103|0x00000000a6700000, 0x00000000a6800000, 0x00000000a6800000|100%| O|  |TAMS 0x00000000a6800000, 0x00000000a6700000| Untracked 
| 104|0x00000000a6800000, 0x00000000a6900000, 0x00000000a6900000|100%|HS|  |TAMS 0x00000000a6900000, 0x00000000a6800000| Complete 
| 105|0x00000000a6900000, 0x00000000a6a00000, 0x00000000a6a00000|100%| O|  |TAMS 0x00000000a6a00000, 0x00000000a6900000| Untracked 
| 106|0x00000000a6a00000, 0x00000000a6b00000, 0x00000000a6b00000|100%| O|  |TAMS 0x00000000a6b00000, 0x00000000a6a00000| Untracked 
| 107|0x00000000a6b00000, 0x00000000a6c00000, 0x00000000a6c00000|100%|HS|  |TAMS 0x00000000a6c00000, 0x00000000a6b00000| Complete 
| 108|0x00000000a6c00000, 0x00000000a6d00000, 0x00000000a6d00000|100%| O|  |TAMS 0x00000000a6d00000, 0x00000000a6c00000| Untracked 
| 109|0x00000000a6d00000, 0x00000000a6e00000, 0x00000000a6e00000|100%| O|  |TAMS 0x00000000a6e00000, 0x00000000a6d00000| Untracked 
| 110|0x00000000a6e00000, 0x00000000a6f00000, 0x00000000a6f00000|100%| O|  |TAMS 0x00000000a6f00000, 0x00000000a6e00000| Untracked 
| 111|0x00000000a6f00000, 0x00000000a7000000, 0x00000000a7000000|100%| O|  |TAMS 0x00000000a7000000, 0x00000000a6f00000| Untracked 
| 112|0x00000000a7000000, 0x00000000a7100000, 0x00000000a7100000|100%| O|  |TAMS 0x00000000a7100000, 0x00000000a7000000| Untracked 
| 113|0x00000000a7100000, 0x00000000a7200000, 0x00000000a7200000|100%| O|  |TAMS 0x00000000a7200000, 0x00000000a7100000| Untracked 
| 114|0x00000000a7200000, 0x00000000a7300000, 0x00000000a7300000|100%| O|  |TAMS 0x00000000a7300000, 0x00000000a7200000| Untracked 
| 115|0x00000000a7300000, 0x00000000a7400000, 0x00000000a7400000|100%| O|  |TAMS 0x00000000a7400000, 0x00000000a7300000| Untracked 
| 116|0x00000000a7400000, 0x00000000a7500000, 0x00000000a7500000|100%| O|  |TAMS 0x00000000a7500000, 0x00000000a7400000| Untracked 
| 117|0x00000000a7500000, 0x00000000a7600000, 0x00000000a7600000|100%| O|  |TAMS 0x00000000a7600000, 0x00000000a7500000| Untracked 
| 118|0x00000000a7600000, 0x00000000a7700000, 0x00000000a7700000|100%| O|  |TAMS 0x00000000a7700000, 0x00000000a7600000| Untracked 
| 119|0x00000000a7700000, 0x00000000a7800000, 0x00000000a7800000|100%| O|  |TAMS 0x00000000a7800000, 0x00000000a7700000| Untracked 
| 120|0x00000000a7800000, 0x00000000a7900000, 0x00000000a7900000|100%| O|  |TAMS 0x00000000a7900000, 0x00000000a7800000| Untracked 
| 121|0x00000000a7900000, 0x00000000a7a00000, 0x00000000a7a00000|100%| O|  |TAMS 0x00000000a7a00000, 0x00000000a7900000| Untracked 
| 122|0x00000000a7a00000, 0x00000000a7b00000, 0x00000000a7b00000|100%| O|  |TAMS 0x00000000a7b00000, 0x00000000a7a00000| Untracked 
| 123|0x00000000a7b00000, 0x00000000a7c00000, 0x00000000a7c00000|100%| O|  |TAMS 0x00000000a7c00000, 0x00000000a7b00000| Untracked 
| 124|0x00000000a7c00000, 0x00000000a7d00000, 0x00000000a7d00000|100%| O|  |TAMS 0x00000000a7d00000, 0x00000000a7c00000| Untracked 
| 125|0x00000000a7d00000, 0x00000000a7e00000, 0x00000000a7e00000|100%| O|  |TAMS 0x00000000a7e00000, 0x00000000a7d00000| Untracked 
| 126|0x00000000a7e00000, 0x00000000a7f00000, 0x00000000a7f00000|100%| O|  |TAMS 0x00000000a7f00000, 0x00000000a7e00000| Untracked 
| 127|0x00000000a7f00000, 0x00000000a8000000, 0x00000000a8000000|100%| O|  |TAMS 0x00000000a8000000, 0x00000000a7f00000| Untracked 
| 128|0x00000000a8000000, 0x00000000a8100000, 0x00000000a8100000|100%| O|  |TAMS 0x00000000a8100000, 0x00000000a8000000| Untracked 
| 129|0x00000000a8100000, 0x00000000a8200000, 0x00000000a8200000|100%| O|  |TAMS 0x00000000a8200000, 0x00000000a8100000| Untracked 
| 130|0x00000000a8200000, 0x00000000a8300000, 0x00000000a8300000|100%| O|  |TAMS 0x00000000a8300000, 0x00000000a8200000| Untracked 
| 131|0x00000000a8300000, 0x00000000a8400000, 0x00000000a8400000|100%| O|  |TAMS 0x00000000a8400000, 0x00000000a8300000| Untracked 
| 132|0x00000000a8400000, 0x00000000a8500000, 0x00000000a8500000|100%| O|  |TAMS 0x00000000a8500000, 0x00000000a8400000| Untracked 
| 133|0x00000000a8500000, 0x00000000a8600000, 0x00000000a8600000|100%| O|  |TAMS 0x00000000a8600000, 0x00000000a8500000| Untracked 
| 134|0x00000000a8600000, 0x00000000a8700000, 0x00000000a8700000|100%| O|  |TAMS 0x00000000a8700000, 0x00000000a8600000| Untracked 
| 135|0x00000000a8700000, 0x00000000a8800000, 0x00000000a8800000|100%| O|  |TAMS 0x00000000a8800000, 0x00000000a8700000| Untracked 
| 136|0x00000000a8800000, 0x00000000a8800000, 0x00000000a8900000|  0%| F|  |TAMS 0x00000000a8800000, 0x00000000a8800000| Untracked 
| 137|0x00000000a8900000, 0x00000000a8a00000, 0x00000000a8a00000|100%| O|  |TAMS 0x00000000a8a00000, 0x00000000a8900000| Untracked 
| 138|0x00000000a8a00000, 0x00000000a8b00000, 0x00000000a8b00000|100%| O|  |TAMS 0x00000000a8b00000, 0x00000000a8a00000| Untracked 
| 139|0x00000000a8b00000, 0x00000000a8c00000, 0x00000000a8c00000|100%| O|  |TAMS 0x00000000a8c00000, 0x00000000a8b00000| Untracked 
| 140|0x00000000a8c00000, 0x00000000a8d00000, 0x00000000a8d00000|100%| O|  |TAMS 0x00000000a8d00000, 0x00000000a8c00000| Untracked 
| 141|0x00000000a8d00000, 0x00000000a8e00000, 0x00000000a8e00000|100%| O|  |TAMS 0x00000000a8e00000, 0x00000000a8d00000| Untracked 
| 142|0x00000000a8e00000, 0x00000000a8f00000, 0x00000000a8f00000|100%| O|  |TAMS 0x00000000a8f00000, 0x00000000a8e00000| Untracked 
| 143|0x00000000a8f00000, 0x00000000a9000000, 0x00000000a9000000|100%| O|  |TAMS 0x00000000a9000000, 0x00000000a8f00000| Untracked 
| 144|0x00000000a9000000, 0x00000000a9100000, 0x00000000a9100000|100%| O|  |TAMS 0x00000000a9100000, 0x00000000a9000000| Untracked 
| 145|0x00000000a9100000, 0x00000000a9200000, 0x00000000a9200000|100%| O|  |TAMS 0x00000000a9200000, 0x00000000a9100000| Untracked 
| 146|0x00000000a9200000, 0x00000000a9300000, 0x00000000a9300000|100%| O|  |TAMS 0x00000000a9300000, 0x00000000a9200000| Untracked 
| 147|0x00000000a9300000, 0x00000000a9400000, 0x00000000a9400000|100%| O|  |TAMS 0x00000000a9400000, 0x00000000a9300000| Untracked 
| 148|0x00000000a9400000, 0x00000000a9500000, 0x00000000a9500000|100%| O|  |TAMS 0x00000000a9500000, 0x00000000a9400000| Untracked 
| 149|0x00000000a9500000, 0x00000000a9600000, 0x00000000a9600000|100%| O|  |TAMS 0x00000000a9600000, 0x00000000a9500000| Untracked 
| 150|0x00000000a9600000, 0x00000000a9700000, 0x00000000a9700000|100%| O|  |TAMS 0x00000000a9700000, 0x00000000a9600000| Untracked 
| 151|0x00000000a9700000, 0x00000000a9800000, 0x00000000a9800000|100%| O|  |TAMS 0x00000000a9800000, 0x00000000a9700000| Untracked 
| 152|0x00000000a9800000, 0x00000000a9900000, 0x00000000a9900000|100%| O|  |TAMS 0x00000000a9900000, 0x00000000a9800000| Untracked 
| 153|0x00000000a9900000, 0x00000000a9a00000, 0x00000000a9a00000|100%| O|  |TAMS 0x00000000a9a00000, 0x00000000a9900000| Untracked 
| 154|0x00000000a9a00000, 0x00000000a9b00000, 0x00000000a9b00000|100%| O|  |TAMS 0x00000000a9b00000, 0x00000000a9a00000| Untracked 
| 155|0x00000000a9b00000, 0x00000000a9c00000, 0x00000000a9c00000|100%| O|  |TAMS 0x00000000a9c00000, 0x00000000a9b00000| Untracked 
| 156|0x00000000a9c00000, 0x00000000a9d00000, 0x00000000a9d00000|100%| O|  |TAMS 0x00000000a9d00000, 0x00000000a9c00000| Untracked 
| 157|0x00000000a9d00000, 0x00000000a9d00000, 0x00000000a9e00000|  0%| F|  |TAMS 0x00000000a9d00000, 0x00000000a9d00000| Untracked 
| 158|0x00000000a9e00000, 0x00000000a9f00000, 0x00000000a9f00000|100%| O|  |TAMS 0x00000000a9f00000, 0x00000000a9e00000| Untracked 
| 159|0x00000000a9f00000, 0x00000000aa000000, 0x00000000aa000000|100%| O|  |TAMS 0x00000000aa000000, 0x00000000a9f00000| Untracked 
| 160|0x00000000aa000000, 0x00000000aa100000, 0x00000000aa100000|100%| O|  |TAMS 0x00000000aa100000, 0x00000000aa000000| Untracked 
| 161|0x00000000aa100000, 0x00000000aa200000, 0x00000000aa200000|100%| O|  |TAMS 0x00000000aa200000, 0x00000000aa100000| Untracked 
| 162|0x00000000aa200000, 0x00000000aa300000, 0x00000000aa300000|100%| O|  |TAMS 0x00000000aa300000, 0x00000000aa200000| Untracked 
| 163|0x00000000aa300000, 0x00000000aa400000, 0x00000000aa400000|100%| O|  |TAMS 0x00000000aa400000, 0x00000000aa300000| Untracked 
| 164|0x00000000aa400000, 0x00000000aa500000, 0x00000000aa500000|100%| O|  |TAMS 0x00000000aa500000, 0x00000000aa400000| Untracked 
| 165|0x00000000aa500000, 0x00000000aa600000, 0x00000000aa600000|100%| O|  |TAMS 0x00000000aa600000, 0x00000000aa500000| Untracked 
| 166|0x00000000aa600000, 0x00000000aa700000, 0x00000000aa700000|100%|HS|  |TAMS 0x00000000aa700000, 0x00000000aa600000| Complete 
| 167|0x00000000aa700000, 0x00000000aa800000, 0x00000000aa800000|100%| O|  |TAMS 0x00000000aa800000, 0x00000000aa700000| Untracked 
| 168|0x00000000aa800000, 0x00000000aa900000, 0x00000000aa900000|100%| O|  |TAMS 0x00000000aa900000, 0x00000000aa800000| Untracked 
| 169|0x00000000aa900000, 0x00000000aaa00000, 0x00000000aaa00000|100%| O|  |TAMS 0x00000000aaa00000, 0x00000000aa900000| Untracked 
| 170|0x00000000aaa00000, 0x00000000aab00000, 0x00000000aab00000|100%| O|  |TAMS 0x00000000aab00000, 0x00000000aaa00000| Untracked 
| 171|0x00000000aab00000, 0x00000000aac00000, 0x00000000aac00000|100%| O|  |TAMS 0x00000000aac00000, 0x00000000aab00000| Untracked 
| 172|0x00000000aac00000, 0x00000000aad00000, 0x00000000aad00000|100%| O|  |TAMS 0x00000000aad00000, 0x00000000aac00000| Untracked 
| 173|0x00000000aad00000, 0x00000000aad00000, 0x00000000aae00000|  0%| F|  |TAMS 0x00000000aad00000, 0x00000000aad00000| Untracked 
| 174|0x00000000aae00000, 0x00000000aaf00000, 0x00000000aaf00000|100%| O|  |TAMS 0x00000000aaf00000, 0x00000000aae00000| Untracked 
| 175|0x00000000aaf00000, 0x00000000ab000000, 0x00000000ab000000|100%| O|  |TAMS 0x00000000ab000000, 0x00000000aaf00000| Untracked 
| 176|0x00000000ab000000, 0x00000000ab100000, 0x00000000ab100000|100%| O|  |TAMS 0x00000000ab100000, 0x00000000ab000000| Untracked 
| 177|0x00000000ab100000, 0x00000000ab200000, 0x00000000ab200000|100%| O|  |TAMS 0x00000000ab200000, 0x00000000ab100000| Untracked 
| 178|0x00000000ab200000, 0x00000000ab300000, 0x00000000ab300000|100%| O|  |TAMS 0x00000000ab300000, 0x00000000ab200000| Untracked 
| 179|0x00000000ab300000, 0x00000000ab400000, 0x00000000ab400000|100%| O|  |TAMS 0x00000000ab400000, 0x00000000ab300000| Untracked 
| 180|0x00000000ab400000, 0x00000000ab500000, 0x00000000ab500000|100%| O|  |TAMS 0x00000000ab500000, 0x00000000ab400000| Untracked 
| 181|0x00000000ab500000, 0x00000000ab600000, 0x00000000ab600000|100%| O|  |TAMS 0x00000000ab600000, 0x00000000ab500000| Untracked 
| 182|0x00000000ab600000, 0x00000000ab700000, 0x00000000ab700000|100%| O|  |TAMS 0x00000000ab700000, 0x00000000ab600000| Untracked 
| 183|0x00000000ab700000, 0x00000000ab700000, 0x00000000ab800000|  0%| F|  |TAMS 0x00000000ab700000, 0x00000000ab700000| Untracked 
| 184|0x00000000ab800000, 0x00000000ab900000, 0x00000000ab900000|100%| O|  |TAMS 0x00000000ab900000, 0x00000000ab800000| Untracked 
| 185|0x00000000ab900000, 0x00000000aba00000, 0x00000000aba00000|100%| O|  |TAMS 0x00000000aba00000, 0x00000000ab900000| Untracked 
| 186|0x00000000aba00000, 0x00000000abb00000, 0x00000000abb00000|100%| O|  |TAMS 0x00000000abb00000, 0x00000000aba00000| Untracked 
| 187|0x00000000abb00000, 0x00000000abc00000, 0x00000000abc00000|100%| O|  |TAMS 0x00000000abc00000, 0x00000000abb00000| Untracked 
| 188|0x00000000abc00000, 0x00000000abd00000, 0x00000000abd00000|100%| O|  |TAMS 0x00000000abd00000, 0x00000000abc00000| Untracked 
| 189|0x00000000abd00000, 0x00000000abe00000, 0x00000000abe00000|100%| O|  |TAMS 0x00000000abe00000, 0x00000000abd00000| Untracked 
| 190|0x00000000abe00000, 0x00000000abf00000, 0x00000000abf00000|100%| O|  |TAMS 0x00000000abf00000, 0x00000000abe00000| Untracked 
| 191|0x00000000abf00000, 0x00000000ac000000, 0x00000000ac000000|100%| O|  |TAMS 0x00000000ac000000, 0x00000000abf00000| Untracked 
| 192|0x00000000ac000000, 0x00000000ac100000, 0x00000000ac100000|100%| O|  |TAMS 0x00000000ac100000, 0x00000000ac000000| Untracked 
| 193|0x00000000ac100000, 0x00000000ac100000, 0x00000000ac200000|  0%| F|  |TAMS 0x00000000ac100000, 0x00000000ac100000| Untracked 
| 194|0x00000000ac200000, 0x00000000ac300000, 0x00000000ac300000|100%| O|  |TAMS 0x00000000ac300000, 0x00000000ac200000| Untracked 
| 195|0x00000000ac300000, 0x00000000ac400000, 0x00000000ac400000|100%| O|  |TAMS 0x00000000ac400000, 0x00000000ac300000| Untracked 
| 196|0x00000000ac400000, 0x00000000ac500000, 0x00000000ac500000|100%| O|  |TAMS 0x00000000ac500000, 0x00000000ac400000| Untracked 
| 197|0x00000000ac500000, 0x00000000ac600000, 0x00000000ac600000|100%| O|  |TAMS 0x00000000ac600000, 0x00000000ac500000| Untracked 
| 198|0x00000000ac600000, 0x00000000ac700000, 0x00000000ac700000|100%| O|  |TAMS 0x00000000ac700000, 0x00000000ac600000| Untracked 
| 199|0x00000000ac700000, 0x00000000ac800000, 0x00000000ac800000|100%| O|  |TAMS 0x00000000ac800000, 0x00000000ac700000| Untracked 
| 200|0x00000000ac800000, 0x00000000ac800000, 0x00000000ac900000|  0%| F|  |TAMS 0x00000000ac800000, 0x00000000ac800000| Untracked 
| 201|0x00000000ac900000, 0x00000000aca00000, 0x00000000aca00000|100%| O|  |TAMS 0x00000000aca00000, 0x00000000ac900000| Untracked 
| 202|0x00000000aca00000, 0x00000000acb00000, 0x00000000acb00000|100%| O|  |TAMS 0x00000000acb00000, 0x00000000aca00000| Untracked 
| 203|0x00000000acb00000, 0x00000000acc00000, 0x00000000acc00000|100%| O|  |TAMS 0x00000000acc00000, 0x00000000acb00000| Untracked 
| 204|0x00000000acc00000, 0x00000000acd00000, 0x00000000acd00000|100%| O|  |TAMS 0x00000000acd00000, 0x00000000acc00000| Untracked 
| 205|0x00000000acd00000, 0x00000000ace00000, 0x00000000ace00000|100%| O|  |TAMS 0x00000000ace00000, 0x00000000acd00000| Untracked 
| 206|0x00000000ace00000, 0x00000000acf00000, 0x00000000acf00000|100%| O|  |TAMS 0x00000000acf00000, 0x00000000ace00000| Untracked 
| 207|0x00000000acf00000, 0x00000000ad000000, 0x00000000ad000000|100%| O|  |TAMS 0x00000000ad000000, 0x00000000acf00000| Untracked 
| 208|0x00000000ad000000, 0x00000000ad100000, 0x00000000ad100000|100%| O|  |TAMS 0x00000000ad100000, 0x00000000ad000000| Untracked 
| 209|0x00000000ad100000, 0x00000000ad200000, 0x00000000ad200000|100%| O|  |TAMS 0x00000000ad200000, 0x00000000ad100000| Untracked 
| 210|0x00000000ad200000, 0x00000000ad300000, 0x00000000ad300000|100%| O|  |TAMS 0x00000000ad300000, 0x00000000ad200000| Untracked 
| 211|0x00000000ad300000, 0x00000000ad400000, 0x00000000ad400000|100%| O|  |TAMS 0x00000000ad400000, 0x00000000ad300000| Untracked 
| 212|0x00000000ad400000, 0x00000000ad500000, 0x00000000ad500000|100%| O|  |TAMS 0x00000000ad500000, 0x00000000ad400000| Untracked 
| 213|0x00000000ad500000, 0x00000000ad600000, 0x00000000ad600000|100%| O|  |TAMS 0x00000000ad600000, 0x00000000ad500000| Untracked 
| 214|0x00000000ad600000, 0x00000000ad700000, 0x00000000ad700000|100%| O|  |TAMS 0x00000000ad700000, 0x00000000ad600000| Untracked 
| 215|0x00000000ad700000, 0x00000000ad800000, 0x00000000ad800000|100%| O|  |TAMS 0x00000000ad800000, 0x00000000ad700000| Untracked 
| 216|0x00000000ad800000, 0x00000000ad900000, 0x00000000ad900000|100%| O|  |TAMS 0x00000000ad900000, 0x00000000ad800000| Untracked 
| 217|0x00000000ad900000, 0x00000000ada00000, 0x00000000ada00000|100%| O|  |TAMS 0x00000000ada00000, 0x00000000ad900000| Untracked 
| 218|0x00000000ada00000, 0x00000000adb00000, 0x00000000adb00000|100%| O|  |TAMS 0x00000000adb00000, 0x00000000ada00000| Untracked 
| 219|0x00000000adb00000, 0x00000000adc00000, 0x00000000adc00000|100%| O|  |TAMS 0x00000000adc00000, 0x00000000adb00000| Untracked 
| 220|0x00000000adc00000, 0x00000000add00000, 0x00000000add00000|100%| O|  |TAMS 0x00000000add00000, 0x00000000adc00000| Untracked 
| 221|0x00000000add00000, 0x00000000ade00000, 0x00000000ade00000|100%| O|  |TAMS 0x00000000ade00000, 0x00000000add00000| Untracked 
| 222|0x00000000ade00000, 0x00000000adf00000, 0x00000000adf00000|100%| O|  |TAMS 0x00000000adf00000, 0x00000000ade00000| Untracked 
| 223|0x00000000adf00000, 0x00000000ae000000, 0x00000000ae000000|100%| O|  |TAMS 0x00000000ae000000, 0x00000000adf00000| Untracked 
| 224|0x00000000ae000000, 0x00000000ae100000, 0x00000000ae100000|100%| O|  |TAMS 0x00000000ae100000, 0x00000000ae000000| Untracked 
| 225|0x00000000ae100000, 0x00000000ae200000, 0x00000000ae200000|100%| O|  |TAMS 0x00000000ae200000, 0x00000000ae100000| Untracked 
| 226|0x00000000ae200000, 0x00000000ae300000, 0x00000000ae300000|100%| O|  |TAMS 0x00000000ae300000, 0x00000000ae200000| Untracked 
| 227|0x00000000ae300000, 0x00000000ae400000, 0x00000000ae400000|100%| O|  |TAMS 0x00000000ae400000, 0x00000000ae300000| Untracked 
| 228|0x00000000ae400000, 0x00000000ae500000, 0x00000000ae500000|100%| O|  |TAMS 0x00000000ae500000, 0x00000000ae400000| Untracked 
| 229|0x00000000ae500000, 0x00000000ae500000, 0x00000000ae600000|  0%| F|  |TAMS 0x00000000ae500000, 0x00000000ae500000| Untracked 
| 230|0x00000000ae600000, 0x00000000ae700000, 0x00000000ae700000|100%| O|  |TAMS 0x00000000ae700000, 0x00000000ae600000| Untracked 
| 231|0x00000000ae700000, 0x00000000ae800000, 0x00000000ae800000|100%| O|  |TAMS 0x00000000ae800000, 0x00000000ae700000| Untracked 
| 232|0x00000000ae800000, 0x00000000ae900000, 0x00000000ae900000|100%| O|  |TAMS 0x00000000ae900000, 0x00000000ae800000| Untracked 
| 233|0x00000000ae900000, 0x00000000aea00000, 0x00000000aea00000|100%| O|  |TAMS 0x00000000aea00000, 0x00000000ae900000| Untracked 
| 234|0x00000000aea00000, 0x00000000aeb00000, 0x00000000aeb00000|100%| O|  |TAMS 0x00000000aeb00000, 0x00000000aea00000| Untracked 
| 235|0x00000000aeb00000, 0x00000000aec00000, 0x00000000aec00000|100%| O|  |TAMS 0x00000000aec00000, 0x00000000aeb00000| Untracked 
| 236|0x00000000aec00000, 0x00000000aed00000, 0x00000000aed00000|100%| O|  |TAMS 0x00000000aed00000, 0x00000000aec00000| Untracked 
| 237|0x00000000aed00000, 0x00000000aee00000, 0x00000000aee00000|100%| O|  |TAMS 0x00000000aee00000, 0x00000000aed00000| Untracked 
| 238|0x00000000aee00000, 0x00000000aef00000, 0x00000000aef00000|100%| O|  |TAMS 0x00000000aef00000, 0x00000000aee00000| Untracked 
| 239|0x00000000aef00000, 0x00000000af000000, 0x00000000af000000|100%| O|  |TAMS 0x00000000af000000, 0x00000000aef00000| Untracked 
| 240|0x00000000af000000, 0x00000000af100000, 0x00000000af100000|100%| O|  |TAMS 0x00000000af100000, 0x00000000af000000| Untracked 
| 241|0x00000000af100000, 0x00000000af200000, 0x00000000af200000|100%| O|  |TAMS 0x00000000af1b1a00, 0x00000000af100000| Untracked 
| 242|0x00000000af200000, 0x00000000af300000, 0x00000000af300000|100%| O|  |TAMS 0x00000000af200000, 0x00000000af200000| Untracked 
| 243|0x00000000af300000, 0x00000000af400000, 0x00000000af400000|100%| O|  |TAMS 0x00000000af300000, 0x00000000af300000| Untracked 
| 244|0x00000000af400000, 0x00000000af500000, 0x00000000af500000|100%| O|  |TAMS 0x00000000af400000, 0x00000000af400000| Untracked 
| 245|0x00000000af500000, 0x00000000af600000, 0x00000000af600000|100%| O|  |TAMS 0x00000000af500000, 0x00000000af500000| Untracked 
| 246|0x00000000af600000, 0x00000000af700000, 0x00000000af700000|100%| O|  |TAMS 0x00000000af600000, 0x00000000af600000| Untracked 
| 247|0x00000000af700000, 0x00000000af800000, 0x00000000af800000|100%| O|  |TAMS 0x00000000af700000, 0x00000000af700000| Untracked 
| 248|0x00000000af800000, 0x00000000af900000, 0x00000000af900000|100%| O|  |TAMS 0x00000000af800000, 0x00000000af800000| Untracked 
| 249|0x00000000af900000, 0x00000000afa00000, 0x00000000afa00000|100%| O|  |TAMS 0x00000000af900000, 0x00000000af900000| Untracked 
| 250|0x00000000afa00000, 0x00000000afb00000, 0x00000000afb00000|100%| O|  |TAMS 0x00000000afa00000, 0x00000000afa00000| Untracked 
| 251|0x00000000afb00000, 0x00000000afc00000, 0x00000000afc00000|100%| O|  |TAMS 0x00000000afb00000, 0x00000000afb00000| Untracked 
| 252|0x00000000afc00000, 0x00000000afd00000, 0x00000000afd00000|100%| O|  |TAMS 0x00000000afc00000, 0x00000000afc00000| Untracked 
| 253|0x00000000afd00000, 0x00000000afe00000, 0x00000000afe00000|100%| O|  |TAMS 0x00000000afd00000, 0x00000000afd00000| Untracked 
| 254|0x00000000afe00000, 0x00000000aff00000, 0x00000000aff00000|100%| O|  |TAMS 0x00000000afe00000, 0x00000000afe00000| Untracked 
| 255|0x00000000aff00000, 0x00000000b0000000, 0x00000000b0000000|100%| O|  |TAMS 0x00000000aff00000, 0x00000000aff00000| Untracked 
| 256|0x00000000b0000000, 0x00000000b0100000, 0x00000000b0100000|100%| O|  |TAMS 0x00000000b0000000, 0x00000000b0000000| Untracked 
| 257|0x00000000b0100000, 0x00000000b0200000, 0x00000000b0200000|100%| O|  |TAMS 0x00000000b0100000, 0x00000000b0100000| Untracked 
| 258|0x00000000b0200000, 0x00000000b0300000, 0x00000000b0300000|100%| O|  |TAMS 0x00000000b0200000, 0x00000000b0200000| Untracked 
| 259|0x00000000b0300000, 0x00000000b0400000, 0x00000000b0400000|100%| O|  |TAMS 0x00000000b0300000, 0x00000000b0300000| Untracked 
| 260|0x00000000b0400000, 0x00000000b0500000, 0x00000000b0500000|100%| O|  |TAMS 0x00000000b0400000, 0x00000000b0400000| Untracked 
| 261|0x00000000b0500000, 0x00000000b0600000, 0x00000000b0600000|100%| O|  |TAMS 0x00000000b0500000, 0x00000000b0500000| Untracked 
| 262|0x00000000b0600000, 0x00000000b0700000, 0x00000000b0700000|100%| O|  |TAMS 0x00000000b0600000, 0x00000000b0600000| Untracked 
| 263|0x00000000b0700000, 0x00000000b0800000, 0x00000000b0800000|100%| O|  |TAMS 0x00000000b0700000, 0x00000000b0700000| Untracked 
| 264|0x00000000b0800000, 0x00000000b0900000, 0x00000000b0900000|100%| O|  |TAMS 0x00000000b0800000, 0x00000000b0800000| Untracked 
| 265|0x00000000b0900000, 0x00000000b0a00000, 0x00000000b0a00000|100%| O|  |TAMS 0x00000000b0900000, 0x00000000b0900000| Untracked 
| 266|0x00000000b0a00000, 0x00000000b0b00000, 0x00000000b0b00000|100%| O|  |TAMS 0x00000000b0a00000, 0x00000000b0a00000| Untracked 
| 267|0x00000000b0b00000, 0x00000000b0c00000, 0x00000000b0c00000|100%| O|  |TAMS 0x00000000b0b00000, 0x00000000b0b00000| Untracked 
| 268|0x00000000b0c00000, 0x00000000b0d00000, 0x00000000b0d00000|100%| O|  |TAMS 0x00000000b0c00000, 0x00000000b0c00000| Untracked 
| 269|0x00000000b0d00000, 0x00000000b0e00000, 0x00000000b0e00000|100%| O|  |TAMS 0x00000000b0d00000, 0x00000000b0d00000| Untracked 
| 270|0x00000000b0e00000, 0x00000000b0f00000, 0x00000000b0f00000|100%| O|  |TAMS 0x00000000b0e00000, 0x00000000b0e00000| Untracked 
| 271|0x00000000b0f00000, 0x00000000b1000000, 0x00000000b1000000|100%| O|  |TAMS 0x00000000b0f00000, 0x00000000b0f00000| Untracked 
| 272|0x00000000b1000000, 0x00000000b1100000, 0x00000000b1100000|100%| O|  |TAMS 0x00000000b1000000, 0x00000000b1000000| Untracked 
| 273|0x00000000b1100000, 0x00000000b1200000, 0x00000000b1200000|100%| O|  |TAMS 0x00000000b1100000, 0x00000000b1100000| Untracked 
| 274|0x00000000b1200000, 0x00000000b1300000, 0x00000000b1300000|100%| O|  |TAMS 0x00000000b1200000, 0x00000000b1200000| Untracked 
| 275|0x00000000b1300000, 0x00000000b1400000, 0x00000000b1400000|100%| O|  |TAMS 0x00000000b1300000, 0x00000000b1300000| Untracked 
| 276|0x00000000b1400000, 0x00000000b1500000, 0x00000000b1500000|100%| O|  |TAMS 0x00000000b1400000, 0x00000000b1400000| Untracked 
| 277|0x00000000b1500000, 0x00000000b15d8800, 0x00000000b1600000| 84%| O|  |TAMS 0x00000000b1500000, 0x00000000b1500000| Untracked 
| 278|0x00000000b1600000, 0x00000000b1700000, 0x00000000b1700000|100%|HS|  |TAMS 0x00000000b1600000, 0x00000000b1600000| Complete 
| 279|0x00000000b1700000, 0x00000000b1800000, 0x00000000b1800000|100%|HC|  |TAMS 0x00000000b1700000, 0x00000000b1700000| Complete 
| 280|0x00000000b1800000, 0x00000000b1900000, 0x00000000b1900000|100%|HS|  |TAMS 0x00000000b1800000, 0x00000000b1800000| Complete 
| 281|0x00000000b1900000, 0x00000000b1a00000, 0x00000000b1a00000|100%|HC|  |TAMS 0x00000000b1900000, 0x00000000b1900000| Complete 
| 282|0x00000000b1a00000, 0x00000000b1a00000, 0x00000000b1b00000|  0%| F|  |TAMS 0x00000000b1a00000, 0x00000000b1a00000| Untracked 
| 283|0x00000000b1b00000, 0x00000000b1b00000, 0x00000000b1c00000|  0%| F|  |TAMS 0x00000000b1b00000, 0x00000000b1b00000| Untracked 
| 284|0x00000000b1c00000, 0x00000000b1c00000, 0x00000000b1d00000|  0%| F|  |TAMS 0x00000000b1c00000, 0x00000000b1c00000| Untracked 
| 285|0x00000000b1d00000, 0x00000000b1d00000, 0x00000000b1e00000|  0%| F|  |TAMS 0x00000000b1d00000, 0x00000000b1d00000| Untracked 
| 286|0x00000000b1e00000, 0x00000000b1e00000, 0x00000000b1f00000|  0%| F|  |TAMS 0x00000000b1e00000, 0x00000000b1e00000| Untracked 
| 287|0x00000000b1f00000, 0x00000000b1f00000, 0x00000000b2000000|  0%| F|  |TAMS 0x00000000b1f00000, 0x00000000b1f00000| Untracked 
| 288|0x00000000b2000000, 0x00000000b2000000, 0x00000000b2100000|  0%| F|  |TAMS 0x00000000b2000000, 0x00000000b2000000| Untracked 
| 289|0x00000000b2100000, 0x00000000b2100000, 0x00000000b2200000|  0%| F|  |TAMS 0x00000000b2100000, 0x00000000b2100000| Untracked 
| 290|0x00000000b2200000, 0x00000000b2200000, 0x00000000b2300000|  0%| F|  |TAMS 0x00000000b2200000, 0x00000000b2200000| Untracked 
| 291|0x00000000b2300000, 0x00000000b2300000, 0x00000000b2400000|  0%| F|  |TAMS 0x00000000b2300000, 0x00000000b2300000| Untracked 
| 292|0x00000000b2400000, 0x00000000b2400000, 0x00000000b2500000|  0%| F|  |TAMS 0x00000000b2400000, 0x00000000b2400000| Untracked 
| 293|0x00000000b2500000, 0x00000000b2500000, 0x00000000b2600000|  0%| F|  |TAMS 0x00000000b2500000, 0x00000000b2500000| Untracked 
| 294|0x00000000b2600000, 0x00000000b2600000, 0x00000000b2700000|  0%| F|  |TAMS 0x00000000b2600000, 0x00000000b2600000| Untracked 
| 295|0x00000000b2700000, 0x00000000b2700000, 0x00000000b2800000|  0%| F|  |TAMS 0x00000000b2700000, 0x00000000b2700000| Untracked 
| 296|0x00000000b2800000, 0x00000000b2800000, 0x00000000b2900000|  0%| F|  |TAMS 0x00000000b2800000, 0x00000000b2800000| Untracked 
| 297|0x00000000b2900000, 0x00000000b2900000, 0x00000000b2a00000|  0%| F|  |TAMS 0x00000000b2900000, 0x00000000b2900000| Untracked 
| 298|0x00000000b2a00000, 0x00000000b2a00000, 0x00000000b2b00000|  0%| F|  |TAMS 0x00000000b2a00000, 0x00000000b2a00000| Untracked 
| 299|0x00000000b2b00000, 0x00000000b2b00000, 0x00000000b2c00000|  0%| F|  |TAMS 0x00000000b2b00000, 0x00000000b2b00000| Untracked 
| 300|0x00000000b2c00000, 0x00000000b2c00000, 0x00000000b2d00000|  0%| F|  |TAMS 0x00000000b2c00000, 0x00000000b2c00000| Untracked 
| 301|0x00000000b2d00000, 0x00000000b2d00000, 0x00000000b2e00000|  0%| F|  |TAMS 0x00000000b2d00000, 0x00000000b2d00000| Untracked 
| 302|0x00000000b2e00000, 0x00000000b2e00000, 0x00000000b2f00000|  0%| F|  |TAMS 0x00000000b2e00000, 0x00000000b2e00000| Untracked 
| 303|0x00000000b2f00000, 0x00000000b2f00000, 0x00000000b3000000|  0%| F|  |TAMS 0x00000000b2f00000, 0x00000000b2f00000| Untracked 
| 304|0x00000000b3000000, 0x00000000b3000000, 0x00000000b3100000|  0%| F|  |TAMS 0x00000000b3000000, 0x00000000b3000000| Untracked 
| 305|0x00000000b3100000, 0x00000000b3100000, 0x00000000b3200000|  0%| F|  |TAMS 0x00000000b3100000, 0x00000000b3100000| Untracked 
| 306|0x00000000b3200000, 0x00000000b3200000, 0x00000000b3300000|  0%| F|  |TAMS 0x00000000b3200000, 0x00000000b3200000| Untracked 
| 307|0x00000000b3300000, 0x00000000b3300000, 0x00000000b3400000|  0%| F|  |TAMS 0x00000000b3300000, 0x00000000b3300000| Untracked 
| 308|0x00000000b3400000, 0x00000000b3400000, 0x00000000b3500000|  0%| F|  |TAMS 0x00000000b3400000, 0x00000000b3400000| Untracked 
| 309|0x00000000b3500000, 0x00000000b3500000, 0x00000000b3600000|  0%| F|  |TAMS 0x00000000b3500000, 0x00000000b3500000| Untracked 
| 310|0x00000000b3600000, 0x00000000b3600000, 0x00000000b3700000|  0%| F|  |TAMS 0x00000000b3600000, 0x00000000b3600000| Untracked 
| 311|0x00000000b3700000, 0x00000000b3700000, 0x00000000b3800000|  0%| F|  |TAMS 0x00000000b3700000, 0x00000000b3700000| Untracked 
| 312|0x00000000b3800000, 0x00000000b3800000, 0x00000000b3900000|  0%| F|  |TAMS 0x00000000b3800000, 0x00000000b3800000| Untracked 
| 313|0x00000000b3900000, 0x00000000b3900000, 0x00000000b3a00000|  0%| F|  |TAMS 0x00000000b3900000, 0x00000000b3900000| Untracked 
| 314|0x00000000b3a00000, 0x00000000b3a00000, 0x00000000b3b00000|  0%| F|  |TAMS 0x00000000b3a00000, 0x00000000b3a00000| Untracked 
| 315|0x00000000b3b00000, 0x00000000b3b00000, 0x00000000b3c00000|  0%| F|  |TAMS 0x00000000b3b00000, 0x00000000b3b00000| Untracked 
| 316|0x00000000b3c00000, 0x00000000b3c00000, 0x00000000b3d00000|  0%| F|  |TAMS 0x00000000b3c00000, 0x00000000b3c00000| Untracked 
| 317|0x00000000b3d00000, 0x00000000b3d00000, 0x00000000b3e00000|  0%| F|  |TAMS 0x00000000b3d00000, 0x00000000b3d00000| Untracked 
| 318|0x00000000b3e00000, 0x00000000b3e00000, 0x00000000b3f00000|  0%| F|  |TAMS 0x00000000b3e00000, 0x00000000b3e00000| Untracked 
| 319|0x00000000b3f00000, 0x00000000b3f00000, 0x00000000b4000000|  0%| F|  |TAMS 0x00000000b3f00000, 0x00000000b3f00000| Untracked 
| 320|0x00000000b4000000, 0x00000000b4000000, 0x00000000b4100000|  0%| F|  |TAMS 0x00000000b4000000, 0x00000000b4000000| Untracked 
| 321|0x00000000b4100000, 0x00000000b4100000, 0x00000000b4200000|  0%| F|  |TAMS 0x00000000b4100000, 0x00000000b4100000| Untracked 
| 322|0x00000000b4200000, 0x00000000b4200000, 0x00000000b4300000|  0%| F|  |TAMS 0x00000000b4200000, 0x00000000b4200000| Untracked 
| 323|0x00000000b4300000, 0x00000000b4300000, 0x00000000b4400000|  0%| F|  |TAMS 0x00000000b4300000, 0x00000000b4300000| Untracked 
| 324|0x00000000b4400000, 0x00000000b4400000, 0x00000000b4500000|  0%| F|  |TAMS 0x00000000b4400000, 0x00000000b4400000| Untracked 
| 325|0x00000000b4500000, 0x00000000b4500000, 0x00000000b4600000|  0%| F|  |TAMS 0x00000000b4500000, 0x00000000b4500000| Untracked 
| 326|0x00000000b4600000, 0x00000000b4600000, 0x00000000b4700000|  0%| F|  |TAMS 0x00000000b4600000, 0x00000000b4600000| Untracked 
| 327|0x00000000b4700000, 0x00000000b4700000, 0x00000000b4800000|  0%| F|  |TAMS 0x00000000b4700000, 0x00000000b4700000| Untracked 
| 328|0x00000000b4800000, 0x00000000b4800000, 0x00000000b4900000|  0%| F|  |TAMS 0x00000000b4800000, 0x00000000b4800000| Untracked 
| 329|0x00000000b4900000, 0x00000000b4900000, 0x00000000b4a00000|  0%| F|  |TAMS 0x00000000b4900000, 0x00000000b4900000| Untracked 
| 330|0x00000000b4a00000, 0x00000000b4a00000, 0x00000000b4b00000|  0%| F|  |TAMS 0x00000000b4a00000, 0x00000000b4a00000| Untracked 
| 331|0x00000000b4b00000, 0x00000000b4b00000, 0x00000000b4c00000|  0%| F|  |TAMS 0x00000000b4b00000, 0x00000000b4b00000| Untracked 
| 332|0x00000000b4c00000, 0x00000000b4c00000, 0x00000000b4d00000|  0%| F|  |TAMS 0x00000000b4c00000, 0x00000000b4c00000| Untracked 
| 333|0x00000000b4d00000, 0x00000000b4d00000, 0x00000000b4e00000|  0%| F|  |TAMS 0x00000000b4d00000, 0x00000000b4d00000| Untracked 
| 334|0x00000000b4e00000, 0x00000000b4e00000, 0x00000000b4f00000|  0%| F|  |TAMS 0x00000000b4e00000, 0x00000000b4e00000| Untracked 
| 335|0x00000000b4f00000, 0x00000000b4f00000, 0x00000000b5000000|  0%| F|  |TAMS 0x00000000b4f00000, 0x00000000b4f00000| Untracked 
| 336|0x00000000b5000000, 0x00000000b5000000, 0x00000000b5100000|  0%| F|  |TAMS 0x00000000b5000000, 0x00000000b5000000| Untracked 
| 337|0x00000000b5100000, 0x00000000b5100000, 0x00000000b5200000|  0%| F|  |TAMS 0x00000000b5100000, 0x00000000b5100000| Untracked 
| 338|0x00000000b5200000, 0x00000000b5200000, 0x00000000b5300000|  0%| F|  |TAMS 0x00000000b5200000, 0x00000000b5200000| Untracked 
| 339|0x00000000b5300000, 0x00000000b5300000, 0x00000000b5400000|  0%| F|  |TAMS 0x00000000b5300000, 0x00000000b5300000| Untracked 
| 340|0x00000000b5400000, 0x00000000b5400000, 0x00000000b5500000|  0%| F|  |TAMS 0x00000000b5400000, 0x00000000b5400000| Untracked 
| 341|0x00000000b5500000, 0x00000000b5500000, 0x00000000b5600000|  0%| F|  |TAMS 0x00000000b5500000, 0x00000000b5500000| Untracked 
| 342|0x00000000b5600000, 0x00000000b5600000, 0x00000000b5700000|  0%| F|  |TAMS 0x00000000b5600000, 0x00000000b5600000| Untracked 
| 343|0x00000000b5700000, 0x00000000b5700000, 0x00000000b5800000|  0%| F|  |TAMS 0x00000000b5700000, 0x00000000b5700000| Untracked 
| 344|0x00000000b5800000, 0x00000000b5800000, 0x00000000b5900000|  0%| F|  |TAMS 0x00000000b5800000, 0x00000000b5800000| Untracked 
| 345|0x00000000b5900000, 0x00000000b5900000, 0x00000000b5a00000|  0%| F|  |TAMS 0x00000000b5900000, 0x00000000b5900000| Untracked 
| 346|0x00000000b5a00000, 0x00000000b5a00000, 0x00000000b5b00000|  0%| F|  |TAMS 0x00000000b5a00000, 0x00000000b5a00000| Untracked 
| 347|0x00000000b5b00000, 0x00000000b5b00000, 0x00000000b5c00000|  0%| F|  |TAMS 0x00000000b5b00000, 0x00000000b5b00000| Untracked 
| 348|0x00000000b5c00000, 0x00000000b5c00000, 0x00000000b5d00000|  0%| F|  |TAMS 0x00000000b5c00000, 0x00000000b5c00000| Untracked 
| 349|0x00000000b5d00000, 0x00000000b5d00000, 0x00000000b5e00000|  0%| F|  |TAMS 0x00000000b5d00000, 0x00000000b5d00000| Untracked 
| 350|0x00000000b5e00000, 0x00000000b5e00000, 0x00000000b5f00000|  0%| F|  |TAMS 0x00000000b5e00000, 0x00000000b5e00000| Untracked 
| 351|0x00000000b5f00000, 0x00000000b5f00000, 0x00000000b6000000|  0%| F|  |TAMS 0x00000000b5f00000, 0x00000000b5f00000| Untracked 
| 352|0x00000000b6000000, 0x00000000b6000000, 0x00000000b6100000|  0%| F|  |TAMS 0x00000000b6000000, 0x00000000b6000000| Untracked 
| 353|0x00000000b6100000, 0x00000000b6100000, 0x00000000b6200000|  0%| F|  |TAMS 0x00000000b6100000, 0x00000000b6100000| Untracked 
| 354|0x00000000b6200000, 0x00000000b6200000, 0x00000000b6300000|  0%| F|  |TAMS 0x00000000b6200000, 0x00000000b6200000| Untracked 
| 355|0x00000000b6300000, 0x00000000b6300000, 0x00000000b6400000|  0%| F|  |TAMS 0x00000000b6300000, 0x00000000b6300000| Untracked 
| 356|0x00000000b6400000, 0x00000000b6400000, 0x00000000b6500000|  0%| F|  |TAMS 0x00000000b6400000, 0x00000000b6400000| Untracked 
| 357|0x00000000b6500000, 0x00000000b6500000, 0x00000000b6600000|  0%| F|  |TAMS 0x00000000b6500000, 0x00000000b6500000| Untracked 
| 358|0x00000000b6600000, 0x00000000b6600000, 0x00000000b6700000|  0%| F|  |TAMS 0x00000000b6600000, 0x00000000b6600000| Untracked 
| 359|0x00000000b6700000, 0x00000000b6700000, 0x00000000b6800000|  0%| F|  |TAMS 0x00000000b6700000, 0x00000000b6700000| Untracked 
| 360|0x00000000b6800000, 0x00000000b6800000, 0x00000000b6900000|  0%| F|  |TAMS 0x00000000b6800000, 0x00000000b6800000| Untracked 
| 361|0x00000000b6900000, 0x00000000b6900000, 0x00000000b6a00000|  0%| F|  |TAMS 0x00000000b6900000, 0x00000000b6900000| Untracked 
| 362|0x00000000b6a00000, 0x00000000b6a00000, 0x00000000b6b00000|  0%| F|  |TAMS 0x00000000b6a00000, 0x00000000b6a00000| Untracked 
| 363|0x00000000b6b00000, 0x00000000b6b00000, 0x00000000b6c00000|  0%| F|  |TAMS 0x00000000b6b00000, 0x00000000b6b00000| Untracked 
| 364|0x00000000b6c00000, 0x00000000b6c00000, 0x00000000b6d00000|  0%| F|  |TAMS 0x00000000b6c00000, 0x00000000b6c00000| Untracked 
| 365|0x00000000b6d00000, 0x00000000b6d00000, 0x00000000b6e00000|  0%| F|  |TAMS 0x00000000b6d00000, 0x00000000b6d00000| Untracked 
| 366|0x00000000b6e00000, 0x00000000b6e00000, 0x00000000b6f00000|  0%| F|  |TAMS 0x00000000b6e00000, 0x00000000b6e00000| Untracked 
| 367|0x00000000b6f00000, 0x00000000b6f00000, 0x00000000b7000000|  0%| F|  |TAMS 0x00000000b6f00000, 0x00000000b6f00000| Untracked 
| 368|0x00000000b7000000, 0x00000000b7000000, 0x00000000b7100000|  0%| F|  |TAMS 0x00000000b7000000, 0x00000000b7000000| Untracked 
| 369|0x00000000b7100000, 0x00000000b7100000, 0x00000000b7200000|  0%| F|  |TAMS 0x00000000b7100000, 0x00000000b7100000| Untracked 
| 370|0x00000000b7200000, 0x00000000b7200000, 0x00000000b7300000|  0%| F|  |TAMS 0x00000000b7200000, 0x00000000b7200000| Untracked 
| 371|0x00000000b7300000, 0x00000000b7300000, 0x00000000b7400000|  0%| F|  |TAMS 0x00000000b7300000, 0x00000000b7300000| Untracked 
| 372|0x00000000b7400000, 0x00000000b7400000, 0x00000000b7500000|  0%| F|  |TAMS 0x00000000b7400000, 0x00000000b7400000| Untracked 
| 373|0x00000000b7500000, 0x00000000b7500000, 0x00000000b7600000|  0%| F|  |TAMS 0x00000000b7500000, 0x00000000b7500000| Untracked 
| 374|0x00000000b7600000, 0x00000000b7600000, 0x00000000b7700000|  0%| F|  |TAMS 0x00000000b7600000, 0x00000000b7600000| Untracked 
| 375|0x00000000b7700000, 0x00000000b7700000, 0x00000000b7800000|  0%| F|  |TAMS 0x00000000b7700000, 0x00000000b7700000| Untracked 
| 376|0x00000000b7800000, 0x00000000b7800000, 0x00000000b7900000|  0%| F|  |TAMS 0x00000000b7800000, 0x00000000b7800000| Untracked 
| 377|0x00000000b7900000, 0x00000000b7900000, 0x00000000b7a00000|  0%| F|  |TAMS 0x00000000b7900000, 0x00000000b7900000| Untracked 
| 378|0x00000000b7a00000, 0x00000000b7a00000, 0x00000000b7b00000|  0%| F|  |TAMS 0x00000000b7a00000, 0x00000000b7a00000| Untracked 
| 379|0x00000000b7b00000, 0x00000000b7b00000, 0x00000000b7c00000|  0%| F|  |TAMS 0x00000000b7b00000, 0x00000000b7b00000| Untracked 
| 380|0x00000000b7c00000, 0x00000000b7c00000, 0x00000000b7d00000|  0%| F|  |TAMS 0x00000000b7c00000, 0x00000000b7c00000| Untracked 
| 381|0x00000000b7d00000, 0x00000000b7d00000, 0x00000000b7e00000|  0%| F|  |TAMS 0x00000000b7d00000, 0x00000000b7d00000| Untracked 
| 382|0x00000000b7e00000, 0x00000000b7e00000, 0x00000000b7f00000|  0%| F|  |TAMS 0x00000000b7e00000, 0x00000000b7e00000| Untracked 
| 383|0x00000000b7f00000, 0x00000000b7f00000, 0x00000000b8000000|  0%| F|  |TAMS 0x00000000b7f00000, 0x00000000b7f00000| Untracked 
| 384|0x00000000b8000000, 0x00000000b8000000, 0x00000000b8100000|  0%| F|  |TAMS 0x00000000b8000000, 0x00000000b8000000| Untracked 
| 385|0x00000000b8100000, 0x00000000b8100000, 0x00000000b8200000|  0%| F|  |TAMS 0x00000000b8100000, 0x00000000b8100000| Untracked 
| 386|0x00000000b8200000, 0x00000000b8200000, 0x00000000b8300000|  0%| F|  |TAMS 0x00000000b8200000, 0x00000000b8200000| Untracked 
| 387|0x00000000b8300000, 0x00000000b8300000, 0x00000000b8400000|  0%| F|  |TAMS 0x00000000b8300000, 0x00000000b8300000| Untracked 
| 388|0x00000000b8400000, 0x00000000b8400000, 0x00000000b8500000|  0%| F|  |TAMS 0x00000000b8400000, 0x00000000b8400000| Untracked 
| 389|0x00000000b8500000, 0x00000000b8500000, 0x00000000b8600000|  0%| F|  |TAMS 0x00000000b8500000, 0x00000000b8500000| Untracked 
| 390|0x00000000b8600000, 0x00000000b8600000, 0x00000000b8700000|  0%| F|  |TAMS 0x00000000b8600000, 0x00000000b8600000| Untracked 
| 391|0x00000000b8700000, 0x00000000b8700000, 0x00000000b8800000|  0%| F|  |TAMS 0x00000000b8700000, 0x00000000b8700000| Untracked 
| 392|0x00000000b8800000, 0x00000000b8800000, 0x00000000b8900000|  0%| F|  |TAMS 0x00000000b8800000, 0x00000000b8800000| Untracked 
| 393|0x00000000b8900000, 0x00000000b8900000, 0x00000000b8a00000|  0%| F|  |TAMS 0x00000000b8900000, 0x00000000b8900000| Untracked 
| 394|0x00000000b8a00000, 0x00000000b8a00000, 0x00000000b8b00000|  0%| F|  |TAMS 0x00000000b8a00000, 0x00000000b8a00000| Untracked 
| 395|0x00000000b8b00000, 0x00000000b8b00000, 0x00000000b8c00000|  0%| F|  |TAMS 0x00000000b8b00000, 0x00000000b8b00000| Untracked 
| 396|0x00000000b8c00000, 0x00000000b8c00000, 0x00000000b8d00000|  0%| F|  |TAMS 0x00000000b8c00000, 0x00000000b8c00000| Untracked 
| 397|0x00000000b8d00000, 0x00000000b8d00000, 0x00000000b8e00000|  0%| F|  |TAMS 0x00000000b8d00000, 0x00000000b8d00000| Untracked 
| 398|0x00000000b8e00000, 0x00000000b8e00000, 0x00000000b8f00000|  0%| F|  |TAMS 0x00000000b8e00000, 0x00000000b8e00000| Untracked 
| 399|0x00000000b8f00000, 0x00000000b8f00000, 0x00000000b9000000|  0%| F|  |TAMS 0x00000000b8f00000, 0x00000000b8f00000| Untracked 
| 400|0x00000000b9000000, 0x00000000b9000000, 0x00000000b9100000|  0%| F|  |TAMS 0x00000000b9000000, 0x00000000b9000000| Untracked 
| 401|0x00000000b9100000, 0x00000000b9100000, 0x00000000b9200000|  0%| F|  |TAMS 0x00000000b9100000, 0x00000000b9100000| Untracked 
| 402|0x00000000b9200000, 0x00000000b9200000, 0x00000000b9300000|  0%| F|  |TAMS 0x00000000b9200000, 0x00000000b9200000| Untracked 
| 403|0x00000000b9300000, 0x00000000b9300000, 0x00000000b9400000|  0%| F|  |TAMS 0x00000000b9300000, 0x00000000b9300000| Untracked 
| 404|0x00000000b9400000, 0x00000000b9400000, 0x00000000b9500000|  0%| F|  |TAMS 0x00000000b9400000, 0x00000000b9400000| Untracked 
| 405|0x00000000b9500000, 0x00000000b9500000, 0x00000000b9600000|  0%| F|  |TAMS 0x00000000b9500000, 0x00000000b9500000| Untracked 
| 406|0x00000000b9600000, 0x00000000b9600000, 0x00000000b9700000|  0%| F|  |TAMS 0x00000000b9600000, 0x00000000b9600000| Untracked 
| 407|0x00000000b9700000, 0x00000000b9700000, 0x00000000b9800000|  0%| F|  |TAMS 0x00000000b9700000, 0x00000000b9700000| Untracked 
| 408|0x00000000b9800000, 0x00000000b9800000, 0x00000000b9900000|  0%| F|  |TAMS 0x00000000b9800000, 0x00000000b9800000| Untracked 
| 409|0x00000000b9900000, 0x00000000b9900000, 0x00000000b9a00000|  0%| F|  |TAMS 0x00000000b9900000, 0x00000000b9900000| Untracked 
| 410|0x00000000b9a00000, 0x00000000b9a00000, 0x00000000b9b00000|  0%| F|  |TAMS 0x00000000b9a00000, 0x00000000b9a00000| Untracked 
| 411|0x00000000b9b00000, 0x00000000b9b00000, 0x00000000b9c00000|  0%| F|  |TAMS 0x00000000b9b00000, 0x00000000b9b00000| Untracked 
| 412|0x00000000b9c00000, 0x00000000b9c00000, 0x00000000b9d00000|  0%| F|  |TAMS 0x00000000b9c00000, 0x00000000b9c00000| Untracked 
| 413|0x00000000b9d00000, 0x00000000b9d00000, 0x00000000b9e00000|  0%| F|  |TAMS 0x00000000b9d00000, 0x00000000b9d00000| Untracked 
| 414|0x00000000b9e00000, 0x00000000b9e2ae00, 0x00000000b9f00000| 16%| E|  |TAMS 0x00000000b9e00000, 0x00000000b9e00000| Complete 
| 415|0x00000000b9f00000, 0x00000000ba000000, 0x00000000ba000000|100%| E|CS|TAMS 0x00000000b9f00000, 0x00000000b9f00000| Complete 
| 416|0x00000000ba000000, 0x00000000ba100000, 0x00000000ba100000|100%| E|CS|TAMS 0x00000000ba000000, 0x00000000ba000000| Complete 
| 417|0x00000000ba100000, 0x00000000ba200000, 0x00000000ba200000|100%| E|CS|TAMS 0x00000000ba100000, 0x00000000ba100000| Complete 
| 418|0x00000000ba200000, 0x00000000ba300000, 0x00000000ba300000|100%| E|CS|TAMS 0x00000000ba200000, 0x00000000ba200000| Complete 
| 419|0x00000000ba300000, 0x00000000ba400000, 0x00000000ba400000|100%| E|CS|TAMS 0x00000000ba300000, 0x00000000ba300000| Complete 
| 420|0x00000000ba400000, 0x00000000ba500000, 0x00000000ba500000|100%| E|CS|TAMS 0x00000000ba400000, 0x00000000ba400000| Complete 
| 421|0x00000000ba500000, 0x00000000ba600000, 0x00000000ba600000|100%| E|CS|TAMS 0x00000000ba500000, 0x00000000ba500000| Complete 
| 422|0x00000000ba600000, 0x00000000ba700000, 0x00000000ba700000|100%| E|CS|TAMS 0x00000000ba600000, 0x00000000ba600000| Complete 
| 423|0x00000000ba700000, 0x00000000ba800000, 0x00000000ba800000|100%| E|CS|TAMS 0x00000000ba700000, 0x00000000ba700000| Complete 
| 424|0x00000000ba800000, 0x00000000ba900000, 0x00000000ba900000|100%| E|CS|TAMS 0x00000000ba800000, 0x00000000ba800000| Complete 
| 425|0x00000000ba900000, 0x00000000baa00000, 0x00000000baa00000|100%| E|CS|TAMS 0x00000000ba900000, 0x00000000ba900000| Complete 
| 426|0x00000000baa00000, 0x00000000bab00000, 0x00000000bab00000|100%| S|CS|TAMS 0x00000000baa00000, 0x00000000baa00000| Complete 
| 427|0x00000000bab00000, 0x00000000bac00000, 0x00000000bac00000|100%| S|CS|TAMS 0x00000000bab00000, 0x00000000bab00000| Complete 
| 428|0x00000000bac00000, 0x00000000bad00000, 0x00000000bad00000|100%| S|CS|TAMS 0x00000000bac00000, 0x00000000bac00000| Complete 
| 429|0x00000000bad00000, 0x00000000bae00000, 0x00000000bae00000|100%| E|CS|TAMS 0x00000000bad00000, 0x00000000bad00000| Complete 
| 430|0x00000000bae00000, 0x00000000baf00000, 0x00000000baf00000|100%| E|CS|TAMS 0x00000000bae00000, 0x00000000bae00000| Complete 
| 431|0x00000000baf00000, 0x00000000bb000000, 0x00000000bb000000|100%| E|CS|TAMS 0x00000000baf00000, 0x00000000baf00000| Complete 
| 432|0x00000000bb000000, 0x00000000bb100000, 0x00000000bb100000|100%| E|CS|TAMS 0x00000000bb000000, 0x00000000bb000000| Complete 
| 433|0x00000000bb100000, 0x00000000bb200000, 0x00000000bb200000|100%| E|CS|TAMS 0x00000000bb100000, 0x00000000bb100000| Complete 
| 434|0x00000000bb200000, 0x00000000bb300000, 0x00000000bb300000|100%| E|CS|TAMS 0x00000000bb200000, 0x00000000bb200000| Complete 
| 435|0x00000000bb300000, 0x00000000bb400000, 0x00000000bb400000|100%| E|CS|TAMS 0x00000000bb300000, 0x00000000bb300000| Complete 
| 436|0x00000000bb400000, 0x00000000bb500000, 0x00000000bb500000|100%| E|CS|TAMS 0x00000000bb400000, 0x00000000bb400000| Complete 
| 437|0x00000000bb500000, 0x00000000bb600000, 0x00000000bb600000|100%| E|CS|TAMS 0x00000000bb500000, 0x00000000bb500000| Complete 
| 438|0x00000000bb600000, 0x00000000bb700000, 0x00000000bb700000|100%| E|CS|TAMS 0x00000000bb600000, 0x00000000bb600000| Complete 
| 439|0x00000000bb700000, 0x00000000bb800000, 0x00000000bb800000|100%| E|CS|TAMS 0x00000000bb700000, 0x00000000bb700000| Complete 

Card table byte_map: [0x0000019ef06f0000,0x0000019ef09f0000] _byte_map_base: 0x0000019ef01f0000

Marking Bits (Prev, Next): (CMBitMap*) 0x0000019edd2bd8b0, (CMBitMap*) 0x0000019edd2bd870
 Prev Bits: [0x0000019ef24f0000, 0x0000019ef3cf0000)
 Next Bits: [0x0000019ef0cf0000, 0x0000019ef24f0000)

Polling page: 0x0000019edba00000

Metaspace:

Usage:
  Non-class:     83.42 MB used.
      Class:     13.33 MB used.
       Both:     96.75 MB used.

Virtual space:
  Non-class space:      128.00 MB reserved,      84.50 MB ( 66%) committed,  2 nodes.
      Class space:        1.00 GB reserved,      14.06 MB (  1%) committed,  1 nodes.
             Both:        1.12 GB reserved,      98.56 MB (  9%) committed. 

Chunk freelists:
   Non-Class:  10.83 MB
       Class:  1.76 MB
        Both:  12.59 MB

MaxMetaspaceSize: unlimited
CompressedClassSpaceSize: 1.00 GB
Initial GC threshold: 21.00 MB
Current GC threshold: 159.19 MB
CDS: off
MetaspaceReclaimPolicy: balanced
 - commit_granule_bytes: 65536.
 - commit_granule_words: 8192.
 - virtual_space_node_default_size: 8388608.
 - enlarge_chunks_in_place: 1.
 - new_chunks_are_fully_committed: 0.
 - uncommit_free_chunks: 1.
 - use_allocation_guard: 0.
 - handle_deallocations: 1.


Internal statistics:

num_allocs_failed_limit: 6.
num_arena_births: 2184.
num_arena_deaths: 0.
num_vsnodes_births: 3.
num_vsnodes_deaths: 0.
num_space_committed: 1577.
num_space_uncommitted: 0.
num_chunks_returned_to_freelist: 6.
num_chunks_taken_from_freelist: 6546.
num_chunk_merges: 3.
num_chunk_splits: 3940.
num_chunks_enlarged: 2131.
num_inconsistent_stats: 0.

CodeHeap 'non-profiled nmethods': size=120000Kb used=9872Kb max_used=9872Kb free=110127Kb
 bounds [0x0000019ee8230000, 0x0000019ee8be0000, 0x0000019eef760000]
CodeHeap 'profiled nmethods': size=120000Kb used=25744Kb max_used=25744Kb free=94255Kb
 bounds [0x0000019ee0760000, 0x0000019ee2090000, 0x0000019ee7c90000]
CodeHeap 'non-nmethods': size=5760Kb used=2382Kb max_used=2428Kb free=3377Kb
 bounds [0x0000019ee7c90000, 0x0000019ee7f00000, 0x0000019ee8230000]
 total_blobs=14740 nmethods=13823 adapters=828
 compilation: enabled
              stopped_count=0, restarted_count=0
 full_count=0

Compilation events (20 events):
Event: 208.240 Thread 0x0000019ef6ba9300 nmethod 16648 0x0000019ee207cc90 code [0x0000019ee207cec0, 0x0000019ee207d398]
Event: 208.247 Thread 0x0000019ef6ba9300 16651       2       org.gradle.internal.logging.text.AbstractLineChoppingStyledTextOutput$StateContext::setState (10 bytes)
Event: 208.259 Thread 0x0000019e8739a020 16650       4       org.gradle.internal.logging.text.AbstractLineChoppingStyledTextOutput::doAppend (43 bytes)
Event: 208.261 Thread 0x0000019ef6ba9300 nmethod 16651 0x0000019ee207d810 code [0x0000019ee207d9a0, 0x0000019ee207daf8]
Event: 208.261 Thread 0x0000019ef6ba9300 16652       2       org.gradle.internal.logging.text.AbstractLineChoppingStyledTextOutput::access$402 (7 bytes)
Event: 208.263 Thread 0x0000019ef6ba9300 nmethod 16652 0x0000019ee207dc10 code [0x0000019ee207dda0, 0x0000019ee207ded8]
Event: 208.263 Thread 0x0000019ef6ba9300 16655       3       org.gradle.internal.io.LineBufferingOutputStream::write (59 bytes)
Event: 208.274 Thread 0x0000019ef6ba9300 nmethod 16655 0x0000019ee207df90 code [0x0000019ee207e240, 0x0000019ee207f038]
Event: 208.274 Thread 0x0000019ef6ba9300 16656       3       org.gradle.internal.io.StreamByteBuffer$StreamByteBufferOutputStream::write (22 bytes)
Event: 208.276 Thread 0x0000019ef6ba9300 nmethod 16656 0x0000019ee207f590 code [0x0000019ee207f740, 0x0000019ee207f918]
Event: 208.276 Thread 0x0000019ef6ba9300 16657       3       org.gradle.internal.io.StreamByteBuffer$StreamByteBufferChunk::write (32 bytes)
Event: 208.276 Thread 0x0000019ef6ba9300 nmethod 16657 0x0000019ee207fa90 code [0x0000019ee207fc40, 0x0000019ee207fdf8]
Event: 208.278 Thread 0x0000019ef6ba69e0 nmethod 16647 0x0000019ee8bd1d90 code [0x0000019ee8bd1f60, 0x0000019ee8bd2628]
Event: 208.278 Thread 0x0000019ef6ba69e0 16654       4       java.lang.StringCoding::implEncodeAsciiArray (47 bytes)
Event: 208.287 Thread 0x0000019ef6ba69e0 nmethod 16654 0x0000019ee8bd2c10 code [0x0000019ee8bd2d80, 0x0000019ee8bd3158]
Event: 208.287 Thread 0x0000019ef6ba69e0 16653       4       org.gradle.internal.logging.text.AbstractLineChoppingStyledTextOutput$StateContext::hasChar (25 bytes)
Event: 208.288 Thread 0x0000019ef6ba69e0 nmethod 16653 0x0000019ee8bd3290 code [0x0000019ee8bd3400, 0x0000019ee8bd3498]
Event: 208.288 Thread 0x0000019ef6ba69e0 16649       4       org.gradle.internal.logging.text.AbstractLineChoppingStyledTextOutput$2::execute (77 bytes)
Event: 208.303 Thread 0x0000019ef6ba69e0 nmethod 16649 0x0000019ee8bd3590 code [0x0000019ee8bd3780, 0x0000019ee8bd3d50]
Event: 209.789 Thread 0x0000019ef6ba9300 16658       3       org.gradle.internal.logging.console.StyledTextOutputBackedRenderer::onOutput (260 bytes)

GC Heap History (20 events):
Event: 101.156 GC heap before
{Heap before GC invocations=82 (full 0):
 garbage-first heap   total 285696K, used 243877K [0x00000000a0000000, 0x0000000100000000)
  region size 1024K, 21 young (21504K), 4 survivors (4096K)
 Metaspace       used 95773K, committed 97408K, reserved 1179648K
  class space    used 13123K, committed 13824K, reserved 1048576K
}
Event: 101.167 GC heap after
{Heap after GC invocations=83 (full 0):
 garbage-first heap   total 285696K, used 232593K [0x00000000a0000000, 0x0000000100000000)
  region size 1024K, 3 young (3072K), 3 survivors (3072K)
 Metaspace       used 95773K, committed 97408K, reserved 1179648K
  class space    used 13123K, committed 13824K, reserved 1048576K
}
Event: 101.442 GC heap before
{Heap before GC invocations=83 (full 0):
 garbage-first heap   total 285696K, used 245905K [0x00000000a0000000, 0x0000000100000000)
  region size 1024K, 16 young (16384K), 3 survivors (3072K)
 Metaspace       used 95795K, committed 97408K, reserved 1179648K
  class space    used 13123K, committed 13824K, reserved 1048576K
}
Event: 101.448 GC heap after
{Heap after GC invocations=84 (full 0):
 garbage-first heap   total 285696K, used 237568K [0x00000000a0000000, 0x0000000100000000)
  region size 1024K, 2 young (2048K), 2 survivors (2048K)
 Metaspace       used 95795K, committed 97408K, reserved 1179648K
  class space    used 13123K, committed 13824K, reserved 1048576K
}
Event: 101.640 GC heap before
{Heap before GC invocations=84 (full 0):
 garbage-first heap   total 285696K, used 248832K [0x00000000a0000000, 0x0000000100000000)
  region size 1024K, 13 young (13312K), 2 survivors (2048K)
 Metaspace       used 95823K, committed 97472K, reserved 1179648K
  class space    used 13123K, committed 13824K, reserved 1048576K
}
Event: 101.646 GC heap after
{Heap after GC invocations=85 (full 0):
 garbage-first heap   total 285696K, used 242007K [0x00000000a0000000, 0x0000000100000000)
  region size 1024K, 2 young (2048K), 2 survivors (2048K)
 Metaspace       used 95823K, committed 97472K, reserved 1179648K
  class space    used 13123K, committed 13824K, reserved 1048576K
}
Event: 101.921 GC heap before
{Heap before GC invocations=85 (full 0):
 garbage-first heap   total 285696K, used 253271K [0x00000000a0000000, 0x0000000100000000)
  region size 1024K, 13 young (13312K), 2 survivors (2048K)
 Metaspace       used 95851K, committed 97472K, reserved 1179648K
  class space    used 13123K, committed 13824K, reserved 1048576K
}
Event: 101.927 GC heap after
{Heap after GC invocations=86 (full 0):
 garbage-first heap   total 285696K, used 246354K [0x00000000a0000000, 0x0000000100000000)
  region size 1024K, 2 young (2048K), 2 survivors (2048K)
 Metaspace       used 95851K, committed 97472K, reserved 1179648K
  class space    used 13123K, committed 13824K, reserved 1048576K
}
Event: 102.251 GC heap before
{Heap before GC invocations=86 (full 0):
 garbage-first heap   total 285696K, used 257618K [0x00000000a0000000, 0x0000000100000000)
  region size 1024K, 13 young (13312K), 2 survivors (2048K)
 Metaspace       used 96040K, committed 97728K, reserved 1179648K
  class space    used 13146K, committed 13824K, reserved 1048576K
}
Event: 102.256 GC heap after
{Heap after GC invocations=87 (full 0):
 garbage-first heap   total 285696K, used 249542K [0x00000000a0000000, 0x0000000100000000)
  region size 1024K, 2 young (2048K), 2 survivors (2048K)
 Metaspace       used 96040K, committed 97728K, reserved 1179648K
  class space    used 13146K, committed 13824K, reserved 1048576K
}
Event: 102.429 GC heap before
{Heap before GC invocations=87 (full 0):
 garbage-first heap   total 285696K, used 260806K [0x00000000a0000000, 0x0000000100000000)
  region size 1024K, 13 young (13312K), 2 survivors (2048K)
 Metaspace       used 96105K, committed 97728K, reserved 1179648K
  class space    used 13152K, committed 13824K, reserved 1048576K
}
Event: 102.451 GC heap after
{Heap after GC invocations=88 (full 0):
 garbage-first heap   total 285696K, used 254458K [0x00000000a0000000, 0x0000000100000000)
  region size 1024K, 2 young (2048K), 2 survivors (2048K)
 Metaspace       used 96105K, committed 97728K, reserved 1179648K
  class space    used 13152K, committed 13824K, reserved 1048576K
}
Event: 102.662 GC heap before
{Heap before GC invocations=88 (full 0):
 garbage-first heap   total 285696K, used 265722K [0x00000000a0000000, 0x0000000100000000)
  region size 1024K, 13 young (13312K), 2 survivors (2048K)
 Metaspace       used 96145K, committed 97792K, reserved 1179648K
  class space    used 13156K, committed 13824K, reserved 1048576K
}
Event: 102.669 GC heap after
{Heap after GC invocations=89 (full 0):
 garbage-first heap   total 285696K, used 260079K [0x00000000a0000000, 0x0000000100000000)
  region size 1024K, 2 young (2048K), 2 survivors (2048K)
 Metaspace       used 96145K, committed 97792K, reserved 1179648K
  class space    used 13156K, committed 13824K, reserved 1048576K
}
Event: 102.921 GC heap before
{Heap before GC invocations=89 (full 0):
 garbage-first heap   total 450560K, used 271343K [0x00000000a0000000, 0x0000000100000000)
  region size 1024K, 13 young (13312K), 2 survivors (2048K)
 Metaspace       used 96193K, committed 97856K, reserved 1179648K
  class space    used 13156K, committed 13824K, reserved 1048576K
}
Event: 102.927 GC heap after
{Heap after GC invocations=90 (full 0):
 garbage-first heap   total 450560K, used 265909K [0x00000000a0000000, 0x0000000100000000)
  region size 1024K, 2 young (2048K), 2 survivors (2048K)
 Metaspace       used 96193K, committed 97856K, reserved 1179648K
  class space    used 13156K, committed 13824K, reserved 1048576K
}
Event: 104.806 GC heap before
{Heap before GC invocations=91 (full 0):
 garbage-first heap   total 450560K, used 346805K [0x00000000a0000000, 0x0000000100000000)
  region size 1024K, 81 young (82944K), 2 survivors (2048K)
 Metaspace       used 97751K, committed 99584K, reserved 1179648K
  class space    used 13395K, committed 14144K, reserved 1048576K
}
Event: 104.823 GC heap after
{Heap after GC invocations=92 (full 0):
 garbage-first heap   total 450560K, used 280677K [0x00000000a0000000, 0x0000000100000000)
  region size 1024K, 11 young (11264K), 11 survivors (11264K)
 Metaspace       used 97751K, committed 99584K, reserved 1179648K
  class space    used 13395K, committed 14144K, reserved 1048576K
}
Event: 105.020 GC heap before
{Heap before GC invocations=92 (full 0):
 garbage-first heap   total 450560K, used 291941K [0x00000000a0000000, 0x0000000100000000)
  region size 1024K, 22 young (22528K), 11 survivors (11264K)
 Metaspace       used 97906K, committed 99712K, reserved 1179648K
  class space    used 13415K, committed 14144K, reserved 1048576K
}
Event: 105.034 GC heap after
{Heap after GC invocations=93 (full 0):
 garbage-first heap   total 450560K, used 280418K [0x00000000a0000000, 0x0000000100000000)
  region size 1024K, 3 young (3072K), 3 survivors (3072K)
 Metaspace       used 97906K, committed 99712K, reserved 1179648K
  class space    used 13415K, committed 14144K, reserved 1048576K
}

Dll operation events (2 events):
Event: 0.009 Loaded shared library D:\Software Engineer Tools\Android Studio\jbr\bin\java.dll
Event: 0.381 Loaded shared library D:\Software Engineer Tools\Android Studio\jbr\bin\verify.dll

Deoptimization events (20 events):
Event: 208.216 Thread 0x0000019e81f15710 Uncommon trap: trap_request=0xffffffc6 fr.pc=0x0000019ee86d3a28 relative=0x00000000000003a8
Event: 208.217 Thread 0x0000019e81f15710 Uncommon trap: reason=bimorphic_or_optimized_type_check action=maybe_recompile pc=0x0000019ee86d3a28 method=org.gradle.internal.logging.sink.OutputEventRenderer.onOutput(Lorg/gradle/internal/logging/events/OutputEvent;)V @ 1 c2
Event: 208.217 Thread 0x0000019e81f15710 DEOPT PACKING pc=0x0000019ee86d3a28 sp=0x00000022189fec00
Event: 208.219 Thread 0x0000019e81f15710 DEOPT UNPACKING pc=0x0000019ee7ce69a3 sp=0x00000022189feb58 mode 2
Event: 208.235 Thread 0x0000019e81f15710 Uncommon trap: trap_request=0xffffffc6 fr.pc=0x0000019ee86d3a28 relative=0x00000000000003a8
Event: 208.236 Thread 0x0000019e81f15710 Uncommon trap: reason=bimorphic_or_optimized_type_check action=maybe_recompile pc=0x0000019ee86d3a28 method=org.gradle.internal.logging.sink.OutputEventRenderer.onOutput(Lorg/gradle/internal/logging/events/OutputEvent;)V @ 1 c2
Event: 208.236 Thread 0x0000019e81f15710 DEOPT PACKING pc=0x0000019ee86d3a28 sp=0x00000022189fec00
Event: 208.236 Thread 0x0000019e81f15710 DEOPT UNPACKING pc=0x0000019ee7ce69a3 sp=0x00000022189feb58 mode 2
Event: 208.236 Thread 0x0000019e81f15710 Uncommon trap: trap_request=0xffffffc6 fr.pc=0x0000019ee86d3a28 relative=0x00000000000003a8
Event: 208.236 Thread 0x0000019e81f15710 Uncommon trap: reason=bimorphic_or_optimized_type_check action=maybe_recompile pc=0x0000019ee86d3a28 method=org.gradle.internal.logging.sink.OutputEventRenderer.onOutput(Lorg/gradle/internal/logging/events/OutputEvent;)V @ 1 c2
Event: 208.236 Thread 0x0000019e81f15710 DEOPT PACKING pc=0x0000019ee86d3a28 sp=0x00000022189fec00
Event: 208.236 Thread 0x0000019e81f15710 DEOPT UNPACKING pc=0x0000019ee7ce69a3 sp=0x00000022189feb58 mode 2
Event: 208.237 Thread 0x0000019e81f15710 Uncommon trap: trap_request=0xffffffc6 fr.pc=0x0000019ee86d3a28 relative=0x00000000000003a8
Event: 208.237 Thread 0x0000019e81f15710 Uncommon trap: reason=bimorphic_or_optimized_type_check action=maybe_recompile pc=0x0000019ee86d3a28 method=org.gradle.internal.logging.sink.OutputEventRenderer.onOutput(Lorg/gradle/internal/logging/events/OutputEvent;)V @ 1 c2
Event: 208.237 Thread 0x0000019e81f15710 DEOPT PACKING pc=0x0000019ee86d3a28 sp=0x00000022189fec00
Event: 208.237 Thread 0x0000019e81f15710 DEOPT UNPACKING pc=0x0000019ee7ce69a3 sp=0x00000022189feb58 mode 2
Event: 209.790 Thread 0x0000019e81f15710 Uncommon trap: trap_request=0xffffff45 fr.pc=0x0000019ee8bd2468 relative=0x0000000000000508
Event: 209.790 Thread 0x0000019e81f15710 Uncommon trap: reason=unstable_if action=reinterpret pc=0x0000019ee8bd2468 method=org.gradle.internal.logging.text.AbstractLineChoppingStyledTextOutput$2.execute(Lorg/gradle/internal/logging/text/AbstractLineChoppingStyledTextOutput$StateContext;)V @ 34 c
Event: 209.790 Thread 0x0000019e81f15710 DEOPT PACKING pc=0x0000019ee8bd2468 sp=0x00000022189fe220
Event: 210.347 Thread 0x0000019e81f15710 DEOPT UNPACKING pc=0x0000019ee7ce69a3 sp=0x00000022189fe0b8 mode 2

Classes unloaded (0 events):
No events

Classes redefined (0 events):
No events

Internal exceptions (20 events):
Event: 105.751 Thread 0x0000019e81f138b0 Exception <a 'java/lang/ClassNotFoundException'{0x00000000ba5f5d40}: org/gradle/process/internal/DefaultExecAction_DecoratedBeanInfo> (0x00000000ba5f5d40) 
thrown [s\src\hotspot\share\classfile\systemDictionary.cpp, line 256]
Event: 105.755 Thread 0x0000019e81f138b0 Exception <a 'java/lang/ClassNotFoundException'{0x00000000ba407778}: org/gradle/process/internal/DefaultExecActionBeanInfo> (0x00000000ba407778) 
thrown [s\src\hotspot\share\classfile\systemDictionary.cpp, line 256]
Event: 105.758 Thread 0x0000019e81f138b0 Exception <a 'java/lang/ClassNotFoundException'{0x00000000ba419898}: org/gradle/process/internal/DefaultExecHandleBuilderBeanInfo> (0x00000000ba419898) 
thrown [s\src\hotspot\share\classfile\systemDictionary.cpp, line 256]
Event: 105.760 Thread 0x0000019e81f138b0 Exception <a 'java/lang/ClassNotFoundException'{0x00000000ba42bc60}: org/gradle/process/internal/AbstractExecHandleBuilderBeanInfo> (0x00000000ba42bc60) 
thrown [s\src\hotspot\share\classfile\systemDictionary.cpp, line 256]
Event: 105.762 Thread 0x0000019e81f138b0 Exception <a 'java/lang/ClassNotFoundException'{0x00000000ba43ead0}: org/gradle/process/internal/DefaultProcessForkOptionsBeanInfo> (0x00000000ba43ead0) 
thrown [s\src\hotspot\share\classfile\systemDictionary.cpp, line 256]
Event: 105.766 Thread 0x0000019e81f138b0 Exception <a 'java/lang/ClassNotFoundException'{0x00000000ba451218}: org/gradle/process/internal/DefaultProcessForkOptionsCustomizer> (0x00000000ba451218) 
thrown [s\src\hotspot\share\classfile\systemDictionary.cpp, line 256]
Event: 105.768 Thread 0x0000019e81f138b0 Exception <a 'java/lang/ClassNotFoundException'{0x00000000ba471030}: org/gradle/process/internal/AbstractExecHandleBuilderCustomizer> (0x00000000ba471030) 
thrown [s\src\hotspot\share\classfile\systemDictionary.cpp, line 256]
Event: 105.770 Thread 0x0000019e81f138b0 Exception <a 'java/lang/ClassNotFoundException'{0x00000000ba495438}: org/gradle/process/internal/DefaultExecHandleBuilderCustomizer> (0x00000000ba495438) 
thrown [s\src\hotspot\share\classfile\systemDictionary.cpp, line 256]
Event: 105.773 Thread 0x0000019e81f138b0 Exception <a 'java/lang/ClassNotFoundException'{0x00000000ba4d4a28}: org/gradle/process/internal/DefaultExecActionCustomizer> (0x00000000ba4d4a28) 
thrown [s\src\hotspot\share\classfile\systemDictionary.cpp, line 256]
Event: 105.776 Thread 0x0000019e81f138b0 Exception <a 'java/lang/ClassNotFoundException'{0x00000000ba4efc70}: org/gradle/process/internal/DefaultExecAction_DecoratedCustomizer> (0x00000000ba4efc70) 
thrown [s\src\hotspot\share\classfile\systemDictionary.cpp, line 256]
Event: 105.782 Thread 0x0000019e81f138b0 Exception <a 'java/lang/ClassNotFoundException'{0x00000000ba3280d8}: org/gradle/api/logging/LogLevelBeanInfo> (0x00000000ba3280d8) 
thrown [s\src\hotspot\share\classfile\systemDictionary.cpp, line 256]
Event: 105.785 Thread 0x0000019e81f138b0 Exception <a 'java/lang/ClassNotFoundException'{0x00000000ba338c20}: org/gradle/api/logging/LogLevelCustomizer> (0x00000000ba338c20) 
thrown [s\src\hotspot\share\classfile\systemDictionary.cpp, line 256]
Event: 105.792 Thread 0x0000019e81f138b0 Exception <a 'java/lang/ClassNotFoundException'{0x00000000ba37c448}: org/gradle/internal/logging/services/DefaultLoggingManagerBeanInfo> (0x00000000ba37c448) 
thrown [s\src\hotspot\share\classfile\systemDictionary.cpp, line 256]
Event: 105.793 Thread 0x0000019e81f138b0 Exception <a 'java/lang/ClassNotFoundException'{0x00000000ba38d918}: org/gradle/internal/logging/services/DefaultLoggingManagerCustomizer> (0x00000000ba38d918) 
thrown [s\src\hotspot\share\classfile\systemDictionary.cpp, line 256]
Event: 105.800 Thread 0x0000019e81f138b0 Exception <a 'java/lang/ClassNotFoundException'{0x00000000ba3beac0}: java/lang/BooleanBeanInfo> (0x00000000ba3beac0) 
thrown [s\src\hotspot\share\classfile\systemDictionary.cpp, line 256]
Event: 105.801 Thread 0x0000019e81f138b0 Exception <a 'java/lang/ClassNotFoundException'{0x00000000ba3c5878}: java/lang/BooleanCustomizer> (0x00000000ba3c5878) 
thrown [s\src\hotspot\share\classfile\systemDictionary.cpp, line 256]
Event: 105.905 Thread 0x0000019e81f15200 Exception <a 'java/lang/NoSuchMethodError'{0x00000000ba267b50}: 'void java.lang.invoke.DirectMethodHandle$Holder.invokeStatic(java.lang.Object, long)'> (0x00000000ba267b50) 
thrown [s\src\hotspot\share\interpreter\linkResolver.cpp, line 771]
Event: 105.906 Thread 0x0000019e81f15200 Exception <a 'java/lang/NoSuchMethodError'{0x00000000ba26ce08}: 'java.lang.Object java.lang.invoke.DirectMethodHandle$Holder.newInvokeSpecial(java.lang.Object, long)'> (0x00000000ba26ce08) 
thrown [s\src\hotspot\share\interpreter\linkResolver.cpp, line 771]
Event: 105.911 Thread 0x0000019e81f15200 Exception <a 'java/lang/NoSuchMethodError'{0x00000000ba273980}: 'java.lang.Object java.lang.invoke.DirectMethodHandle$Holder.invokeStatic(java.lang.Object, java.lang.Object, long, java.lang.Object)'> (0x00000000ba273980) 
thrown [s\src\hotspot\share\interpreter\linkResolver.cpp, line 771]
Event: 105.912 Thread 0x0000019e81f15200 Exception <a 'java/lang/NoSuchMethodError'{0x00000000ba277418}: 'java.lang.Object java.lang.invoke.DirectMethodHandle$Holder.invokeStaticInit(java.lang.Object, java.lang.Object, long, java.lang.Object)'> (0x00000000ba277418) 
thrown [s\src\hotspot\share\interpreter\linkResolver.cpp, line 771]

VM Operations (20 events):
Event: 106.978 Executing VM operation: Cleanup done
Event: 113.025 Executing VM operation: Cleanup
Event: 113.027 Executing VM operation: Cleanup done
Event: 120.327 Executing VM operation: HandshakeAllThreads
Event: 120.333 Executing VM operation: HandshakeAllThreads done
Event: 122.358 Executing VM operation: Cleanup
Event: 122.359 Executing VM operation: Cleanup done
Event: 135.428 Executing VM operation: Cleanup
Event: 135.429 Executing VM operation: Cleanup done
Event: 162.601 Executing VM operation: Cleanup
Event: 162.601 Executing VM operation: Cleanup done
Event: 186.753 Executing VM operation: Cleanup
Event: 186.757 Executing VM operation: Cleanup done
Event: 189.766 Executing VM operation: Cleanup
Event: 189.767 Executing VM operation: Cleanup done
Event: 208.084 Executing VM operation: HandshakeAllThreads
Event: 208.097 Executing VM operation: HandshakeAllThreads done
Event: 209.104 Executing VM operation: Cleanup
Event: 209.104 Executing VM operation: Cleanup done
Event: 210.114 Executing VM operation: Cleanup

Events (20 events):
Event: 105.800 loading class java/lang/BooleanBeanInfo
Event: 105.800 loading class java/lang/BooleanBeanInfo done
Event: 105.800 loading class java/lang/BooleanCustomizer
Event: 105.800 loading class java/lang/BooleanCustomizer done
Event: 105.801 loading class java/lang/BooleanCustomizer
Event: 105.801 loading class java/lang/BooleanCustomizer done
Event: 105.828 Thread 0x0000019e81f15200 Thread added: 0x0000019e81f15200
Event: 105.833 loading class java/lang/ProcessImpl
Event: 105.837 loading class java/lang/ProcessImpl done
Event: 105.907 loading class java/lang/ProcessHandleImpl
Event: 105.910 loading class java/lang/ProcessHandleImpl done
Event: 105.913 loading class java/lang/ProcessImpl$2
Event: 105.913 loading class java/lang/ProcessImpl$2 done
Event: 105.913 loading class java/lang/Process$PipeInputStream
Event: 105.914 loading class java/lang/Process$PipeInputStream done
Event: 105.917 loading class jdk/internal/event/ProcessStartEvent
Event: 105.919 loading class jdk/internal/event/ProcessStartEvent done
Event: 105.921 Thread 0x0000019e81f15710 Thread added: 0x0000019e81f15710
Event: 105.922 Thread 0x0000019e81f12e90 Thread added: 0x0000019e81f12e90
Event: 208.247 Thread 0x0000019e8739a020 Thread added: 0x0000019e8739a020


Dynamic libraries:
0x00007ff69f810000 - 0x00007ff69f81a000 	D:\Software Engineer Tools\Android Studio\jbr\bin\java.exe
0x00007ffa85080000 - 0x00007ffa852e8000 	C:\WINDOWS\SYSTEM32\ntdll.dll
0x00007ffa83520000 - 0x00007ffa835e9000 	C:\WINDOWS\System32\KERNEL32.DLL
0x00007ffa82210000 - 0x00007ffa82602000 	C:\WINDOWS\System32\KERNELBASE.dll
0x00007ffa82b90000 - 0x00007ffa82cdb000 	C:\WINDOWS\System32\ucrtbase.dll
0x00007ffa60680000 - 0x00007ffa6069b000 	D:\Software Engineer Tools\Android Studio\jbr\bin\VCRUNTIME140.dll
0x00007ffa606e0000 - 0x00007ffa606f7000 	D:\Software Engineer Tools\Android Studio\jbr\bin\jli.dll
0x00007ffa839c0000 - 0x00007ffa83b85000 	C:\WINDOWS\System32\USER32.dll
0x00007ffa647d0000 - 0x00007ffa64a63000 	C:\WINDOWS\WinSxS\amd64_microsoft.windows.common-controls_6595b64144ccf1df_6.0.26100.6899_none_3e0efeeae32e88c1\COMCTL32.dll
0x00007ffa82950000 - 0x00007ffa82977000 	C:\WINDOWS\System32\win32u.dll
0x00007ffa835f0000 - 0x00007ffa83699000 	C:\WINDOWS\System32\msvcrt.dll
0x00007ffa84e50000 - 0x00007ffa84e7b000 	C:\WINDOWS\System32\GDI32.dll
0x00007ffa826b0000 - 0x00007ffa827dd000 	C:\WINDOWS\System32\gdi32full.dll
0x00007ffa82ce0000 - 0x00007ffa82d83000 	C:\WINDOWS\System32\msvcp_win.dll
0x00007ffa84f00000 - 0x00007ffa84f2f000 	C:\WINDOWS\System32\IMM32.DLL
0x00007ffa654d0000 - 0x00007ffa654dc000 	D:\Software Engineer Tools\Android Studio\jbr\bin\vcruntime140_1.dll
0x00007ffa21cf0000 - 0x00007ffa21d7d000 	D:\Software Engineer Tools\Android Studio\jbr\bin\msvcp140.dll
0x00007ff98d1f0000 - 0x00007ff98de73000 	D:\Software Engineer Tools\Android Studio\jbr\bin\server\jvm.dll
0x00007ffa84690000 - 0x00007ffa84744000 	C:\WINDOWS\System32\ADVAPI32.dll
0x00007ffa82ec0000 - 0x00007ffa82f66000 	C:\WINDOWS\System32\sechost.dll
0x00007ffa847b0000 - 0x00007ffa848c8000 	C:\WINDOWS\System32\RPCRT4.dll
0x00007ffa734e0000 - 0x00007ffa73515000 	C:\WINDOWS\SYSTEM32\WINMM.dll
0x00007ffa82070000 - 0x00007ffa820ce000 	C:\WINDOWS\SYSTEM32\POWRPROF.dll
0x00007ffa4f3b0000 - 0x00007ffa4f3ba000 	C:\WINDOWS\SYSTEM32\WSOCK32.dll
0x00007ffa78d00000 - 0x00007ffa78d0b000 	C:\WINDOWS\SYSTEM32\VERSION.dll
0x00007ffa84d40000 - 0x00007ffa84db4000 	C:\WINDOWS\System32\WS2_32.dll
0x00007ffa82050000 - 0x00007ffa82064000 	C:\WINDOWS\SYSTEM32\UMPDC.dll
0x00007ffa80fe0000 - 0x00007ffa80ffb000 	C:\WINDOWS\SYSTEM32\kernel.appcore.dll
0x00007ffa65470000 - 0x00007ffa6547a000 	D:\Software Engineer Tools\Android Studio\jbr\bin\jimage.dll
0x00007ffa73650000 - 0x00007ffa73892000 	C:\WINDOWS\SYSTEM32\DBGHELP.DLL
0x00007ffa83bc0000 - 0x00007ffa83f3b000 	C:\WINDOWS\System32\combase.dll
0x00007ffa84920000 - 0x00007ffa849f7000 	C:\WINDOWS\System32\OLEAUT32.dll
0x00007ffa66870000 - 0x00007ffa668ac000 	C:\WINDOWS\SYSTEM32\dbgcore.DLL
0x00007ffa82610000 - 0x00007ffa826a8000 	C:\WINDOWS\System32\bcryptPrimitives.dll
0x00007ffa152e0000 - 0x00007ffa15305000 	D:\Software Engineer Tools\Android Studio\jbr\bin\java.dll
0x00007ffa5e120000 - 0x00007ffa5e138000 	D:\Software Engineer Tools\Android Studio\jbr\bin\zip.dll
0x00007ffa83f40000 - 0x00007ffa8468d000 	C:\WINDOWS\System32\SHELL32.dll
0x00007ffa827e0000 - 0x00007ffa8294b000 	C:\WINDOWS\System32\wintypes.dll
0x00007ffa7fe40000 - 0x00007ffa8069d000 	C:\WINDOWS\SYSTEM32\windows.storage.dll
0x00007ffa84f40000 - 0x00007ffa85032000 	C:\WINDOWS\System32\SHCORE.dll
0x00007ffa82e50000 - 0x00007ffa82eb2000 	C:\WINDOWS\System32\shlwapi.dll
0x00007ffa82130000 - 0x00007ffa82159000 	C:\WINDOWS\SYSTEM32\profapi.dll
0x00007ffa49200000 - 0x00007ffa49219000 	D:\Software Engineer Tools\Android Studio\jbr\bin\net.dll
0x00007ffa7aa40000 - 0x00007ffa7ab5f000 	C:\WINDOWS\SYSTEM32\WINHTTP.dll
0x00007ffa81550000 - 0x00007ffa815bb000 	C:\WINDOWS\system32\mswsock.dll
0x00007ffa2f370000 - 0x00007ffa2f386000 	D:\Software Engineer Tools\Android Studio\jbr\bin\nio.dll
0x00007ffa5fcd0000 - 0x00007ffa5fce0000 	D:\Software Engineer Tools\Android Studio\jbr\bin\verify.dll
0x00007ffa79cf0000 - 0x00007ffa79d17000 	C:\Users\Naufal\.gradle\native\e1d6ef7f7dcc3fd88c89a11ec53ec762bb8ba0a96d01ffa2cd45eb1d1d8dd5c5\windows-amd64\native-platform.dll
0x00007ffa264c0000 - 0x00007ffa26604000 	C:\Users\Naufal\.gradle\native\0d407fdbe67a94daf76414ababcb853783967236a71b16ec16e742cd7a986fd3\windows-amd64\native-platform-file-events.dll
0x00007ffa5e0f0000 - 0x00007ffa5e0f9000 	D:\Software Engineer Tools\Android Studio\jbr\bin\management.dll
0x00007ffa5db40000 - 0x00007ffa5db4b000 	D:\Software Engineer Tools\Android Studio\jbr\bin\management_ext.dll
0x00007ffa839a0000 - 0x00007ffa839a8000 	C:\WINDOWS\System32\PSAPI.DLL
0x00007ffa81800000 - 0x00007ffa8181b000 	C:\WINDOWS\SYSTEM32\CRYPTSP.dll
0x00007ffa80f40000 - 0x00007ffa80f7b000 	C:\WINDOWS\system32\rsaenh.dll
0x00007ffa815f0000 - 0x00007ffa8161b000 	C:\WINDOWS\SYSTEM32\USERENV.dll
0x00007ffa82100000 - 0x00007ffa82126000 	C:\WINDOWS\SYSTEM32\bcrypt.dll
0x00007ffa81820000 - 0x00007ffa8182c000 	C:\WINDOWS\SYSTEM32\CRYPTBASE.dll
0x00007ffa80b30000 - 0x00007ffa80b64000 	C:\WINDOWS\SYSTEM32\IPHLPAPI.DLL
0x00007ffa83730000 - 0x00007ffa8373a000 	C:\WINDOWS\System32\NSI.dll
0x00007ffa7b210000 - 0x00007ffa7b22e000 	C:\WINDOWS\SYSTEM32\dhcpcsvc6.DLL
0x00007ffa7a800000 - 0x00007ffa7a823000 	C:\WINDOWS\SYSTEM32\dhcpcsvc.DLL
0x00007ffa80b70000 - 0x00007ffa80c96000 	C:\WINDOWS\SYSTEM32\DNSAPI.dll
0x00007ffa02af0000 - 0x00007ffa02af8000 	C:\WINDOWS\system32\wshunix.dll

dbghelp: loaded successfully - version: 4.0.5 - missing functions: none
symbol engine: initialized successfully - sym options: 0x614 - pdb path: .;D:\Software Engineer Tools\Android Studio\jbr\bin;C:\WINDOWS\SYSTEM32;C:\WINDOWS\WinSxS\amd64_microsoft.windows.common-controls_6595b64144ccf1df_6.0.26100.6899_none_3e0efeeae32e88c1;D:\Software Engineer Tools\Android Studio\jbr\bin\server;C:\Users\Naufal\.gradle\native\e1d6ef7f7dcc3fd88c89a11ec53ec762bb8ba0a96d01ffa2cd45eb1d1d8dd5c5\windows-amd64;C:\Users\Naufal\.gradle\native\0d407fdbe67a94daf76414ababcb853783967236a71b16ec16e742cd7a986fd3\windows-amd64

VM Arguments:
jvm_args: --add-opens=java.base/java.util=ALL-UNNAMED --add-opens=java.base/java.lang=ALL-UNNAMED --add-opens=java.base/java.lang.invoke=ALL-UNNAMED --add-opens=java.base/java.util=ALL-UNNAMED --add-opens=java.prefs/java.util.prefs=ALL-UNNAMED --add-opens=java.prefs/java.util.prefs=ALL-UNNAMED --add-opens=java.base/java.nio.charset=ALL-UNNAMED --add-opens=java.base/java.net=ALL-UNNAMED --add-opens=java.base/java.util.concurrent.atomic=ALL-UNNAMED -Xmx1536M -Dfile.encoding=windows-1252 -Duser.country=ID -Duser.language=en -Duser.variant 
java_command: org.gradle.launcher.daemon.bootstrap.GradleDaemon 7.5
java_class_path (initial): C:\Users\Naufal\.gradle\wrapper\dists\gradle-7.5-all\6qsw290k5lz422uaf8jf6m7co\gradle-7.5\lib\gradle-launcher-7.5.jar
Launcher Type: SUN_STANDARD

[Global flags]
     intx CICompilerCount                          = 4                                         {product} {ergonomic}
     uint ConcGCThreads                            = 3                                         {product} {ergonomic}
     uint G1ConcRefinementThreads                  = 10                                        {product} {ergonomic}
   size_t G1HeapRegionSize                         = 1048576                                   {product} {ergonomic}
    uintx GCDrainStackTargetSize                   = 64                                        {product} {ergonomic}
   size_t InitialHeapSize                          = 121634816                                 {product} {ergonomic}
   size_t MarkStackSize                            = 4194304                                   {product} {ergonomic}
   size_t MaxHeapSize                              = 1610612736                                {product} {command line}
   size_t MaxNewSize                               = 965738496                                 {product} {ergonomic}
   size_t MinHeapDeltaBytes                        = 1048576                                   {product} {ergonomic}
   size_t MinHeapSize                              = 8388608                                   {product} {ergonomic}
    uintx NonNMethodCodeHeapSize                   = 5839372                                {pd product} {ergonomic}
    uintx NonProfiledCodeHeapSize                  = 122909434                              {pd product} {ergonomic}
    uintx ProfiledCodeHeapSize                     = 122909434                              {pd product} {ergonomic}
    uintx ReservedCodeCacheSize                    = 251658240                              {pd product} {ergonomic}
     bool SegmentedCodeCache                       = true                                      {product} {ergonomic}
   size_t SoftMaxHeapSize                          = 1610612736                             {manageable} {ergonomic}
     bool UseCompressedClassPointers               = true                           {product lp64_product} {ergonomic}
     bool UseCompressedOops                        = true                           {product lp64_product} {ergonomic}
     bool UseG1GC                                  = true                                      {product} {ergonomic}
     bool UseLargePagesIndividualAllocation        = false                                  {pd product} {ergonomic}

Logging:
Log output configuration:
 #0: stdout all=warning uptime,level,tags
 #1: stderr all=off uptime,level,tags

Environment Variables:
JAVA_HOME=D:\Software Engineer Tools\Android Studio\jbr
CLASSPATH=D:\Software_Engineer_Projects\Flutter\camos\android\\gradle\wrapper\gradle-wrapper.jar
PATH=D:\Software Engineer Tools\Android Studio\jbr\bin;C:\windows\system32;C:\windows;C:\windows\System32\Wbem;C:\windows\System32\WindowsPowerShell\v1.0\;C:\windows\System32\OpenSSH\;C:\Program Files (x86)\NVIDIA Corporation\PhysX\Common;C:\Program Files\NVIDIA Corporation\NVIDIA NvDLISR;C:\Users\Administrator\AppData\Local\Microsoft\WindowsApps;C:\Program Files\HP\OMEN-Broadcast\Common;D:\Software Engineer Tools\Git\cmd;C:\Users\Naufal\fvm\default\bin;D:\Software Engineer Tools\nodejs\;C:\ProgramData\chocolatey\bin;C:\Strawberry\c\bin;C:\Strawberry\perl\site\bin;C:\Strawberry\perl\bin;C:\ProgramData\chocolatey\lib\lcov\tools\bin\genhtml;C:\WINDOWS\system32;C:\WINDOWS;C:\WINDOWS\System32\Wbem;C:\WINDOWS\System32\WindowsPowerShell\v1.0\;C:\WINDOWS\System32\OpenSSH\;D:\Software Engineer Tools\Android Studio\jbr\bin;C:\Users\Naufal\AppData\Local\Microsoft\WindowsApps;D:\Software Engineer Tools\Microsoft VS Code\bin;C:\Users\Naufal\fvm\default\bin;C:\Users\Naufal\AppData\Roaming\npm;C:\Users\Naufal\AppData\Local\Pub\Cache\bin;C:\ProgramData\chocolatey\lib\lcov\tools\bin\genhtml;
USERNAME=Naufal
OS=Windows_NT
PROCESSOR_IDENTIFIER=AMD64 Family 25 Model 68 Stepping 1, AuthenticAMD
TMP=C:\Users\Naufal\AppData\Local\Temp
TEMP=C:\Users\Naufal\AppData\Local\Temp



Periodic native trim disabled

JNI global refs:
JNI global refs: 24, weak refs: 0

JNI global refs memory usage: 843, weak refs: 841

OOME stack traces (most recent first):
Classloader memory used:
Loader org.gradle.internal.classloader.VisitableURLClassLoader                         : 4162K
Loader org.gradle.internal.classloader.VisitableURLClassLoader                         : 3249K
Loader bootstrap                                                                       : 3034K
Loader org.gradle.initialization.MixInLegacyTypesClassLoader                           : 1162K
Loader org.gradle.groovy.scripts.internal.DefaultScriptCompilationHandler$ScriptClassLoader: 419K
Loader jdk.internal.reflect.DelegatingClassLoader                                      : 230K
Loader jdk.internal.loader.ClassLoaders$PlatformClassLoader                            : 64966B
Loader org.codehaus.groovy.runtime.callsite.CallSiteClassLoader                        : 36756B
Loader jdk.internal.loader.ClassLoaders$AppClassLoader                                 : 25675B
Loader sun.reflect.misc.MethodUtil                                                     : 373B

Classes loaded by more than one classloader:
Class build_2enl3egpjd6czz9w7dl4rmmjk$_run_closure1                                   : loaded 2 times (x 134B)
Class org.jetbrains.kotlin.config.MavenComparableVersion$ListItem                     : loaded 2 times (x 178B)
Class org.gradle.internal.installation.GradleInstallation                             : loaded 2 times (x 73B)
Class com.google.common.collect.UsingToStringOrdering                                 : loaded 2 times (x 112B)
Class com.google.common.collect.Iterators$MergingIterator                             : loaded 2 times (x 79B)
Class org.objectweb.asm.ModuleVisitor                                                 : loaded 2 times (x 78B)
Class build_9yfkzzr18rikfbwvqrmy72zxz$_run_closure1                                   : loaded 2 times (x 134B)
Class build_80h370ni06usk7t0bt1vm9uso$_run_closure1$_closure3                         : loaded 2 times (x 134B)
Class [Lcom.google.common.collect.AbstractMapEntry;                                   : loaded 2 times (x 67B)
Class com.google.common.collect.ImmutableRangeSet$AsSet                               : loaded 2 times (x 233B)
Class com.google.common.collect.SingletonImmutableList                                : loaded 2 times (x 167B)
Class com.google.common.cache.CacheLoader$SupplierToCacheLoader                       : loaded 2 times (x 73B)
Class org.gradle.internal.classpath.ClassPath                                         : loaded 2 times (x 68B)
Class com.google.common.cache.RemovalListener                                         : loaded 2 times (x 68B)
Class org.gradle.api.internal.classpath.DefaultModuleRegistry                         : loaded 2 times (x 84B)
Class build_l619ekk6cblxl2z4vq7yusm5$_run_closure1$_closure3                          : loaded 2 times (x 134B)
Class com.google.common.collect.ImmutableEnumSet                                      : loaded 2 times (x 146B)
Class com.android.build.gradle.TestPlugin                                             : loaded 2 times (x 75B)
Class com.google.common.collect.ListMultimap                                          : loaded 2 times (x 68B)
Class com.google.common.base.CharMatcher$JavaDigit                                    : loaded 2 times (x 109B)
Class com.google.common.base.CharMatcher$Digit                                        : loaded 2 times (x 110B)
Class com.google.common.collect.AbstractMultimap                                      : loaded 2 times (x 121B)
Class com.google.common.cache.CacheBuilder$OneWeigher                                 : loaded 2 times (x 80B)
Class org.gradle.api.Action                                                           : loaded 2 times (x 68B)
Class com.google.common.collect.ImmutableEntry                                        : loaded 2 times (x 80B)
Class com.google.common.collect.Lists$StringAsImmutableList                           : loaded 2 times (x 167B)
Class com.android.build.gradle.LibraryPlugin                                          : loaded 2 times (x 75B)
Class com.google.common.cache.LocalCache$StrongEntry                                  : loaded 2 times (x 106B)
Class org.objectweb.asm.FieldWriter                                                   : loaded 2 times (x 75B)
Class com.google.common.base.CharMatcher                                              : loaded 2 times (x 109B)
Class build_2enl3egpjd6czz9w7dl4rmmjk                                                 : loaded 2 times (x 178B)
Class com.google.common.base.CharMatcher$IsNot                                        : loaded 2 times (x 109B)
Class com.google.common.collect.RegularImmutableSortedSet                             : loaded 2 times (x 233B)
Class org.jetbrains.kotlin.config.MavenComparableVersion$IntegerItem                  : loaded 2 times (x 78B)
Class com.google.common.collect.SetMultimap                                           : loaded 2 times (x 68B)
Class com.google.common.base.Splitter                                                 : loaded 2 times (x 70B)
Class [Lcom.google.common.cache.Weigher;                                              : loaded 2 times (x 67B)
Class com.google.common.collect.Iterators$ArrayItr                                    : loaded 2 times (x 95B)
Class com.google.common.cache.LocalCache$Segment                                      : loaded 2 times (x 152B)
Class org.gradle.api.internal.DefaultClassPathProvider                                : loaded 2 times (x 74B)
Class org.gradle.internal.installation.GradleInstallation$1                           : loaded 2 times (x 73B)
Class flutter_ah7t40xr1tjr94mk2otphm6wo                                               : loaded 2 times (x 175B)
Class com.google.common.cache.LocalCache$AbstractReferenceEntry                       : loaded 2 times (x 105B)
Class org.objectweb.asm.Type                                                          : loaded 2 times (x 70B)
Class com.google.common.util.concurrent.AbstractFuture$Failure                        : loaded 2 times (x 70B)
Class com.google.common.base.CharMatcher$BitSetMatcher                                : loaded 2 times (x 110B)
Class com.google.common.collect.ImmutableMap$IteratorBasedImmutableMap                : loaded 2 times (x 123B)
Class build_9uq4rlnk2dgmrwdwp9ha4d32x$_run_closure1                                   : loaded 2 times (x 134B)
Class build_d926hllxdtp8i9js4j19nhcr3$_run_closure1$_closure3                         : loaded 2 times (x 134B)
Class com.google.common.collect.ImmutableMap                                          : loaded 2 times (x 118B)
Class com.google.common.collect.AbstractMapBasedMultimap$Itr                          : loaded 2 times (x 81B)
Class com.google.common.base.Converter                                                : loaded 2 times (x 88B)
Class com.google.common.collect.ImmutableSortedSetFauxverideShim                      : loaded 2 times (x 145B)
Class build_750xmhrpsta11uef4jj2yr5g1$_run_closure1                                   : loaded 2 times (x 134B)
Class com.google.common.base.Equivalence                                              : loaded 2 times (x 80B)
Class com.google.common.cache.LocalCache$EntryFactory$1                               : loaded 2 times (x 81B)
Class com.google.common.primitives.Ints                                               : loaded 2 times (x 69B)
Class com.google.common.cache.LocalCache$EntryFactory$2                               : loaded 2 times (x 81B)
Class com.google.common.cache.LocalCache$EntryFactory$3                               : loaded 2 times (x 81B)
Class com.google.common.cache.LocalCache$EntryFactory$4                               : loaded 2 times (x 81B)
Class com.google.common.cache.LocalCache$EntryFactory$5                               : loaded 2 times (x 81B)
Class com.google.common.cache.LocalCache$EntryFactory$6                               : loaded 2 times (x 81B)
Class com.google.common.cache.LocalCache$EntryFactory$7                               : loaded 2 times (x 81B)
Class com.google.common.cache.LocalCache$EntryFactory$8                               : loaded 2 times (x 81B)
Class build_4r8zzeegtzo6daye0lgyujlh0$_run_closure1$_closure3                         : loaded 2 times (x 134B)
Class com.google.common.base.Predicate                                                : loaded 2 times (x 68B)
Class com.google.common.cache.LocalCache$StrongValueReference                         : loaded 2 times (x 88B)
Class org.gradle.internal.classloader.FilteringClassLoader                            : loaded 2 times (x 103B)
Class build_80h370ni06usk7t0bt1vm9uso                                                 : loaded 2 times (x 178B)
Class com.google.common.collect.RegularImmutableSet                                   : loaded 2 times (x 146B)
Class build_l619ekk6cblxl2z4vq7yusm5                                                  : loaded 2 times (x 178B)
Class [Lcom.google.common.cache.LocalCache$Strength;                                  : loaded 2 times (x 67B)
Class org.gradle.internal.classpath.DefaultClassPath$ImmutableUniqueList$Builder      : loaded 2 times (x 73B)
Class com.google.common.collect.AbstractRangeSet                                      : loaded 2 times (x 112B)
Class com.google.common.collect.ExplicitOrdering                                      : loaded 2 times (x 113B)
Class com.google.common.collect.Maps$8                                                : loaded 2 times (x 80B)
Class com.google.common.base.PatternCompiler                                          : loaded 2 times (x 68B)
Class [Lcom.google.common.cache.CacheBuilder$NullListener;                            : loaded 2 times (x 67B)
Class com.google.common.base.CharMatcher$InRange                                      : loaded 2 times (x 109B)
Class build_1jfdzzng3cjr74yavc3dux8du$_run_closure1                                   : loaded 2 times (x 134B)
Class com.google.common.collect.Maps$KeySet                                           : loaded 2 times (x 135B)
Class com.google.common.collect.Sets$SetView                                          : loaded 2 times (x 136B)
Class com.google.common.collect.BiMap                                                 : loaded 2 times (x 68B)
Class com.google.common.collect.Lists                                                 : loaded 2 times (x 69B)
Class org.objectweb.asm.AnnotationWriter                                              : loaded 2 times (x 76B)
Class com.google.common.math.IntMath$1                                                : loaded 2 times (x 69B)
Class org.gradle.internal.classloader.ClassLoaderVisitor                              : loaded 2 times (x 74B)
Class org.objectweb.asm.Label                                                         : loaded 2 times (x 71B)
Class build_2c26tt4x4lwny1aii3hw5goey                                                 : loaded 2 times (x 178B)
Class com.google.common.cache.CacheBuilder$NullListener                               : loaded 2 times (x 80B)
Class com.google.common.math.MathPreconditions                                        : loaded 2 times (x 69B)
Class build_84sbunjw61pyryaill3796pqh                                                 : loaded 2 times (x 178B)
Class org.gradle.internal.service.DefaultServiceLocator                               : loaded 2 times (x 81B)
Class org.gradle.internal.service.UnknownServiceException                             : loaded 2 times (x 81B)
Class com.google.common.util.concurrent.AbstractFuture$SynchronizedHelper             : loaded 2 times (x 74B)
Class com.google.common.collect.ArrayListMultimap                                     : loaded 2 times (x 170B)
Class com.google.common.base.Strings                                                  : loaded 2 times (x 69B)
Class build_d926hllxdtp8i9js4j19nhcr3$_run_closure1                                   : loaded 2 times (x 134B)
Class com.google.common.cache.CacheLoader$InvalidCacheLoadException                   : loaded 2 times (x 80B)
Class org.gradle.internal.classloader.DefaultClassLoaderFactory                       : loaded 2 times (x 80B)
Class com.google.common.collect.UnmodifiableIterator                                  : loaded 2 times (x 78B)
Class com.google.common.collect.Sets$2$1                                              : loaded 2 times (x 80B)
Class com.google.common.base.Stopwatch                                                : loaded 2 times (x 70B)
Class com.google.common.base.Platform$JdkPatternCompiler                              : loaded 2 times (x 73B)
Class com.google.common.cache.LocalCache$LoadingValueReference                        : loaded 2 times (x 94B)
Class build_qxg3oofsulrvapnk6gxawqqr$_run_closure1                                    : loaded 2 times (x 134B)
Class com.google.common.base.CharMatcher$SingleWidth                                  : loaded 2 times (x 110B)
Class com.google.common.collect.Hashing                                               : loaded 2 times (x 69B)
Class com.google.common.collect.NullsFirstOrdering                                    : loaded 2 times (x 113B)
Class com.google.common.collect.ImmutableRangeSet$ComplementRanges                    : loaded 2 times (x 167B)
Class com.google.common.collect.NaturalOrdering                                       : loaded 2 times (x 113B)
Class build_637grcp24qpw9mr6qop07d31q$_run_closure1                                   : loaded 2 times (x 134B)
Class com.google.common.base.JdkPattern                                               : loaded 2 times (x 73B)
Class com.google.common.collect.Multimap                                              : loaded 2 times (x 68B)
Class com.google.common.collect.ByFunctionOrdering                                    : loaded 2 times (x 113B)
Class flutter_ah7t40xr1tjr94mk2otphm6wo$_run_closure1$_closure2                       : loaded 2 times (x 134B)
Class com.google.common.base.FunctionalEquivalence                                    : loaded 2 times (x 81B)
Class org.objectweb.asm.AnnotationVisitor                                             : loaded 2 times (x 75B)
Class org.objectweb.asm.RecordComponentWriter                                         : loaded 2 times (x 76B)
Class com.google.common.cache.LocalCache$1                                            : loaded 2 times (x 87B)
Class com.google.common.cache.LocalCache$2                                            : loaded 2 times (x 140B)
Class build_c8e4r4f3b4od7lsfbj77hyrin$_run_closure1                                   : loaded 2 times (x 134B)
Class com.google.common.collect.RegularImmutableBiMap                                 : loaded 2 times (x 147B)
Class org.gradle.internal.classloader.VisitableURLClassLoader$Spec                    : loaded 2 times (x 72B)
Class org.gradle.api.GradleException                                                  : loaded 2 times (x 80B)
Class com.google.common.base.CharMatcher$JavaLetterOrDigit                            : loaded 2 times (x 109B)
Class org.gradle.api.internal.classpath.ModuleRegistry                                : loaded 2 times (x 68B)
Class com.google.common.collect.CompoundOrdering                                      : loaded 2 times (x 113B)
Class com.google.common.cache.CacheBuilder                                            : loaded 2 times (x 70B)
Class org.objectweb.asm.ByteVector                                                    : loaded 2 times (x 76B)
Class com.google.common.collect.ImmutableCollection                                   : loaded 2 times (x 123B)
Class build_ct4c72zvj90rydf5t05jlf2cr$_run_closure1                                   : loaded 2 times (x 134B)
Class com.google.common.collect.ImmutableRangeSet                                     : loaded 2 times (x 113B)
Class com.google.common.base.PairwiseEquivalence                                      : loaded 2 times (x 81B)
Class com.google.common.base.Ticker                                                   : loaded 2 times (x 70B)
Class org.gradle.api.internal.ClassPathProvider                                       : loaded 2 times (x 68B)
Class com.google.common.collect.RegularImmutableMap$Values                            : loaded 2 times (x 167B)
Class org.objectweb.asm.ModuleWriter                                                  : loaded 2 times (x 79B)
Class org.gradle.internal.classloader.ClasspathUtil$1                                 : loaded 2 times (x 74B)
Class com.google.common.collect.ImmutableEnumMap                                      : loaded 2 times (x 123B)
Class com.google.common.collect.ImmutableList$ReverseImmutableList                    : loaded 2 times (x 168B)
Class [Lorg.jetbrains.kotlin.utils.DescriptionAware;                                  : loaded 2 times (x 67B)
Class com.google.common.cache.AbstractCache$StatsCounter                              : loaded 2 times (x 68B)
Class org.objectweb.asm.FieldVisitor                                                  : loaded 2 times (x 74B)
Class build_ddd7ovgaq0yf29vkruji6g85k                                                 : loaded 2 times (x 178B)
Class org.objectweb.asm.Symbol                                                        : loaded 2 times (x 71B)
Class build_d2ldzp9yj4jdu73jdcq19ysiq                                                 : loaded 2 times (x 178B)
Class com.google.common.collect.Ordering                                              : loaded 2 times (x 112B)
Class com.google.common.cache.LocalCache$Strength$1                                   : loaded 2 times (x 79B)
Class com.google.common.cache.LocalCache$Strength$2                                   : loaded 2 times (x 79B)
Class com.google.common.cache.LocalCache$Strength$3                                   : loaded 2 times (x 79B)
Class org.gradle.internal.classloader.ClassLoaderFactory                              : loaded 2 times (x 68B)
Class build_16hudcxsk9rdp7bf3y66z7t0y$_run_closure1                                   : loaded 2 times (x 134B)
Class com.google.common.collect.ObjectArrays                                          : loaded 2 times (x 69B)
Class build_4fnsrkbo33ftsjjl418pbjdpt$_run_closure1                                   : loaded 2 times (x 134B)
Class com.google.common.util.concurrent.AbstractFuture$Waiter                         : loaded 2 times (x 70B)
Class com.google.common.util.concurrent.Uninterruptibles                              : loaded 2 times (x 69B)
Class com.google.common.collect.Iterators$10                                          : loaded 2 times (x 79B)
Class com.google.common.collect.Iterators$EmptyModifiableIterator                     : loaded 2 times (x 84B)
Class com.google.common.collect.ImmutableList                                         : loaded 2 times (x 166B)
Class org.gradle.api.internal.classpath.ManifestUtil                                  : loaded 2 times (x 69B)
Class org.gradle.api.specs.Spec                                                       : loaded 2 times (x 68B)
Class com.google.common.collect.RangeSet                                              : loaded 2 times (x 68B)
Class com.google.common.cache.CacheLoader$UnsupportedLoadingOperationException        : loaded 2 times (x 80B)
Class com.google.common.base.CharMatcher$Whitespace                                   : loaded 2 times (x 110B)
Class build_9yfkzzr18rikfbwvqrmy72zxz                                                 : loaded 2 times (x 178B)
Class build_1jfdzzng3cjr74yavc3dux8du                                                 : loaded 2 times (x 178B)
Class com.google.common.util.concurrent.ListenableFuture                              : loaded 2 times (x 68B)
Class com.google.common.collect.Iterators$1                                           : loaded 2 times (x 79B)
Class com.google.common.collect.Iterators$4                                           : loaded 2 times (x 80B)
Class com.google.common.collect.Iterators$5                                           : loaded 2 times (x 80B)
Class com.google.common.util.concurrent.AbstractFuture$UnsafeAtomicHelper             : loaded 2 times (x 74B)
Class com.google.common.base.Joiner                                                   : loaded 2 times (x 77B)
Class com.google.common.base.Equivalence$Equals                                       : loaded 2 times (x 80B)
Class com.google.common.base.Preconditions                                            : loaded 2 times (x 69B)
Class com.google.common.base.Function                                                 : loaded 2 times (x 68B)
Class com.google.common.collect.Iterators$9                                           : loaded 2 times (x 79B)
Class org.gradle.internal.IoActions                                                   : loaded 2 times (x 69B)
Class com.google.common.collect.AllEqualOrdering                                      : loaded 2 times (x 112B)
Class com.google.common.collect.ComparatorOrdering                                    : loaded 2 times (x 113B)
Class com.google.common.cache.ReferenceEntry                                          : loaded 2 times (x 68B)
Class com.google.common.collect.RegularImmutableMap$KeySet                            : loaded 2 times (x 148B)
Class com.google.common.collect.CollectPreconditions                                  : loaded 2 times (x 69B)
Class com.google.common.primitives.IntsMethodsForWeb                                  : loaded 2 times (x 69B)
Class com.google.common.collect.LexicographicalOrdering                               : loaded 2 times (x 113B)
Class build_ddd7ovgaq0yf29vkruji6g85k$_run_closure1                                   : loaded 2 times (x 134B)
Class com.google.common.collect.RangeGwtSerializationDependencies                     : loaded 2 times (x 69B)
Class com.google.common.collect.Maps                                                  : loaded 2 times (x 69B)
Class com.google.common.collect.RegularImmutableMap                                   : loaded 2 times (x 119B)
Class com.google.common.collect.AbstractIndexedListIterator                           : loaded 2 times (x 94B)
Class com.google.common.base.CharMatcher$None                                         : loaded 2 times (x 110B)
Class build_ct4c72zvj90rydf5t05jlf2cr                                                 : loaded 2 times (x 178B)
Class build_dk6pqsl791p57z82ciar94pen$_run_closure1$_closure3                         : loaded 2 times (x 134B)
Class org.gradle.api.internal.classpath.EffectiveClassPath                            : loaded 2 times (x 88B)
Class com.google.common.collect.UnmodifiableListIterator                              : loaded 2 times (x 93B)
Class com.google.common.cache.CacheLoader$FunctionToCacheLoader                       : loaded 2 times (x 73B)
Class com.google.common.cache.CacheBuilder$1                                          : loaded 2 times (x 83B)
Class com.google.common.cache.CacheBuilder$2                                          : loaded 2 times (x 77B)
Class com.google.common.collect.ImmutableList$1                                       : loaded 2 times (x 95B)
Class com.google.common.base.Splitter$Strategy                                        : loaded 2 times (x 68B)
Class build_6om3anffb0hys8xj0l3rv36vu$_run_closure1                                   : loaded 2 times (x 134B)
Class com.google.common.cache.CacheBuilder$3                                          : loaded 2 times (x 70B)
Class com.google.common.collect.ImmutableMapEntrySet$RegularEntrySet                  : loaded 2 times (x 149B)
Class build_68yaskayt1y814sn0sftjxl3w$_run_closure1                                   : loaded 2 times (x 134B)
Class [Lcom.google.common.cache.RemovalListener;                                      : loaded 2 times (x 67B)
Class [Lcom.google.common.collect.ImmutableMapEntry;                                  : loaded 2 times (x 67B)
Class org.gradle.internal.installation.CurrentGradleInstallation                      : loaded 2 times (x 71B)
Class org.gradle.internal.installation.CurrentGradleInstallationLocator               : loaded 2 times (x 69B)
Class [Lcom.google.common.cache.LocalCache$Segment;                                   : loaded 2 times (x 67B)
Class org.gradle.api.internal.classpath.Module                                        : loaded 2 times (x 68B)
Class com.google.common.collect.ImmutableSortedSet                                    : loaded 2 times (x 233B)
Class com.google.common.base.Splitter$1$1                                             : loaded 2 times (x 84B)
Class build_5gakbywtkysa704crylvm4ixr$_run_closure1                                   : loaded 2 times (x 134B)
Class com.google.common.collect.ImmutableSet$JdkBackedSetBuilderImpl                  : loaded 2 times (x 74B)
Class [Lorg.jetbrains.kotlin.config.LanguageOrApiVersion;                             : loaded 2 times (x 67B)
Class com.google.common.collect.ImmutableSet$RegularSetBuilderImpl                    : loaded 2 times (x 75B)
Class org.gradle.internal.service.CachingServiceLocator                               : loaded 2 times (x 80B)
Class [Lcom.google.common.collect.ImmutableEntry;                                     : loaded 2 times (x 67B)
Class com.google.common.collect.Sets$ImprovedAbstractSet                              : loaded 2 times (x 133B)
Class build_d926hllxdtp8i9js4j19nhcr3                                                 : loaded 2 times (x 178B)
Class build_3kraqyea8ej3xb6xn132ym5wr$_run_closure1                                   : loaded 2 times (x 134B)
Class org.gradle.internal.classpath.DefaultClassPath                                  : loaded 2 times (x 88B)
Class com.android.build.gradle.api.AndroidBasePlugin                                  : loaded 2 times (x 72B)
Class build_l619ekk6cblxl2z4vq7yusm5$_run_closure1                                    : loaded 2 times (x 134B)
Class build_cums7tnqx4mkdfp46t4qhvlxa$_run_closure1                                   : loaded 2 times (x 134B)
Class org.gradle.api.Transformer                                                      : loaded 2 times (x 68B)
Class com.google.common.util.concurrent.AbstractFuture$SetFuture                      : loaded 2 times (x 73B)
Class build_68yaskayt1y814sn0sftjxl3w                                                 : loaded 2 times (x 178B)
Class com.google.common.collect.CollectCollectors                                     : loaded 2 times (x 69B)
Class build_8ftbpozrewr54n8nsyach12gc                                                 : loaded 2 times (x 178B)
Class build_dsmxhaaidmdyh0ymhe52t6hyh                                                 : loaded 2 times (x 178B)
Class build_dsmxhaaidmdyh0ymhe52t6hyh$_run_closure1                                   : loaded 2 times (x 134B)
Class com.google.common.base.Splitter$SplittingIterator                               : loaded 2 times (x 82B)
Class build_4r8zzeegtzo6daye0lgyujlh0                                                 : loaded 2 times (x 179B)
Class com.google.common.cache.LocalCache$LocalManualCache$1                           : loaded 2 times (x 73B)
Class build_dk6pqsl791p57z82ciar94pen                                                 : loaded 2 times (x 178B)
Class org.objectweb.asm.SymbolTable$Entry                                             : loaded 2 times (x 72B)
Class [Lcom.google.common.cache.LocalCache$EntryFactory;                              : loaded 2 times (x 67B)
Class com.google.common.base.CharMatcher$Is                                           : loaded 2 times (x 109B)
Class com.google.common.base.Platform                                                 : loaded 2 times (x 69B)
Class com.google.common.collect.RegularImmutableAsList                                : loaded 2 times (x 176B)
Class com.google.common.collect.PeekingIterator                                       : loaded 2 times (x 68B)
Class build_3kraqyea8ej3xb6xn132ym5wr                                                 : loaded 2 times (x 178B)
Class com.google.common.collect.ImmutableMapEntrySet                                  : loaded 2 times (x 149B)
Class com.google.common.cache.CacheLoader                                             : loaded 2 times (x 72B)
Class com.google.common.collect.ImmutableBiMapFauxverideShim                          : loaded 2 times (x 118B)
Class org.objectweb.asm.MethodTooLargeException                                       : loaded 2 times (x 81B)
Class com.google.common.cache.Cache                                                   : loaded 2 times (x 68B)
Class org.jetbrains.kotlin.config.ApiVersion                                          : loaded 2 times (x 83B)
Class org.gradle.internal.classloader.SystemClassLoaderSpec                           : loaded 2 times (x 69B)
Class build_n566z3p39vg9hxgut6loikrl                                                  : loaded 2 times (x 178B)
Class com.google.common.util.concurrent.internal.InternalFutureFailureAccess          : loaded 2 times (x 70B)
Class com.google.common.base.Charsets                                                 : loaded 2 times (x 69B)
Class org.jetbrains.kotlin.utils.DescriptionAware                                     : loaded 2 times (x 68B)
Class com.google.common.primitives.Ints$IntConverter                                  : loaded 2 times (x 88B)
Class com.google.common.collect.SingletonImmutableSet                                 : loaded 2 times (x 146B)
Class [Lcom.google.common.base.AbstractIterator$State;                                : loaded 2 times (x 67B)
Class com.google.common.collect.ImmutableMap$Builder                                  : loaded 2 times (x 78B)
Class com.google.common.base.AbstractIterator                                         : loaded 2 times (x 78B)
Class build_dk6pqsl791p57z82ciar94pen$_run_closure1                                   : loaded 2 times (x 134B)
Class org.objectweb.asm.ClassWriter                                                   : loaded 2 times (x 102B)
Class com.google.common.collect.Range                                                 : loaded 2 times (x 85B)
Class org.jetbrains.kotlin.config.LanguageVersion                                     : loaded 2 times (x 87B)
Class com.google.common.base.AbstractIterator$1                                       : loaded 2 times (x 69B)
Class build_cums7tnqx4mkdfp46t4qhvlxa                                                 : loaded 2 times (x 178B)
Class org.jetbrains.kotlin.config.MavenComparableVersion$Item                         : loaded 2 times (x 68B)
Class [Lcom.google.common.cache.CacheBuilder$OneWeigher;                              : loaded 2 times (x 67B)
Class com.google.common.collect.Iterators                                             : loaded 2 times (x 69B)
Class com.google.common.base.CharMatcher$1                                            : loaded 2 times (x 111B)
Class com.google.common.base.CharMatcher$Ascii                                        : loaded 2 times (x 110B)
Class build_6om3anffb0hys8xj0l3rv36vu                                                 : loaded 2 times (x 178B)
Class org.gradle.api.UncheckedIOException                                             : loaded 2 times (x 80B)
Class com.google.common.base.CharMatcher$And                                          : loaded 2 times (x 110B)
Class com.google.common.collect.IndexedImmutableSet                                   : loaded 2 times (x 148B)
Class com.google.common.collect.IndexedImmutableSet$1                                 : loaded 2 times (x 172B)
Class com.google.common.collect.AbstractListMultimap                                  : loaded 2 times (x 170B)
Class com.google.common.base.CharMatcher$Any                                          : loaded 2 times (x 110B)
Class com.google.common.cache.LocalCache$Strength                                     : loaded 2 times (x 79B)
Class com.google.common.collect.AbstractMapBasedMultimap$KeySet                       : loaded 2 times (x 135B)
Class com.google.common.collect.SortedIterable                                        : loaded 2 times (x 68B)
Class com.google.common.collect.ArrayListMultimapGwtSerializationDependencies         : loaded 2 times (x 170B)
Class com.google.common.base.CharMatcher$RangesMatcher                                : loaded 2 times (x 110B)
Class org.objectweb.asm.Handler                                                       : loaded 2 times (x 70B)
Class build_d2ldzp9yj4jdu73jdcq19ysiq$_run_closure1                                   : loaded 2 times (x 134B)
Class build_2lx9kukjwem3scgi153omnidj$_run_closure1                                   : loaded 2 times (x 134B)
Class com.google.common.collect.ImmutableList$SubList                                 : loaded 2 times (x 168B)
Class com.google.common.cache.LocalCache$ValueReference                               : loaded 2 times (x 68B)
Class org.gradle.internal.classloader.ClasspathUtil                                   : loaded 2 times (x 69B)
Class org.objectweb.asm.CurrentFrame                                                  : loaded 2 times (x 71B)
Class com.google.common.util.concurrent.AbstractFuture                                : loaded 2 times (x 93B)
Class build_4fnsrkbo33ftsjjl418pbjdpt$_run_closure1$_closure3                         : loaded 2 times (x 134B)
Class com.google.common.base.Splitter$1                                               : loaded 2 times (x 75B)
Class com.google.common.collect.ReverseOrdering                                       : loaded 2 times (x 113B)
Class com.google.common.base.Ticker$1                                                 : loaded 2 times (x 70B)
Class com.google.common.collect.Maps$BiMapConverter                                   : loaded 2 times (x 88B)
Class org.gradle.api.internal.DefaultClassPathRegistry                                : loaded 2 times (x 74B)
Class org.jetbrains.kotlin.config.LanguageOrApiVersion                                : loaded 2 times (x 68B)
Class com.google.common.util.concurrent.AbstractFuture$Cancellation                   : loaded 2 times (x 70B)
Class [Lorg.objectweb.asm.Symbol;                                                     : loaded 2 times (x 67B)
Class com.google.common.collect.ImmutableSet$SetBuilderImpl                           : loaded 2 times (x 74B)
Class org.gradle.api.internal.classpath.DefaultModuleRegistry$DefaultModule           : loaded 2 times (x 84B)
Class com.google.common.base.CharMatcher$JavaIsoControl                               : loaded 2 times (x 110B)
Class com.google.common.collect.ImmutableMap$1                                        : loaded 2 times (x 79B)
Class org.jetbrains.kotlin.config.ApiVersion$Companion                                : loaded 2 times (x 69B)
Class com.google.common.base.CharMatcher$Or                                           : loaded 2 times (x 110B)
Class com.google.common.base.Suppliers$SupplierOfInstance                             : loaded 2 times (x 77B)
Class org.objectweb.asm.RecordComponentVisitor                                        : loaded 2 times (x 75B)
Class com.google.common.collect.Iterables                                             : loaded 2 times (x 69B)
Class com.google.common.base.CharMatcher$JavaLowerCase                                : loaded 2 times (x 109B)
Class org.objectweb.asm.ClassTooLargeException                                        : loaded 2 times (x 81B)
Class org.jetbrains.kotlin.config.LanguageVersion$Companion                           : loaded 2 times (x 69B)
Class org.gradle.api.internal.classpath.UnknownModuleException                        : loaded 2 times (x 80B)
Class build_qxg3oofsulrvapnk6gxawqqr                                                  : loaded 2 times (x 178B)
Class com.google.common.util.concurrent.AbstractFuture$Listener                       : loaded 2 times (x 70B)
Class org.objectweb.asm.Edge                                                          : loaded 2 times (x 70B)
Class flutter_ah7t40xr1tjr94mk2otphm6wo$_run_closure1                                 : loaded 2 times (x 134B)
Class com.google.common.collect.Maps$EntryTransformer                                 : loaded 2 times (x 68B)
Class com.google.common.collect.ImmutableCollection$Builder                           : loaded 2 times (x 74B)
Class [Lorg.objectweb.asm.SymbolTable$Entry;                                          : loaded 2 times (x 67B)
Class com.google.common.collect.SingletonImmutableBiMap                               : loaded 2 times (x 142B)
Class build_9yfkzzr18rikfbwvqrmy72zxz$_run_closure1$_closure3                         : loaded 2 times (x 134B)
Class com.google.common.base.CommonPattern                                            : loaded 2 times (x 72B)
Class com.google.common.base.Suppliers                                                : loaded 2 times (x 69B)
Class [Lcom.google.common.collect.Iterators$EmptyModifiableIterator;                  : loaded 2 times (x 67B)
Class org.objectweb.asm.ClassVisitor                                                  : loaded 2 times (x 85B)
Class com.google.common.cache.LoadingCache                                            : loaded 2 times (x 68B)
Class org.gradle.internal.service.ServiceLookupException                              : loaded 2 times (x 80B)
Class build_8jkdlf7tp7u1maqmypl20z6eh$_run_closure1                                   : loaded 2 times (x 134B)
Class build_2lx9kukjwem3scgi153omnidj                                                 : loaded 2 times (x 178B)
Class build_4fnsrkbo33ftsjjl418pbjdpt                                                 : loaded 2 times (x 178B)
Class org.gradle.cache.GlobalCache                                                    : loaded 2 times (x 68B)
Class com.google.common.base.CharMatcher$NegatedFastMatcher                           : loaded 2 times (x 111B)
Class [Lorg.gradle.api.internal.ClassPathProvider;                                    : loaded 2 times (x 67B)
Class com.google.common.util.concurrent.AbstractFuture$SafeAtomicHelper               : loaded 2 times (x 75B)
Class build_eocv2pc2ykvb31ogal3uptbej                                                 : loaded 2 times (x 179B)
Class org.gradle.util.internal.GUtil                                                  : loaded 2 times (x 69B)
Class com.google.common.math.IntMath                                                  : loaded 2 times (x 69B)
Class com.google.common.collect.AbstractIterator                                      : loaded 2 times (x 80B)
Class org.gradle.internal.classloader.ClassLoaderSpec                                 : loaded 2 times (x 69B)
Class build_8ri0hn1jftg969rhl3n41nzix                                                 : loaded 2 times (x 178B)
Class org.objectweb.asm.Frame                                                         : loaded 2 times (x 71B)
Class com.google.common.cache.LocalCache$LocalManualCache                             : loaded 2 times (x 97B)
Class com.google.common.collect.AbstractMapEntry                                      : loaded 2 times (x 79B)
Class com.google.common.collect.ImmutableList$Builder                                 : loaded 2 times (x 75B)
Class com.google.common.base.CharMatcher$Negated                                      : loaded 2 times (x 111B)
Class build_8ri0hn1jftg969rhl3n41nzix$_run_closure1                                   : loaded 2 times (x 134B)
Class com.google.common.cache.CacheLoader$1                                           : loaded 2 times (x 73B)
Class com.android.build.gradle.BasePlugin                                             : loaded 2 times (x 75B)
Class com.google.common.util.concurrent.AbstractFuture$TrustedFuture                  : loaded 2 times (x 95B)
Class build_750xmhrpsta11uef4jj2yr5g1                                                 : loaded 2 times (x 179B)
Class build_2c26tt4x4lwny1aii3hw5goey$_run_closure1                                   : loaded 2 times (x 134B)
Class build_8jkdlf7tp7u1maqmypl20z6eh                                                 : loaded 2 times (x 178B)
Class build_89g55duis7xfn5c2wbflis02v                                                 : loaded 2 times (x 179B)
Class com.google.common.collect.Sets                                                  : loaded 2 times (x 69B)
Class com.google.common.collect.ImmutableSet$Builder                                  : loaded 2 times (x 83B)
Class com.google.common.base.CharMatcher$ForPredicate                                 : loaded 2 times (x 110B)
Class com.google.common.collect.ImmutableMap$MapViewOfValuesAsSingletonSets           : loaded 2 times (x 123B)
Class com.google.common.base.MoreObjects                                              : loaded 2 times (x 69B)
Class com.google.common.collect.SortedMapDifference                                   : loaded 2 times (x 68B)
Class org.objectweb.asm.SymbolTable                                                   : loaded 2 times (x 70B)
Class com.google.common.cache.CacheStats                                              : loaded 2 times (x 69B)
Class org.objectweb.asm.Attribute                                                     : loaded 2 times (x 75B)
Class org.gradle.internal.classloader.VisitableURLClassLoader                         : loaded 2 times (x 115B)
Class com.google.common.cache.LocalCache$LocalLoadingCache                            : loaded 2 times (x 132B)
Class com.google.common.base.Supplier                                                 : loaded 2 times (x 68B)
Class com.google.common.util.concurrent.AbstractFuture$AtomicHelper                   : loaded 2 times (x 74B)
Class com.google.common.collect.ImmutableBiMap                                        : loaded 2 times (x 142B)
Class org.gradle.internal.Cast                                                        : loaded 2 times (x 69B)
Class org.gradle.api.internal.ClassPathRegistry                                       : loaded 2 times (x 68B)
Class build_637grcp24qpw9mr6qop07d31q                                                 : loaded 2 times (x 179B)
Class com.google.common.cache.LocalCache$EntryFactory                                 : loaded 2 times (x 81B)
Class com.google.common.util.concurrent.UncheckedExecutionException                   : loaded 2 times (x 80B)
Class com.google.common.collect.ImmutableSet                                          : loaded 2 times (x 145B)
Class org.gradle.internal.classloader.ClassLoaderHierarchy                            : loaded 2 times (x 68B)
Class build_5gakbywtkysa704crylvm4ixr                                                 : loaded 2 times (x 178B)
Class build_n566z3p39vg9hxgut6loikrl$_run_closure1                                    : loaded 2 times (x 134B)
Class build_c8e4r4f3b4od7lsfbj77hyrin                                                 : loaded 2 times (x 178B)
Class build_89g55duis7xfn5c2wbflis02v$_run_closure1                                   : loaded 2 times (x 134B)
Class [Lorg.objectweb.asm.Type;                                                       : loaded 2 times (x 67B)
Class com.google.common.base.AbstractIterator$State                                   : loaded 2 times (x 77B)
Class org.jetbrains.kotlin.config.LanguageVersionSettings                             : loaded 2 times (x 68B)
Class com.google.common.cache.Weigher                                                 : loaded 2 times (x 68B)
Class com.google.common.base.CharMatcher$NamedFastMatcher                             : loaded 2 times (x 110B)
Class build_16hudcxsk9rdp7bf3y66z7t0y$_run_closure1$_closure3                         : loaded 2 times (x 134B)
Class build_eocv2pc2ykvb31ogal3uptbej$_run_closure1                                   : loaded 2 times (x 134B)
Class org.gradle.internal.service.ServiceLocator                                      : loaded 2 times (x 68B)
Class build_9uq4rlnk2dgmrwdwp9ha4d32x                                                 : loaded 2 times (x 178B)
Class build_3kraqyea8ej3xb6xn132ym5wr$_run_closure1$_closure3                         : loaded 2 times (x 134B)
Class org.jetbrains.kotlin.config.MavenComparableVersion                              : loaded 2 times (x 76B)
Class com.google.common.collect.ImmutableRangeSet$1                                   : loaded 2 times (x 169B)
Class com.google.common.util.concurrent.SettableFuture                                : loaded 2 times (x 95B)
Class build_8ftbpozrewr54n8nsyach12gc$_run_closure1                                   : loaded 2 times (x 134B)
Class com.android.build.gradle.AppPlugin                                              : loaded 2 times (x 75B)
Class com.google.common.collect.ImmutableMapEntry                                     : loaded 2 times (x 83B)
Class build_eocv2pc2ykvb31ogal3uptbej$_run_closure1$_closure3                         : loaded 2 times (x 134B)
Class com.google.common.base.CharMatcher$Invisible                                    : loaded 2 times (x 110B)
Class com.google.common.base.Joiner$1                                                 : loaded 2 times (x 78B)
Class com.google.common.base.Joiner$2                                                 : loaded 2 times (x 77B)
Class com.google.common.base.CharMatcher$FastMatcher                                  : loaded 2 times (x 109B)
Class [Lorg.jetbrains.kotlin.config.LanguageVersion;                                  : loaded 2 times (x 67B)
Class org.gradle.internal.classpath.DefaultClassPath$ImmutableUniqueList              : loaded 2 times (x 159B)
Class com.google.common.base.CharMatcher$JavaLetter                                   : loaded 2 times (x 109B)
Class build_84sbunjw61pyryaill3796pqh$_run_closure1                                   : loaded 2 times (x 134B)
Class com.google.common.collect.MapDifference                                         : loaded 2 times (x 68B)
Class com.google.common.collect.Sets$1                                                : loaded 2 times (x 137B)
Class com.google.common.collect.Sets$2                                                : loaded 2 times (x 137B)
Class com.google.common.util.concurrent.AbstractFuture$Trusted                        : loaded 2 times (x 68B)
Class build_80h370ni06usk7t0bt1vm9uso$_run_closure1                                   : loaded 2 times (x 134B)
Class com.google.common.collect.Sets$3                                                : loaded 2 times (x 137B)
Class com.google.common.collect.Sets$4                                                : loaded 2 times (x 137B)
Class com.android.build.gradle.DynamicFeaturePlugin                                   : loaded 2 times (x 75B)
Class org.objectweb.asm.MethodWriter                                                  : loaded 2 times (x 103B)
Class com.google.common.collect.Platform                                              : loaded 2 times (x 69B)
Class com.google.common.collect.ImmutableAsList                                       : loaded 2 times (x 169B)
Class com.google.common.util.concurrent.ExecutionError                                : loaded 2 times (x 80B)
Class com.google.common.base.Equivalence$Identity                                     : loaded 2 times (x 80B)
Class com.google.common.base.CharMatcher$AnyOf                                        : loaded 2 times (x 110B)
Class com.google.common.base.CharMatcher$IsEither                                     : loaded 2 times (x 109B)
Class com.google.common.cache.LocalCache                                              : loaded 2 times (x 185B)
Class com.google.common.collect.ImmutableRangeSet$Builder                             : loaded 2 times (x 75B)
Class build_4r8zzeegtzo6daye0lgyujlh0$_run_closure1                                   : loaded 2 times (x 134B)
Class com.google.common.collect.RegularImmutableList                                  : loaded 2 times (x 172B)
Class com.google.common.util.concurrent.AbstractFuture$UnsafeAtomicHelper$1           : loaded 2 times (x 74B)
Class com.google.common.base.CharMatcher$JavaUpperCase                                : loaded 2 times (x 109B)
Class com.google.common.collect.Multiset                                              : loaded 2 times (x 68B)
Class build_16hudcxsk9rdp7bf3y66z7t0y                                                 : loaded 2 times (x 178B)
Class build_637grcp24qpw9mr6qop07d31q$_run_closure1$_closure2                         : loaded 2 times (x 134B)
Class build_637grcp24qpw9mr6qop07d31q$_run_closure1$_closure3                         : loaded 2 times (x 134B)
Class org.objectweb.asm.MethodVisitor                                                 : loaded 2 times (x 102B)
Class com.google.common.collect.NullsLastOrdering                                     : loaded 2 times (x 113B)
Class com.google.common.collect.AbstractMapBasedMultimap$KeySet$1                     : loaded 2 times (x 80B)
Class com.google.common.collect.ImmutableMapEntry$NonTerminalImmutableMapEntry        : loaded 2 times (x 83B)
Class com.google.common.collect.AbstractMapBasedMultimap                              : loaded 2 times (x 137B)


---------------  S Y S T E M  ---------------

OS:
 Windows 11 , 64 bit Build 26100 (10.0.26100.6725)
OS uptime: 2 days 23:43 hours
Hyper-V role detected

CPU: total 12 (initial active 12) (12 cores per cpu, 2 threads per core) family 25 model 68 stepping 1 microcode 0xa404107, cx8, cmov, fxsr, ht, mmx, 3dnowpref, sse, sse2, sse3, ssse3, sse4a, sse4.1, sse4.2, popcnt, lzcnt, tsc, tscinvbit, avx, avx2, aes, erms, clmul, bmi1, bmi2, adx, sha, fma, vzeroupper, clflush, clflushopt, hv
Processor Information for processor 0
  Max Mhz: 3301, Current Mhz: 3301, Mhz Limit: 3301
Processor Information for processor 1
  Max Mhz: 3301, Current Mhz: 2635, Mhz Limit: 3301
Processor Information for processor 2
  Max Mhz: 3301, Current Mhz: 3301, Mhz Limit: 3301
Processor Information for processor 3
  Max Mhz: 3301, Current Mhz: 2635, Mhz Limit: 3301
Processor Information for processor 4
  Max Mhz: 3301, Current Mhz: 2635, Mhz Limit: 3301
Processor Information for processor 5
  Max Mhz: 3301, Current Mhz: 2635, Mhz Limit: 3301
Processor Information for processor 6
  Max Mhz: 3301, Current Mhz: 3301, Mhz Limit: 3301
Processor Information for processor 7
  Max Mhz: 3301, Current Mhz: 2635, Mhz Limit: 3301
Processor Information for processor 8
  Max Mhz: 3301, Current Mhz: 2635, Mhz Limit: 3301
Processor Information for processor 9
  Max Mhz: 3301, Current Mhz: 2635, Mhz Limit: 3301
Processor Information for processor 10
  Max Mhz: 3301, Current Mhz: 2635, Mhz Limit: 3301
Processor Information for processor 11
  Max Mhz: 3301, Current Mhz: 2635, Mhz Limit: 3301

Memory: 4k page, system-wide physical 7381M (346M free)
TotalPageFile size 29909M (AvailPageFile size 2M)
current process WorkingSet (physical memory assigned to process): 91M, peak: 462M
current process commit charge ("private bytes"): 781M, peak: 793M

vm_info: OpenJDK 64-Bit Server VM (17.0.9+0--11185874) for windows-amd64 JRE (17.0.9+0--11185874), built on Dec  6 2023 18:57:44 by "androidbuild" with MS VC++ 16.10 / 16.11 (VS2019)

END.
