#
# There is insufficient memory for the Java Runtime Environment to continue.
# Native memory allocation (mmap) failed to map 65536 bytes for Failed to commit metaspace.
# Possible reasons:
#   The system is out of physical RAM or swap space
#   The process is running with CompressedOops enabled, and the Java Heap may be blocking the growth of the native heap
# Possible solutions:
#   Reduce memory load on the system
#   Increase physical memory or swap space
#   Check if swap backing store is full
#   Decrease Java heap size (-Xmx/-Xms)
#   Decrease number of Java threads
#   Decrease Java thread stack sizes (-Xss)
#   Set larger code cache with -XX:ReservedCodeCacheSize=
#   JVM is running with Unscaled Compressed Oops mode in which the Java heap is
#     placed in the first 4GB address space. The Java Heap base address is the
#     maximum limit for the native heap growth. Please use -XX:HeapBaseMinAddress
#     to set the Java Heap base and to place the Java Heap above 4GB virtual address.
# This output file may be truncated or incomplete.
#
#  Out of Memory Error (virtualSpaceNode.cpp:110), pid=20876, tid=44152
#
# JRE version: OpenJDK Runtime Environment (17.0.9) (build 17.0.9+0--11185874)
# Java VM: OpenJDK 64-Bit Server VM (17.0.9+0--11185874, mixed mode, tiered, compressed oops, compressed class ptrs, g1 gc, windows-amd64)
# No core dump will be written. Minidumps are not enabled by default on client versions of Windows
#

---------------  S U M M A R Y ------------

Command Line: --add-opens=java.base/java.util=ALL-UNNAMED --add-opens=java.base/java.lang=ALL-UNNAMED --add-opens=java.base/java.lang.invoke=ALL-UNNAMED --add-opens=java.base/java.util=ALL-UNNAMED --add-opens=java.prefs/java.util.prefs=ALL-UNNAMED --add-opens=java.prefs/java.util.prefs=ALL-UNNAMED --add-opens=java.base/java.nio.charset=ALL-UNNAMED --add-opens=java.base/java.net=ALL-UNNAMED --add-opens=java.base/java.util.concurrent.atomic=ALL-UNNAMED -Xmx1536M -Dfile.encoding=windows-1252 -Duser.country=ID -Duser.language=en -Duser.variant org.gradle.launcher.daemon.bootstrap.GradleDaemon 7.5

Host: AMD Ryzen 5 7535HS with Radeon Graphics        , 12 cores, 7G,  Windows 11 , 64 bit Build 22621 (10.0.22621.4830)
Time: Thu Feb 20 17:06:23 2025 Malay Peninsula Standard Time elapsed time: 31047.841938 seconds (0d 8h 37m 27s)

---------------  T H R E A D  ---------------

Current thread (0x000001ff93ce89f0):  JavaThread "Daemon worker Thread 8" [_thread_in_vm, id=44152, stack(0x000000531bd00000,0x000000531be00000)]

Stack: [0x000000531bd00000,0x000000531be00000]
Native frames: (J=compiled Java code, j=interpreted, Vv=VM code, C=native code)
V  [jvm.dll+0x6886e9]
V  [jvm.dll+0x841e4a]
V  [jvm.dll+0x843a8e]
V  [jvm.dll+0x8440f3]
V  [jvm.dll+0x24c14f]
V  [jvm.dll+0x83ce2b]
V  [jvm.dll+0x62cae6]
V  [jvm.dll+0x1c2f6e]
V  [jvm.dll+0x62f441]
V  [jvm.dll+0x62d486]
V  [jvm.dll+0x637377]
V  [jvm.dll+0x1ef15b]
V  [jvm.dll+0x1ef695]
V  [jvm.dll+0x1f0035]
V  [jvm.dll+0x1e54cc]
V  [jvm.dll+0x54e1bc]
V  [jvm.dll+0x7bb175]
V  [jvm.dll+0x7bb28e]
V  [jvm.dll+0x4166fa]
V  [jvm.dll+0x41c899]
C  [java.dll+0x17ec]

Java frames: (J=compiled Java code, j=interpreted, Vv=VM code)
J 794  java.lang.ClassLoader.defineClass1(Ljava/lang/ClassLoader;Ljava/lang/String;[BIILjava/security/ProtectionDomain;Ljava/lang/String;)Ljava/lang/Class; java.base@17.0.9 (0 bytes) @ 0x000001fff4c4e05b [0x000001fff4c4dfa0+0x00000000000000bb]
J 22125 c2 java.net.URLClassLoader.defineClass(Ljava/lang/String;Ljdk/internal/loader/Resource;)Ljava/lang/Class; java.base@17.0.9 (224 bytes) @ 0x000001fff5930558 [0x000001fff592e740+0x0000000000001e18]
J 29590 c2 java.net.URLClassLoader$1.run()Ljava/lang/Object; java.base@17.0.9 (5 bytes) @ 0x000001fff62a9c74 [0x000001fff62a9700+0x0000000000000574]
J 3992 c2 java.net.URLClassLoader.findClass(Ljava/lang/String;)Ljava/lang/Class; java.base@17.0.9 (47 bytes) @ 0x000001fff4df7e3c [0x000001fff4df7d80+0x00000000000000bc]
J 8005 c2 java.lang.ClassLoader.loadClass(Ljava/lang/String;Z)Ljava/lang/Class; java.base@17.0.9 (121 bytes) @ 0x000001fff4f51ad4 [0x000001fff4f51820+0x00000000000002b4]
J 6194 c2 java.lang.ClassLoader.loadClass(Ljava/lang/String;)Ljava/lang/Class; java.base@17.0.9 (7 bytes) @ 0x000001fff4f02a40 [0x000001fff4f02a00+0x0000000000000040]
v  ~StubRoutines::call_stub
j  org.gradle.internal.buildevents.BuildExceptionReporter$FailureDetails.<init>(Ljava/lang/Throwable;Lorg/gradle/internal/buildevents/BuildExceptionReporter$ExceptionStyle;)V+5
j  org.gradle.internal.buildevents.BuildExceptionReporter.constructFailureDetails(Ljava/lang/String;Ljava/lang/Throwable;)Lorg/gradle/internal/buildevents/BuildExceptionReporter$FailureDetails;+9
j  org.gradle.internal.buildevents.BuildExceptionReporter.renderSingleBuildException(Ljava/lang/Throwable;)V+19
j  org.gradle.internal.buildevents.BuildExceptionReporter.execute(Ljava/lang/Throwable;)V+20
j  org.gradle.internal.buildevents.BuildExceptionReporter.buildFinished(Lorg/gradle/BuildResult;)V+12
j  org.gradle.internal.buildevents.BuildLogger.logResult(Ljava/lang/Throwable;)V+27
j  org.gradle.launcher.exec.BuildOutcomeReportingBuildActionRunner.run(Lorg/gradle/internal/invocation/BuildAction;Lorg/gradle/internal/buildtree/BuildTreeLifecycleController;)Lorg/gradle/internal/buildtree/BuildActionRunner$Result;+83
j  org.gradle.tooling.internal.provider.FileSystemWatchingBuildActionRunner.run(Lorg/gradle/internal/invocation/BuildAction;Lorg/gradle/internal/buildtree/BuildTreeLifecycleController;)Lorg/gradle/internal/buildtree/BuildActionRunner$Result;+329
j  org.gradle.launcher.exec.BuildCompletionNotifyingBuildActionRunner.run(Lorg/gradle/internal/invocation/BuildAction;Lorg/gradle/internal/buildtree/BuildTreeLifecycleController;)Lorg/gradle/internal/buildtree/BuildActionRunner$Result;+6
j  org.gradle.launcher.exec.RootBuildLifecycleBuildActionExecutor.lambda$execute$0(Lorg/gradle/internal/invocation/BuildAction;Lorg/gradle/internal/buildtree/BuildTreeLifecycleController;)Lorg/gradle/internal/buildtree/BuildActionRunner$Result;+6
j  org.gradle.launcher.exec.RootBuildLifecycleBuildActionExecutor$$Lambda$171+0x000000010039e0e0.apply(Ljava/lang/Object;)Ljava/lang/Object;+12
j  org.gradle.composite.internal.DefaultRootBuildState.run(Ljava/util/function/Function;)Ljava/lang/Object;+87
j  org.gradle.launcher.exec.RootBuildLifecycleBuildActionExecutor.execute(Lorg/gradle/internal/invocation/BuildAction;Lorg/gradle/internal/buildtree/BuildTreeContext;)Lorg/gradle/internal/buildtree/BuildActionRunner$Result;+28
j  org.gradle.internal.buildtree.DefaultBuildTreeContext.execute(Lorg/gradle/internal/invocation/BuildAction;)Lorg/gradle/internal/buildtree/BuildActionRunner$Result;+64
j  org.gradle.launcher.exec.BuildTreeLifecycleBuildActionExecutor.lambda$execute$0(Lorg/gradle/internal/invocation/BuildAction;Lorg/gradle/internal/buildtree/BuildTreeContext;)Lorg/gradle/internal/buildtree/BuildActionRunner$Result;+2
j  org.gradle.launcher.exec.BuildTreeLifecycleBuildActionExecutor$$Lambda$112+0x00000001002c0fb0.apply(Ljava/lang/Object;)Ljava/lang/Object;+8
j  org.gradle.internal.buildtree.BuildTreeState.run(Ljava/util/function/Function;)Ljava/lang/Object;+5
j  org.gradle.launcher.exec.BuildTreeLifecycleBuildActionExecutor.execute(Lorg/gradle/internal/invocation/BuildAction;Lorg/gradle/internal/session/BuildSessionContext;)Lorg/gradle/internal/buildtree/BuildActionRunner$Result;+181
j  org.gradle.launcher.exec.RunAsBuildOperationBuildActionExecutor$3.call(Lorg/gradle/internal/operations/BuildOperationContext;)Lorg/gradle/internal/buildtree/BuildActionRunner$Result;+25
j  org.gradle.launcher.exec.RunAsBuildOperationBuildActionExecutor$3.call(Lorg/gradle/internal/operations/BuildOperationContext;)Ljava/lang/Object;+2
J 19799 c2 org.gradle.internal.operations.DefaultBuildOperationRunner$CallableBuildOperationWorker.execute(Lorg/gradle/internal/operations/BuildOperation;Lorg/gradle/internal/operations/BuildOperationContext;)V (10 bytes) @ 0x000001fff54e3534 [0x000001fff54e1560+0x0000000000001fd4]
J 23520 c2 org.gradle.internal.operations.DefaultBuildOperationRunner$2.execute(Lorg/gradle/internal/operations/BuildOperationDescriptor;Lorg/gradle/internal/operations/BuildOperationState;Lorg/gradle/internal/operations/BuildOperationState;Lorg/gradle/internal/operations/DefaultBuildOperationRunner$ReadableBuildOperationContext;Lorg/gradle/internal/operations/DefaultBuildOperationRunner$BuildOperationExecutionListener;)Lorg/gradle/internal/operations/BuildOperation; (110 bytes) @ 0x000001fff5a5ca24 [0x000001fff5a5b1e0+0x0000000000001844]
J 23650 c2 org.gradle.internal.operations.DefaultBuildOperationRunner.execute(Lorg/gradle/internal/operations/BuildOperation;Lorg/gradle/internal/operations/BuildOperationWorker;Lorg/gradle/internal/operations/BuildOperationState;)V (23 bytes) @ 0x000001fff5a730a4 [0x000001fff5a72840+0x0000000000000864]
J 19055 c2 org.gradle.internal.operations.DefaultBuildOperationExecutor.call(Lorg/gradle/internal/operations/CallableBuildOperation;)Ljava/lang/Object; (11 bytes) @ 0x000001fff559299c [0x000001fff55927e0+0x00000000000001bc]
j  org.gradle.launcher.exec.RunAsBuildOperationBuildActionExecutor.execute(Lorg/gradle/internal/invocation/BuildAction;Lorg/gradle/internal/session/BuildSessionContext;)Lorg/gradle/internal/buildtree/BuildActionRunner$Result;+23
j  org.gradle.launcher.exec.RunAsWorkerThreadBuildActionExecutor.lambda$execute$0(Lorg/gradle/internal/invocation/BuildAction;Lorg/gradle/internal/session/BuildSessionContext;)Lorg/gradle/internal/buildtree/BuildActionRunner$Result;+6
j  org.gradle.launcher.exec.RunAsWorkerThreadBuildActionExecutor$$Lambda$111+0x00000001002afb00.create()Ljava/lang/Object;+12
J 12105 c1 org.gradle.internal.work.DefaultWorkerLeaseService.withLocks(Ljava/util/Collection;Lorg/gradle/internal/Factory;)Ljava/lang/Object; (53 bytes) @ 0x000001ffedc0a294 [0x000001ffedc09e40+0x0000000000000454]
J 11601 c1 org.gradle.internal.work.DefaultWorkerLeaseService.runAsWorkerThread(Lorg/gradle/internal/Factory;)Ljava/lang/Object; (37 bytes) @ 0x000001ffeda92cf4 [0x000001ffeda92760+0x0000000000000594]
j  org.gradle.launcher.exec.RunAsWorkerThreadBuildActionExecutor.execute(Lorg/gradle/internal/invocation/BuildAction;Lorg/gradle/internal/session/BuildSessionContext;)Lorg/gradle/internal/buildtree/BuildActionRunner$Result;+12
j  org.gradle.tooling.internal.provider.continuous.ContinuousBuildActionExecutor.execute(Lorg/gradle/internal/invocation/BuildAction;Lorg/gradle/internal/session/BuildSessionContext;)Lorg/gradle/internal/buildtree/BuildActionRunner$Result;+58
j  org.gradle.tooling.internal.provider.SubscribableBuildActionExecutor.execute(Lorg/gradle/internal/invocation/BuildAction;Lorg/gradle/internal/session/BuildSessionContext;)Lorg/gradle/internal/buildtree/BuildActionRunner$Result;+30
j  org.gradle.internal.session.DefaultBuildSessionContext.execute(Lorg/gradle/internal/invocation/BuildAction;)Lorg/gradle/internal/buildtree/BuildActionRunner$Result;+64
j  org.gradle.tooling.internal.provider.BuildSessionLifecycleBuildActionExecuter$ActionImpl.apply(Lorg/gradle/internal/session/BuildSessionContext;)Lorg/gradle/launcher/exec/BuildActionResult;+6
j  org.gradle.tooling.internal.provider.BuildSessionLifecycleBuildActionExecuter$ActionImpl.apply(Ljava/lang/Object;)Ljava/lang/Object;+5
j  org.gradle.internal.session.BuildSessionState.run(Ljava/util/function/Function;)Ljava/lang/Object;+5
j  org.gradle.tooling.internal.provider.BuildSessionLifecycleBuildActionExecuter.execute(Lorg/gradle/internal/invocation/BuildAction;Lorg/gradle/launcher/exec/BuildActionParameters;Lorg/gradle/initialization/BuildRequestContext;)Lorg/gradle/launcher/exec/BuildActionResult;+95
j  org.gradle.tooling.internal.provider.BuildSessionLifecycleBuildActionExecuter.execute(Lorg/gradle/internal/invocation/BuildAction;Ljava/lang/Object;Ljava/lang/Object;)Lorg/gradle/launcher/exec/BuildActionResult;+10
j  org.gradle.tooling.internal.provider.StartParamsValidatingActionExecuter.execute(Lorg/gradle/internal/invocation/BuildAction;Lorg/gradle/launcher/exec/BuildActionParameters;Lorg/gradle/initialization/BuildRequestContext;)Lorg/gradle/launcher/exec/BuildActionResult;+177
j  org.gradle.tooling.internal.provider.StartParamsValidatingActionExecuter.execute(Lorg/gradle/internal/invocation/BuildAction;Ljava/lang/Object;Ljava/lang/Object;)Lorg/gradle/launcher/exec/BuildActionResult;+10
j  org.gradle.tooling.internal.provider.SessionFailureReportingActionExecuter.execute(Lorg/gradle/internal/invocation/BuildAction;Lorg/gradle/launcher/exec/BuildActionParameters;Lorg/gradle/initialization/BuildRequestContext;)Lorg/gradle/launcher/exec/BuildActionResult;+7
j  org.gradle.tooling.internal.provider.SessionFailureReportingActionExecuter.execute(Lorg/gradle/internal/invocation/BuildAction;Ljava/lang/Object;Ljava/lang/Object;)Lorg/gradle/launcher/exec/BuildActionResult;+10
j  org.gradle.tooling.internal.provider.SetupLoggingActionExecuter.execute(Lorg/gradle/internal/invocation/BuildAction;Lorg/gradle/launcher/exec/BuildActionParameters;Lorg/gradle/initialization/BuildRequestContext;)Lorg/gradle/launcher/exec/BuildActionResult;+50
j  org.gradle.tooling.internal.provider.SetupLoggingActionExecuter.execute(Lorg/gradle/internal/invocation/BuildAction;Ljava/lang/Object;Ljava/lang/Object;)Lorg/gradle/launcher/exec/BuildActionResult;+10
j  org.gradle.launcher.daemon.server.exec.ExecuteBuild.doBuild(Lorg/gradle/launcher/daemon/server/api/DaemonCommandExecution;Lorg/gradle/launcher/daemon/protocol/Build;)V+117
j  org.gradle.launcher.daemon.server.exec.BuildCommandOnly.execute(Lorg/gradle/launcher/daemon/server/api/DaemonCommandExecution;)V+49
j  org.gradle.launcher.daemon.server.api.DaemonCommandExecution.proceed()Z+23
j  org.gradle.launcher.daemon.server.exec.WatchForDisconnection.execute(Lorg/gradle/launcher/daemon/server/api/DaemonCommandExecution;)V+19
j  org.gradle.launcher.daemon.server.api.DaemonCommandExecution.proceed()Z+23
j  org.gradle.launcher.daemon.server.exec.ResetDeprecationLogger.execute(Lorg/gradle/launcher/daemon/server/api/DaemonCommandExecution;)V+7
j  org.gradle.launcher.daemon.server.api.DaemonCommandExecution.proceed()Z+23
j  org.gradle.launcher.daemon.server.exec.RequestStopIfSingleUsedDaemon.execute(Lorg/gradle/launcher/daemon/server/api/DaemonCommandExecution;)V+33
j  org.gradle.launcher.daemon.server.api.DaemonCommandExecution.proceed()Z+23
j  org.gradle.launcher.daemon.server.exec.ForwardClientInput$2.create()Ljava/lang/Void;+4
j  org.gradle.launcher.daemon.server.exec.ForwardClientInput$2.create()Ljava/lang/Object;+1
j  org.gradle.util.internal.Swapper.swap(Ljava/lang/Object;Lorg/gradle/internal/Factory;)Ljava/lang/Object;+21
j  org.gradle.launcher.daemon.server.exec.ForwardClientInput.execute(Lorg/gradle/launcher/daemon/server/api/DaemonCommandExecution;)V+63
j  org.gradle.launcher.daemon.server.api.DaemonCommandExecution.proceed()Z+23
j  org.gradle.launcher.daemon.server.exec.LogAndCheckHealth.execute(Lorg/gradle/launcher/daemon/server/api/DaemonCommandExecution;)V+28
j  org.gradle.launcher.daemon.server.api.DaemonCommandExecution.proceed()Z+23
j  org.gradle.launcher.daemon.server.exec.LogToClient.doBuild(Lorg/gradle/launcher/daemon/server/api/DaemonCommandExecution;Lorg/gradle/launcher/daemon/protocol/Build;)V+87
j  org.gradle.launcher.daemon.server.exec.BuildCommandOnly.execute(Lorg/gradle/launcher/daemon/server/api/DaemonCommandExecution;)V+49
j  org.gradle.launcher.daemon.server.api.DaemonCommandExecution.proceed()Z+23
j  org.gradle.launcher.daemon.server.exec.EstablishBuildEnvironment.doBuild(Lorg/gradle/launcher/daemon/server/api/DaemonCommandExecution;Lorg/gradle/launcher/daemon/protocol/Build;)V+356
j  org.gradle.launcher.daemon.server.exec.BuildCommandOnly.execute(Lorg/gradle/launcher/daemon/server/api/DaemonCommandExecution;)V+49
j  org.gradle.launcher.daemon.server.api.DaemonCommandExecution.proceed()Z+23
j  org.gradle.launcher.daemon.server.exec.StartBuildOrRespondWithBusy$1.run()V+44
j  org.gradle.launcher.daemon.server.DaemonStateCoordinator$1.run()V+4
J 18075 c2 org.gradle.internal.concurrent.ManagedExecutorImpl$1.run()V (57 bytes) @ 0x000001fff567d260 [0x000001fff567cf40+0x0000000000000320]
J 31282 c2 java.util.concurrent.ThreadPoolExecutor.runWorker(Ljava/util/concurrent/ThreadPoolExecutor$Worker;)V java.base@17.0.9 (187 bytes) @ 0x000001fff64ed84c [0x000001fff64ed700+0x000000000000014c]
J 23138 c1 java.util.concurrent.ThreadPoolExecutor$Worker.run()V java.base@17.0.9 (9 bytes) @ 0x000001ffed4753bc [0x000001ffed475340+0x000000000000007c]
J 23137 c1 java.lang.Thread.run()V java.base@17.0.9 (17 bytes) @ 0x000001ffeea59ff4 [0x000001ffeea59ec0+0x0000000000000134]
v  ~StubRoutines::call_stub

Compiled method (n/a) 31047906  794     n 0       java.lang.ClassLoader::defineClass1 (native)
 total in heap  [0x000001fff4c4de10,0x000001fff4c4e2e8] = 1240
 relocation     [0x000001fff4c4df68,0x000001fff4c4dfa0] = 56
 main code      [0x000001fff4c4dfa0,0x000001fff4c4e2e8] = 840

[Constant Pool (empty)]

[MachCode]
[Entry Point]
  # {method} {0x000001ff83024f38} 'defineClass1' '(Ljava/lang/ClassLoader;Ljava/lang/String;[BIILjava/security/ProtectionDomain;Ljava/lang/String;)Ljava/lang/Class;' in 'java/lang/ClassLoader'
  # parm0:    rdx:rdx   = 'java/lang/ClassLoader'
  # parm1:    r8:r8     = 'java/lang/String'
  # parm2:    r9:r9     = '[B'
  # parm3:    rdi       = int
  # parm4:    rsi       = int
  # parm5:    rcx:rcx   = 'java/security/ProtectionDomain'
  # parm6:    [sp+0xa0]   = 'java/lang/String'  (sp of caller)
  0x000001fff4c4dfa0: 448b 5208 | 49c1 e203 | 493b c20f | 8407 0000 

  0x000001fff4c4dfb0: ;   {runtime_call ic_miss_stub}
  0x000001fff4c4dfb0: 00e9 ca30 | a6ff 6690 
[Verified Entry Point]
  0x000001fff4c4dfb8: 8984 2400 | 90ff ff55 | 488b ec48 | 81ec 9000 | 0000 4881 | 7d10 0000 | 0000 488d | 4510 480f 
  0x000001fff4c4dfd8: 4445 1048 | 8944 2440 | 4889 4c24 | 7048 83f9 | 0048 8d44 | 2470 480f | 4444 2470 | 4889 4424 
  0x000001fff4c4dff8: 3848 8974 | 2430 4889 | 7c24 284c | 894c 2458 | 4983 f900 | 488d 4424 | 5848 0f44 | 4424 5848 
  0x000001fff4c4e018: 8944 2420 | 4c89 4424 | 5049 83f8 | 004c 8d4c | 2450 4c0f | 444c 2450 | 4889 5424 | 4848 83fa 
  0x000001fff4c4e038: 004c 8d44 | 2448 4c0f | 4444 2448 

  0x000001fff4c4e044: ;   {oop(a 'java/lang/Class'{0x00000000a08aa560} = 'java/lang/ClassLoader')}
  0x000001fff4c4e044: 49be 60a5 | 8aa0 0000 | 0000 4c89 | 7424 784c | 8d74 2478 | 498b d6c5 

  0x000001fff4c4e05c: ;   {internal_word}
  0x000001fff4c4e05c: f877 49ba | 5be0 c4f4 | ff01 0000 | 4d89 97a0 | 0200 0049 | 89a7 9802 

  0x000001fff4c4e074: ;   {external_word}
  0x000001fff4c4e074: 0000 49ba | 3d39 a0f6 | fd7f 0000 | 4180 3a00 | 0f84 5200 | 0000 5241 

  0x000001fff4c4e08c: ;   {metadata({method} {0x000001ff83024f38} 'defineClass1' '(Ljava/lang/ClassLoader;Ljava/lang/String;[BIILjava/security/ProtectionDomain;Ljava/lang/String;)Ljava/lang/Class;' in 'java/lang/ClassLoader')}
  0x000001fff4c4e08c: 5041 5148 | ba30 4f02 | 83ff 0100 | 0049 8bcf | 4883 ec20 | f7c4 0f00 | 0000 0f84 | 1a00 0000 
  0x000001fff4c4e0ac: 4883 ec08 

  0x000001fff4c4e0b0: ;   {runtime_call}
  0x000001fff4c4e0b0: 49ba d0ec | 55f6 fd7f | 0000 41ff | d248 83c4 | 08e9 0d00 

  0x000001fff4c4e0c4: ;   {runtime_call}
  0x000001fff4c4e0c4: 0000 49ba | d0ec 55f6 | fd7f 0000 | 41ff d248 | 83c4 2041 | 5941 585a | 498d 8fb8 | 0200 0041 
  0x000001fff4c4e0e4: c787 4803 | 0000 0400 

  0x000001fff4c4e0ec: ;   {runtime_call}
  0x000001fff4c4e0ec: 0000 49ba | ac16 9a9b | fe7f 0000 | 41ff d2c5 | f877 41c7 | 8748 0300 | 0005 0000 | 00f0 8344 
  0x000001fff4c4e10c: 24c0 0049 | 3baf 5003 | 0000 0f87 | 1100 0000 | 4181 bf38 | 0300 0000 | 0000 000f | 842c 0000 
  0x000001fff4c4e12c: 00c5 f877 | 4889 45f8 | 498b cf4c | 8be4 4883 | ec20 4883 

  0x000001fff4c4e140: ;   {runtime_call}
  0x000001fff4c4e140: e4f0 49ba | 600b 66f6 | fd7f 0000 | 41ff d249 | 8be4 4d33 | e448 8b45 | f841 c787 | 4803 0000 
  0x000001fff4c4e160: 0800 0000 | 4181 bfb8 | 0300 0002 | 0000 000f | 843f 0100 

  0x000001fff4c4e174: ;   {external_word}
  0x000001fff4c4e174: 0049 ba3d | 39a0 f6fd | 7f00 0041 | 803a 000f | 8450 0000 | 0048 8945 

  0x000001fff4c4e18c: ;   {metadata({method} {0x000001ff83024f38} 'defineClass1' '(Ljava/lang/ClassLoader;Ljava/lang/String;[BIILjava/security/ProtectionDomain;Ljava/lang/String;)Ljava/lang/Class;' in 'java/lang/ClassLoader')}
  0x000001fff4c4e18c: f848 ba30 | 4f02 83ff | 0100 0049 | 8bcf 4883 | ec20 f7c4 | 0f00 0000 | 0f84 1a00 | 0000 4883 
  0x000001fff4c4e1ac: ;   {runtime_call}
  0x000001fff4c4e1ac: ec08 49ba | d0ec 55f6 | fd7f 0000 | 41ff d248 | 83c4 08e9 | 0d00 0000 

  0x000001fff4c4e1c4: ;   {runtime_call}
  0x000001fff4c4e1c4: 49ba d0ec | 55f6 fd7f | 0000 41ff | d248 83c4 | 2048 8b45 | f849 c787 | 9802 0000 | 0000 0000 
  0x000001fff4c4e1e4: 49c7 87a0 | 0200 0000 | 0000 00c5 | f877 4885 | c00f 8493 | 0000 0048 | f7c0 0100 | 0000 0f84 
  0x000001fff4c4e204: 8300 0000 | 488b 40ff | 4180 7f38 | 000f 846f | 0000 0048 | 83f8 000f | 8465 0000 | 0049 8b4f 
  0x000001fff4c4e224: 2048 83f9 | 000f 8414 | 0000 0048 | 83e9 0849 | 894f 2049 | 034f 3048 | 8901 e943 | 0000 0050 
  0x000001fff4c4e244: 498b d748 | 8bc8 4883 | ec20 f7c4 | 0f00 0000 | 0f84 1a00 | 0000 4883 

  0x000001fff4c4e25c: ;   {runtime_call}
  0x000001fff4c4e25c: ec08 49ba | 7093 14f6 | fd7f 0000 | 41ff d248 | 83c4 08e9 | 0d00 0000 

  0x000001fff4c4e274: ;   {runtime_call}
  0x000001fff4c4e274: 49ba 7093 | 14f6 fd7f | 0000 41ff | d248 83c4 | 2058 e903 | 0000 0048 | 8b00 498b | 8fd8 0000 
  0x000001fff4c4e294: 00c7 8100 | 0100 0000 | 0000 00c9 | 4981 7f08 | 0000 0000 | 0f85 0100 

  0x000001fff4c4e2ac: ;   {runtime_call StubRoutines (1)}
  0x000001fff4c4e2ac: 0000 c3e9 | 4c2c a1ff | c5f8 7748 | 8945 f84c | 8be4 4883 | ec20 4883 

  0x000001fff4c4e2c4: ;   {runtime_call}
  0x000001fff4c4e2c4: e4f0 49ba | 601d 56f6 | fd7f 0000 | 41ff d249 | 8be4 4d33 | e448 8b45 | f8e9 93fe | ffff f4f4 
  0x000001fff4c4e2e4: f4f4 f4f4 
[/MachCode]


Compiled method (c2) 31047912 22125   !   4       java.net.URLClassLoader::defineClass (224 bytes)
 total in heap  [0x000001fff592e090,0x000001fff593bdd8] = 56648
 relocation     [0x000001fff592e1e8,0x000001fff592e730] = 1352
 main code      [0x000001fff592e740,0x000001fff59370e0] = 35232
 stub code      [0x000001fff59370e0,0x000001fff5937400] = 800
 oops           [0x000001fff5937400,0x000001fff5937458] = 88
 metadata       [0x000001fff5937458,0x000001fff59378b8] = 1120
 scopes data    [0x000001fff59378b8,0x000001fff593a610] = 11608
 scopes pcs     [0x000001fff593a610,0x000001fff593b4b0] = 3744
 dependencies   [0x000001fff593b4b0,0x000001fff593b560] = 176
 handler table  [0x000001fff593b560,0x000001fff593bc68] = 1800
 nul chk table  [0x000001fff593bc68,0x000001fff593bdd8] = 368

[Constant Pool (empty)]

[MachCode]
[Entry Point]
  # {method} {0x000001ff835c18c0} 'defineClass' '(Ljava/lang/String;Ljdk/internal/loader/Resource;)Ljava/lang/Class;' in 'java/net/URLClassLoader'
  # this:     rdx:rdx   = 'java/net/URLClassLoader'
  # parm0:    r8:r8     = 'java/lang/String'
  # parm1:    r9:r9     = 'jdk/internal/loader/Resource'
  #           [sp+0x120]  (sp of caller)
  0x000001fff592e740: 448b 5208 | 49c1 e203 

  0x000001fff592e748: ;   {runtime_call ic_miss_stub}
  0x000001fff592e748: 493b c20f | 852f 29d8 | fe66 6690 | 660f 1f44 | 0000 660f | 1f44 0000 
[Verified Entry Point]
  0x000001fff592e760: 8984 2400 | 90ff ff55 | 4881 ec10 | 0100 0049 | 8bd9 4889 | 5424 384c | 8944 2440 | c5f8 7749 
  0x000001fff592e780: ba60 3c4f | f6fd 7f00 | 0041 ffd2 | 4889 4424 | 304c 8b54 | 2440 458b | 4214 458b | 500c 4489 
  0x000001fff592e7a0: 5424 544c | 8b54 2440 | 410f be4a | 1044 8b4c | 2454 41d3 | f945 8bd1 | 41ff ca85 | c90f 852f 
  0x000001fff592e7c0: 5d00 008b | 4424 54ff | c844 3bd0 | 410f 4cc2 | 498b c885 | c00f 8cbc | 0000 008b | 6c24 5485 
  0x000001fff592e7e0: ed0f 86fd | 5200 003b | c50f 83f5 | 5200 0044 | 8bd8 41ff | cb45 0fbe | 5400 1041 | 83fa 2e0f 
  0x000001fff592e800: 84a5 0000 | 00ff c841 | 3bc3 7fe9 | 83f8 027e | 6b44 8bd8 | 4183 c3fe | 4181 fba0 | 0f00 00bf 
  0x000001fff592e820: a00f 0000 | 440f 47df | 448b d045 | 2bd3 6690 | 4863 d045 | 0fbe 5c10 | 1041 83fb | 2e74 6b41 
  0x000001fff592e840: 0fbe 7c10 | 0f83 ff2e | 7454 450f | be5c 100e | 4183 fb2e | 744c 410f | be7c 100d | 83ff 2e74 
  0x000001fff592e860: 4683 c0fc | 413b c27f | c749 8b97 | 5803 0000 | 4c8b 5424 

  0x000001fff592e874: ; ImmutableOopMap {r10=Oop r8=NarrowOop rcx=Oop rbx=Oop [56]=Oop [64]=Oop }
                      ;*goto {reexecute=1 rethrow=0 return_oop=0}
                      ; - (reexecute) java.lang.StringLatin1::lastIndexOf@35 (line 294)
                      ; - java.lang.String::lastIndexOf@13 (line 2489)
                      ; - java.lang.String::lastIndexOf@8 (line 2451)
                      ; - java.net.URLClassLoader::defineClass@7 (line 486)
                      ;   {poll}
  0x000001fff592e874: 4085 0283 | f802 7f95 | 83f8 ff7e | 1666 6690 | 450f be54 | 0010 4183 | fa2e 741a | ffc8 83f8 
  0x000001fff592e894: ff7f edb8 | ffff ffff | eb0c ffc8 | eb08 83c0 | feeb 0383 | c0fd 448b 

  0x000001fff592e8ac: ;   {metadata('jdk/internal/loader/URLClassPath$JarLoader$2')}
  0x000001fff592e8ac: 5b08 4181 | fb49 1c00 | 200f 852d | 5300 0048 | 8bf3 448b | 5620 458b | 5a1c 4489 | 9c24 9000 
  0x000001fff592e8cc: 0000 4d8b | d383 f8ff | 0f84 6a2c | 0000 85c0 | 0f8c f65e | 0000 413b | c10f 8f89 | 6100 0041 
  0x000001fff592e8ec: 3bc1 0f84 | da23 0000 | 85c0 0f84 | 1d48 0000 | 4d8b af08 | 0100 004d | 8bdd 4983 | c318 4d3b 
  0x000001fff592e90c: 9f18 0100 | 000f 833c | 4b00 004d | 899f 0801 | 0000 410f | 1883 0001 | 0000 49c7 | 4500 0100 
  0x000001fff592e92c: ;   {metadata('java/lang/String')}
  0x000001fff592e92c: 0000 41c7 | 4508 b183 | 0020 4589 | 650c 4d89 | 6510 81f8 | 0000 1000 | 0f87 ee59 | 0000 4c63 
  0x000001fff592e94c: d88b 6c24 | 543b e88b | e80f 4c6c | 2454 448b | 4c24 5444 | 3bcd 0f82 | 445a 0000 | 3bc5 0f82 
  0x000001fff592e96c: 3c5a 0000 | 4983 c317 | 4d8b cb49 | 83e1 f881 | f800 0010 | 000f 8728 | 4b00 004d | 8bb7 0801 
  0x000001fff592e98c: 0000 498b | de49 03d9 | 493b 9f18 | 0100 000f | 830e 4b00 | 0049 899f | 0801 0000 | 0f18 8300 
  0x000001fff592e9ac: 0100 0049 | c706 0100 | 0000 0f18 | 8340 0100 

  0x000001fff592e9bc: ;   {metadata({type array byte})}
  0x000001fff592e9bc: 0041 c746 | 080c 8100 | 2041 8946 | 0c0f 1883 | 8001 0000 | 4c89 5424 | 2049 8bd6 | 4883 c210 
  0x000001fff592e9dc: 49c1 eb03 | 498b de85 | ed0f 8455 | 5900 0049 | 8d48 103b | e80f 8ce8 | 3700 0049 | 83c1 f049 
  0x000001fff592e9fc: c1e9 034d | 8bc1 c5f8 | 7749 ba60 | 8669 f4ff | 0100 0041 | ffd2 4180 | 7f38 0075 | 0041 895d 
  0x000001fff592ea1c: 144d 8bd6 | 4d8b dd4d | 33d3 49c1 | ea14 4d85 | d274 1a49 | c1eb 0948 | b900 0048 | fcff 0100 
  0x000001fff592ea3c: 0049 03cb | 8039 040f | 8552 3800 | 0045 8865 | 104c 8b54 | 2420 4c89 

  0x000001fff592ea54: ;   {oop(a 'java/lang/Class'{0x00000000a0925770} = 'jdk/internal/access/SharedSecrets')}
  0x000001fff592ea54: 6c24 7849 | bb70 5792 | a000 0000 | 0045 8b83 | c800 0000 

  0x000001fff592ea68: ; implicit exception: dispatches to 0x000001fff59368c4
  0x000001fff592ea68: 418b 4808 | 448b 5e20 

  0x000001fff592ea70: ; implicit exception: dispatches to 0x000001fff5936678
  0x000001fff592ea70: 458b 5b18 

  0x000001fff592ea74: ;   {metadata('java/util/jar/JavaUtilJarAccessImpl')}
  0x000001fff592ea74: 81f9 0024 | 0020 0f85 | 5855 0000 

  0x000001fff592ea80: ; implicit exception: dispatches to 0x000001fff59366a4
  0x000001fff592ea80: 418b 6b08 | 4d8b c348 | 8d9c 24f0 | 0000 0049 | 8b00 48f7 | c002 0000 | 0075 2448 | 83c8 0148 
  0x000001fff592eaa0: 8903 f049 | 0fb1 180f | 843e 0000 | 0048 2bc4 | 4881 e007 | f0ff ff48 | 8903 e92c | 0000 0048 
  0x000001fff592eac0: 8bc8 4833 | c0f0 4c0f | b179 3e48 | c703 0300 | 0000 0f84 | 1300 0000 | 4c3b f80f | 850a 0000 
  0x000001fff592eae0: 0048 ff81 | 8600 0000 | 4833 c00f | 851f 5500 | 0045 3b63 | 3075 0e45 | 0fb6 4b12 | 4585 c90f 
  0x000001fff592eb00: 8507 2b00 | 0045 3b63 | 300f 8556 | 3800 0048 | 8d84 24f0 | 0000 0048 | 8138 0000 | 0000 0f84 
  0x000001fff592eb20: 8300 0000 | 4d8b 1849 | f7c3 0200 | 0000 746f | 4981 bb86 | 0000 0000 | 0000 0074 | 0949 ff8b 
  0x000001fff592eb40: 8600 0000 | eb51 498b | 8396 0000 | 0049 0b83 | 8e00 0000 | 750a 49c7 | 433e 0000 | 0000 eb47 
  0x000001fff592eb60: 4981 bb9e | 0000 0000 | 0000 0074 | 2548 33c0 | 49c7 433e | 0000 0000 | f083 0424 | 0049 81bb 
  0x000001fff592eb80: 9e00 0000 | 0000 0000 | 750d f04d | 0fb1 7b3e | 7505 83c8 | 01eb 10f7 | c000 0000 | 00eb 084c 
  0x000001fff592eba0: 8b18 f04d | 0fb1 180f | 85ba 5400 | 0044 8b5e | 2041 8b6b | 1844 8b45 

  0x000001fff592ebb8: ;   {metadata('java/util/jar/JarFile')}
  0x000001fff592ebb8: 0841 81f8 | 5823 0020 | 0f85 ca54 | 0000 4c89 | 5424 2048 | 8974 2448 | 488b d590 

  0x000001fff592ebd4: ;   {optimized virtual_call}
  0x000001fff592ebd4: c5f8 77e8 

  0x000001fff592ebd8: ; ImmutableOopMap {[32]=Oop [56]=Oop [64]=Oop [72]=Oop [120]=Oop [144]=NarrowOop }
                      ;*invokevirtual getManifest {reexecute=0 rethrow=0 return_oop=1}
                      ; - jdk.internal.loader.URLClassPath$JarLoader$2::getManifest@22 (line 884)
                      ; - java.net.URLClassLoader::defineClass@34 (line 491)
  0x000001fff592ebd8: 64c5 38fa | 488b e848 | 8b54 2438 | 4c8b 4424 | 784c 8bc8 | 488b 7c24 | 2066 6690 

  0x000001fff592ebf4: ;   {optimized virtual_call}
  0x000001fff592ebf4: c5f8 77e8 

  0x000001fff592ebf8: ; ImmutableOopMap {rbp=Oop [32]=Oop [56]=Oop [64]=Oop [72]=Oop [120]=Oop [144]=NarrowOop }
                      ;*invokevirtual getAndVerifyPackage {reexecute=0 rethrow=0 return_oop=1}
                      ; - java.net.URLClassLoader::defineClass@46 (line 492)
  0x000001fff592ebf8: 24a2 66ff | 4885 c00f | 8463 2100 | 0048 8b74 | 2448 49bb | 0000 48fc | ff01 0000 | 4c8b 5424 
  0x000001fff592ec18: 204c 895c | 2450 4c8b | ee48 8d9c | 24f0 0000 | 0049 8b45 | 0048 f7c0 | 0200 0000 | 7525 4883 
  0x000001fff592ec38: c801 4889 | 03f0 490f | b15d 000f | 843e 0000 | 0048 2bc4 | 4881 e007 | f0ff ff48 | 8903 e92c 
  0x000001fff592ec58: 0000 004c | 8bd8 4833 | c0f0 4d0f | b17b 3e48 | c703 0300 | 0000 0f84 | 1300 0000 | 4c3b f80f 
  0x000001fff592ec78: 850a 0000 | 0049 ff83 | 8600 0000 | 4833 c00f | 858b 4f00 | 0045 8b75 | 0845 3b65 | 0c0f 85e3 
  0x000001fff592ec98: ;   {metadata('jdk/internal/loader/URLClassPath$JarLoader$2')}
  0x000001fff592ec98: 0100 0041 | 81fe 491c | 0020 0f85 | 4057 0000 | 4d8b c545 | 8b48 2045 | 8b49 1845 | 8b58 1c41 
  0x000001fff592ecb8: 8b69 084c | 8954 2428 | 498b f948 | 8d9c 24f8 | 0000 0048 | 8b07 48f7 | c002 0000 | 0075 2448 
  0x000001fff592ecd8: 83c8 0148 | 8903 f048 | 0fb1 1f0f | 843e 0000 | 0048 2bc4 | 4881 e007 | f0ff ff48 | 8903 e92c 
  0x000001fff592ecf8: 0000 0048 | 8bc8 4833 | c0f0 4c0f | b179 3e48 | c703 0300 | 0000 0f84 | 1300 0000 | 4c3b f80f 
  0x000001fff592ed18: 850a 0000 | 0048 ff81 | 8600 0000 | 4833 c00f | 85eb 5600 | 0045 3b61 | 3075 0d41 | 0fb6 4912 
  0x000001fff592ed38: 85c9 0f85 | 2c29 0000 | 498b cb45 | 3b61 300f | 852b 3a00 | 0048 897c | 2478 4c89 | 4424 5844 
  0x000001fff592ed58: 8974 2448 | 4c89 6c24 | 6048 8974 | 2420 488b | d74c 8bc1 | 488b 6c24 | 5866 6690 

  0x000001fff592ed74: ;   {optimized virtual_call}
  0x000001fff592ed74: c5f8 77e8 

  0x000001fff592ed78: ; ImmutableOopMap {rbp=Oop [32]=Oop [40]=Oop [56]=Oop [64]=Oop [88]=Oop [96]=Oop [120]=Oop [144]=NarrowOop }
                      ;*invokespecial getInputStream {reexecute=0 rethrow=0 return_oop=1}
                      ; - java.util.jar.JarFile::getInputStream@13 (line 844)
                      ; - jdk.internal.loader.URLClassPath$JarLoader$2::getInputStream@11 (line 879)
                      ; - jdk.internal.loader.Resource::cachedInputStream@9 (line 77)
                      ; - jdk.internal.loader.Resource::getByteBuffer@1 (line 163)
                      ; - java.net.URLClassLoader::defineClass@132 (line 511)
  0x000001fff592ed78: 04af 61ff | 488b d84c | 8b5c 2478 | 488d 8424 | f800 0000 | 4881 3800 | 0000 000f | 8483 0000 
  0x000001fff592ed98: 004d 8b13 | 49f7 c202 | 0000 0074 | 6f49 81ba | 8600 0000 | 0000 0000 | 7409 49ff | 8a86 0000 
  0x000001fff592edb8: 00eb 5149 | 8b82 9600 | 0000 490b | 828e 0000 | 0075 0a49 | c742 3e00 | 0000 00eb | 4749 81ba 
  0x000001fff592edd8: 9e00 0000 | 0000 0000 | 7425 4833 | c049 c742 | 3e00 0000 | 00f0 8304 | 2400 4981 | ba9e 0000 
  0x000001fff592edf8: 0000 0000 | 0075 0df0 | 4d0f b17a | 3e75 0583 | c801 eb10 | f7c0 0000 | 0000 eb08 | 4c8b 10f0 
  0x000001fff592ee18: 4d0f b113 | 0f85 ad56 | 0000 4180 | 7f38 000f | 85b7 3400 | 0048 8b7c | 2458 4c8b | d74c 8bdb 
  0x000001fff592ee38: 4489 5f0c | 4c8b db4d | 33da 49c1 | eb14 4d85 | db74 1f48 | 85db 741a | 49c1 ea09 | 48b9 0000 
  0x000001fff592ee58: 48fc ff01 | 0000 4903 | ca80 3904 | 0f85 b234 | 0000 488b | 7424 204c | 8b6c 2460 | 448b 7424 
  0x000001fff592ee78: 484c 8b54 | 2428 8b6e | 0c48 8d84 | 24f0 0000 | 0048 8138 | 0000 0000 | 0f84 8500 | 0000 4d8b 
  0x000001fff592ee98: 5d00 49f7 | c302 0000 | 0074 6f49 | 81bb 8600 | 0000 0000 | 0000 7409 | 49ff 8b86 | 0000 00eb 
  0x000001fff592eeb8: 5149 8b83 | 9600 0000 | 490b 838e | 0000 0075 | 0a49 c743 | 3e00 0000 | 00eb 4849 | 81bb 9e00 
  0x000001fff592eed8: 0000 0000 | 0000 7425 | 4833 c049 | c743 3e00 | 0000 00f0 | 8304 2400 | 4981 bb9e | 0000 0000 
  0x000001fff592eef8: 0000 0075 | 0df0 4d0f | b17b 3e75 | 0583 c801 | eb11 f7c0 | 0000 0000 | eb09 4c8b | 18f0 4d0f 
  0x000001fff592ef18: b15d 000f | 8538 4d00 | 0044 8b5d 

  0x000001fff592ef24: ;   {metadata('sun/nio/ByteBuffered')}
  0x000001fff592ef24: 0848 b8b8 | ee00 0001 | 0000 0048 | 33f6 4a8d | 34de 4c8b | 5e20 4c3b | d80f 847a | 4b00 0048 
  0x000001fff592ef44: 8b7e 288b | 0f48 83c7 | 0848 85c0 | f248 af0f | 8504 0000 | 0048 8946 | 200f 845a 

  0x000001fff592ef60: ;   {metadata('jdk/internal/loader/URLClassPath$JarLoader$2')}
  0x000001fff592ef60: 4b00 0041 | 81fe 491c | 0020 0f85 | 124d 0000 | 4c89 6c24 | 5849 8bd5 | 4c89 5424 | 2849 8bed 
  0x000001fff592ef80: ;   {optimized virtual_call}
  0x000001fff592ef80: c5f8 77e8 

  0x000001fff592ef84: ; ImmutableOopMap {rbp=Oop [40]=Oop [56]=Oop [64]=Oop [88]=Oop [144]=NarrowOop }
                      ;*invokespecial getBytes {reexecute=0 rethrow=0 return_oop=1}
                      ; - jdk.internal.loader.URLClassPath$JarLoader$2::getBytes@1 (line 893)
                      ; - java.net.URLClassLoader::defineClass@179 (line 519)
  0x000001fff592ef84: f823 6bff | 4889 4424 | 4844 8b50 | 0c45 85d2 | 0f86 7658 | 0000 418b | eaff cd41 | 3bea 0f83 
  0x000001fff592efa4: a458 0000 | 488b d048 | 83c2 1033 | c945 8bc2 | 4489 5424 | 78c5 f877 | 49ba c012 | 66f4 ff01 
  0x000001fff592efc4: 0000 41ff | d24c 8b54 | 2458 458b | 5a1c 4d8b | 5318 448b | d84d 3bda | 0f85 9658 | 0000 488b 
  0x000001fff592efe4: 5424 5890 

  0x000001fff592efe8: ;   {optimized virtual_call}
  0x000001fff592efe8: c5f8 77e8 

  0x000001fff592efec: ; ImmutableOopMap {[40]=Oop [56]=Oop [64]=Oop [72]=Oop [144]=NarrowOop }
                      ;*invokevirtual getCodeSigners {reexecute=0 rethrow=0 return_oop=1}
                      ; - java.net.URLClassLoader::defineClass@185 (line 521)
  0x000001fff592efec: 1065 6cff | 4889 4424 | 5849 8b9f | 0801 0000 | 4c8b d349 | 83c2 284d | 3b97 1801 | 0000 0f83 
  0x000001fff592f00c: af41 0000 | 4d89 9708 | 0100 0041 | 0f18 8200 | 0100 0048 | c703 0100 

  0x000001fff592f024: ;   {metadata('java/security/CodeSource')}
  0x000001fff592f024: 0000 c743 | 08a9 a600 | 204c 8963 | 104c 8963 | 184c 8963 | 2044 8b9c | 2490 0000 | 0044 895b 
  0x000001fff592f044: 0c45 85db | 0f84 7258 | 0000 498b | 8708 0100 | 004c 8bd0 | 4983 c218 | 498b f34d | 3b97 1801 
  0x000001fff592f064: 0000 0f83 | a941 0000 | 4d89 9708 | 0100 0041 | 0f18 8200 | 0100 0048 | c700 0100 

  0x000001fff592f080: ;   {metadata('java/lang/StringBuilder')}
  0x000001fff592f080: 0000 c740 | 08f0 a100 | 2044 8960 | 0c4c 8960 | 1048 8bf8 | 498b 8708 | 0100 004c | 8bd0 4983 
  0x000001fff592f0a0: c220 4d3b | 9718 0100 | 000f 83c5 | 4100 004d | 8997 0801 | 0000 410f | 1882 0001 | 0000 48c7 
  0x000001fff592f0c0: 0001 0000 | 0041 0f18 | 8240 0100 

  0x000001fff592f0cc: ;   {metadata({type array byte})}
  0x000001fff592f0cc: 00c7 4008 | 0c81 0020 | 410f 1882 | 8001 0000 | c740 0c10 | 0000 004c | 8960 104c | 8960 184c 
  0x000001fff592f0ec: 8bd7 4c8b | d844 895f | 144c 8bd8 | 4d33 da49 | c1eb 144d | 85db 741a | 49c1 ea09 | 48b9 0000 
  0x000001fff592f10c: 48fc ff01 | 0000 4903 | ca80 3904 | 0f85 d12d | 0000 4488 | 6710 448b | 9424 9000 | 0000 458b 
  0x000001fff592f12c: 5a14 4585 | db0f 84c1 

  0x000001fff592f134: ;   {oop(a 'java/lang/Class'{0x00000000a0914e70} = 'java/util/Locale')}
  0x000001fff592f134: 5700 0049 | ba70 4e91 | a000 0000 | 0045 8b8a | cc00 0000 | 450f be43 | 1045 85c0 | 0f85 d653 
  0x000001fff592f154: 0000 458b | 4314 458b | 5110 418b | 500c 498b | cb85 d20f | 8604 2400 | 0048 894c | 2428 8954 
  0x000001fff592f174: 247c 4489 | 4424 7044 | 898c 248c | 0000 0044 | 899c 2488 | 0000 0048 | 897c 2468 | 4889 7424 
  0x000001fff592f194: 2048 895c | 2460 448b | da41 ffcb | 4489 5c24 | 7444 3bda | 0f83 6a4d | 0000 448b | 5c24 704c 
  0x000001fff592f1b4: 899c 2480 | 0000 004d | 8bd9 4c89 | 9c24 9800 | 0000 4533 | db44 899c | 2494 0000 | 0044 8b5c 
  0x000001fff592f1d4: 247c 442b | 9c24 9400 | 0000 448b | 4c24 7c45 | 33c0 443b | 8c24 9400 | 0000 450f | 4cd8 4181 
  0x000001fff592f1f4: fbe8 0300 | 0041 b8e8 | 0300 0045 | 0f47 d844 | 039c 2494 | 0000 000f | 1f44 0000 | 448b 4c24 
  0x000001fff592f214: 7044 8b84 | 2494 0000 | 0047 0fb6 

  0x000001fff592f220: ;   {oop([I{0x00000000a09252d0})}
  0x000001fff592f220: 4401 1049 | b9d0 5292 | a000 0000 | 0043 8b4c | 8110 f7c1 | 0000 0200 | 7552 448b | 8c24 9400 
  0x000001fff592f240: 0000 41ff | c144 898c | 2494 0000 | 0045 3bcb | 7cbe 4d8b | 9f58 0300 

  0x000001fff592f258: ; ImmutableOopMap {r10=NarrowOop [32]=Oop [40]=Oop [56]=Oop [64]=Oop [72]=Oop [88]=Oop [96]=Oop [104]=Oop [112]=NarrowOop [128]=Oop [136]=NarrowOop [140]=NarrowOop [144]=NarrowOop [152]=Oop }
                      ;*goto {reexecute=1 rethrow=0 return_oop=0}
                      ; - (reexecute) java.lang.StringLatin1::toLowerCase@52 (line 441)
                      ; - java.lang.String::toLowerCase@13 (line 3393)
                      ; - java.lang.String::toLowerCase@4 (line 3417)
                      ; - sun.net.util.URLUtil::urlNoFragString@18 (line 53)
                      ; - java.security.CodeSource::<init>@30 (line 123)
                      ; - java.net.URLClassLoader::defineClass@198 (line 522)
                      ;   {poll}
  0x000001fff592f258: 0041 8503 | 443b 4c24 | 7c0f 8c6a | ffff ff44 | 3b4c 247c | 7553 488b | 5c24 6048 | 8b74 2420 
  0x000001fff592f278: 488b 7c24 | 6844 8b44 | 2470 488b | 4c24 28e9 | e522 0000 | 8be9 81e5 | 0000 fc07 | 81fd 0000 
  0x000001fff592f298: fc07 0f84 | 3854 0000 | c1e1 05c1 | f917 4103 | c844 3bc1 | 748c 448b | 8424 9400 | 0000 443b 
  0x000001fff592f2b8: 4424 7c0f | 8497 2200 | 0041 8b6a 

  0x000001fff592f2c4: ;   {oop("tr"{0x00000000a09256e0})}
  0x000001fff592f2c4: 1081 fde0 | 5692 a00f | 840f 5800 

  0x000001fff592f2d0: ;   {oop("az"{0x00000000a09256f8})}
  0x000001fff592f2d0: 0081 fdf8 | 5692 a00f | 8463 5800 

  0x000001fff592f2dc: ;   {oop("lt"{0x00000000a0925710})}
  0x000001fff592f2dc: 0081 fd10 | 5792 a00f | 84b7 5800 | 0044 8b5c | 247c 443b | 9c24 9400 | 0000 0f82 | 744f 0000 
  0x000001fff592f2fc: 448b 9c24 | 9400 0000 | 4585 db0f | 8c63 4f00 | 004c 6354 | 247c 4983 | c217 4c89 | 9424 a000 
  0x000001fff592f31c: 0000 498b | ea48 83e5 | f844 8b54 | 247c 4181 | fa00 0010 | 000f 8798 | 4000 004d | 8b87 0801 
  0x000001fff592f33c: 0000 4d8b | d04c 03d5 | 4d3b 9718 | 0100 000f | 837e 4000 | 004d 8997 | 0801 0000 | 410f 1882 
  0x000001fff592f35c: 0001 0000 | 49c7 0001 | 0000 0041 | 0f18 8240 

  0x000001fff592f36c: ;   {metadata({type array byte})}
  0x000001fff592f36c: 0100 0041 | c740 080c | 8100 2044 | 8b5c 247c | 4589 580c | 410f 1882 | 8001 0000 | 4c89 8424 
  0x000001fff592f38c: a800 0000 | 4d8b d049 | 83c2 1048 | 8b8c 24a0 | 0000 0048 | c1e9 0344 | 8b9c 2494 | 0000 0045 
  0x000001fff592f3ac: 85db 0f84 | 044d 0000 | 448b 4424 | 7049 8d58 | 1044 3b5c | 247c 0f8c | d02c 0000 | 4c8b c549 
  0x000001fff592f3cc: 83c0 f049 | c1e8 0348 | 8bcb 498b | d2c5 f877 | 49ba 6086 | 69f4 ff01 | 0000 41ff | d244 8b9c 
  0x000001fff592f3ec: 2494 0000 | 0044 3b5c | 247c 0f8d | 0502 0000 | 443b 5c24 | 7c0f 838f | 4d00 0044 | 8b5c 2474 
  0x000001fff592f40c: 443b 5c24 | 7c0f 837f | 4d00 008b | bc24 9400 | 0000 ffc7 | 448b 9424 | 9400 0000 | 4d63 ca44 
  0x000001fff592f42c: 8b5c 2470 | 470f b644 

  0x000001fff592f434: ;   {oop([I{0x00000000a09252d0})}
  0x000001fff592f434: 0b10 49bb | d052 92a0 | 0000 0000 | 478b 5c83 | 1041 f7c3 | 0000 0200 | 0f85 0c18 | 0000 4c8b 
  0x000001fff592f454: 9c24 a800 | 0000 4788 | 440b 1041 | ffc2 443b | d77c c144 | 3b54 2474 | 0f8d 4601 | 0000 eb15 
  0x000001fff592f474: 4d8b 9f58 

  0x000001fff592f478: ; ImmutableOopMap {[32]=Oop [40]=Oop [56]=Oop [64]=Oop [72]=Oop [88]=Oop [96]=Oop [104]=Oop [112]=NarrowOop [128]=Oop [136]=NarrowOop [140]=NarrowOop [144]=NarrowOop [152]=Oop [168]=Oop }
                      ;*goto {reexecute=1 rethrow=0 return_oop=0}
                      ; - (reexecute) java.lang.StringLatin1::toLowerCase@172 (line 456)
                      ; - java.lang.String::toLowerCase@13 (line 3393)
                      ; - java.lang.String::toLowerCase@4 (line 3417)
                      ; - sun.net.util.URLUtil::urlNoFragString@18 (line 53)
                      ; - java.security.CodeSource::<init>@30 (line 123)
                      ; - java.net.URLClassLoader::defineClass@198 (line 522)
                      ;   {poll}
  0x000001fff592f478: 0300 0041 | 8503 443b | 5424 740f | 8d2f 0100 | 008b 5424 | 7c41 2bd2 | ffca 448b | 5c24 7445 
  0x000001fff592f498: 33c9 453b | da41 0f4c | d181 fad0 | 0700 0041 | b8d0 0700 | 0041 0f47 | d041 03d2 | eb20 458b 
  0x000001fff592f4b8: c30f 1f80 | 0000 0000 | 4c8b 9c24 | a800 0000 | 4788 440b | 1141 83c2 | 0244 3bd2 | 7d9e 4d63 
  0x000001fff592f4d8: ca44 8b5c | 2470 470f | b644 0b10 

  0x000001fff592f4e4: ;   {oop([I{0x00000000a09252d0})}
  0x000001fff592f4e4: 49bb d052 | 92a0 0000 | 0000 478b | 5c83 1041 | f7c3 0000 | 0200 756d | 4c8b 9c24 | a800 0000 
  0x000001fff592f504: 4788 440b | 104d 63ca | 448b 4424 | 7047 0fb6 

  0x000001fff592f514: ;   {oop([I{0x00000000a09252d0})}
  0x000001fff592f514: 4408 1149 | bbd0 5292 | a000 0000 | 0047 8b5c | 8310 41f7 | c300 0002 | 0074 9141 | 8bcb 81e1 
  0x000001fff592f534: 0000 fc07 | 418b daff | c381 f900 | 00fc 070f | 84ea 2f00 | 0041 c1e3 | 0541 c1fb | 1745 03d8 
  0x000001fff592f554: 458b c341 | c1e8 0845 | 85c0 0f84 | 52ff ffff | e94a 3000 | 0041 8bcb | 81e1 0000 | fc07 81f9 
  0x000001fff592f574: 0000 fc07 | 0f84 b22f | 0000 41c1 | e305 41c1 | fb17 4503 | d845 8bc3 | 41c1 e808 | 4585 c00f 
  0x000001fff592f594: 8517 3000 | 0045 8bc3 | e95b ffff | ff42 c644 | 1510 3a42 | c644 1511 | 2f42 c644 | 1512 2fe9 
  0x000001fff592f5b4: 8402 0000 | 443b 5424 | 7c7d 4290 | 4d63 ca44 | 8b5c 2470 | 470f b644 

  0x000001fff592f5cc: ;   {oop([I{0x00000000a09252d0})}
  0x000001fff592f5cc: 0b10 49bb | d052 92a0 | 0000 0000 | 478b 5c83 | 1041 f7c3 | 0000 0200 | 0f85 ea1e | 0000 4c8b 
  0x000001fff592f5ec: 9c24 a800 | 0000 4788 | 440b 1041 | ffc2 443b | 5424 7c7c | bf4d 8b8f | 0801 0000 | 4d8b d149 
  0x000001fff592f60c: 83c2 184d | 3b97 1801 | 0000 0f83 | f43d 0000 | 4d89 9708 | 0100 0041 | 0f18 8200 | 0100 0049 
  0x000001fff592f62c: c701 0100 

  0x000001fff592f630: ;   {metadata('java/lang/String')}
  0x000001fff592f630: 0000 41c7 | 4108 b183 | 0020 4589 | 610c 4d89 | 6110 4c8b | 8424 a800 | 0000 4d8b | d845 8959 
  0x000001fff592f650: 1448 8b5c | 2460 488b | 7424 2048 | 8b7c 2468 | 448b 5f14 

  0x000001fff592f664: ; implicit exception: dispatches to 0x000001fff5936390
  0x000001fff592f664: 418b 430c | 4489 9c24 | 9400 0000 | 4c89 8c24 | 9800 0000 | 4889 7424 | 2048 895c | 2460 0fbe 
  0x000001fff592f684: 5f10 448b | 5f0c 4489 | 5c24 7048 | 897c 2468 | 448b d08b | cb41 d3fa | 458b 480c | 4c8b 9c24 
  0x000001fff592f6a4: 9800 0000 | 450f be5b | 1041 8bfb | 418b cb41 | d3f9 4489 | 8c24 a000 | 0000 418b | e903 6c24 
  0x000001fff592f6c4: 7044 8bdd | 452b da45 | 85db 0f8f | b80e 0000 | 4d8b c845 | 8b59 0c8b | cf41 d3fb | 4489 5c24 
  0x000001fff592f6e4: 743b df0f | 85bd 2600 | 0044 8b44 | 2470 4c8b | 5424 6845 | 8b52 1444 | 8994 2488 | 0000 003b 
  0x000001fff592f704: fb0f 8591 | 2300 0044 | 8b54 2474 | 8bcb 41d3 | e244 8b44 | 2470 41d3 | e041 8bd8 

  0x000001fff592f720: ; implicit exception: dispatches to 0x000001fff59364f8
  0x000001fff592f720: 458b 410c | 8b8c 2488 | 0000 0044 | 8b59 0c85 | db0f 8cbd | 4600 0045 | 3bc2 0f82 | b446 0000 
  0x000001fff592f740: 8bcb 4103 | ca44 3bd9 | 0f82 a646 | 0000 4585 | d20f 8c9d | 4600 0045 | 85d2 742f | 4d63 c24d 
  0x000001fff592f760: 8bd1 498d | 4910 448b | 9424 8800 | 0000 448b | 8c24 8800 | 0000 498d | 5419 10c5 | f877 49ba 
  0x000001fff592f780: 4080 69f4 | ff01 0000 | 41ff d24c | 8b54 2468 | 8b9c 24a0 | 0000 0041 | 035a 0c41 | 895a 0c45 
  0x000001fff592f7a0: 8b42 1445 | 85c0 0f84 | 1044 0000 | 4489 8424 | 8800 0000 | 410f be4a | 104c 8954 | 2468 448b 
  0x000001fff592f7c0: 9424 8800 | 0000 458b | 5a0c 458b | d341 d3fa | 448b c345 | 2bc2 4183 | c003 4585 | c00f 8f6f 
  0x000001fff592f7e0: 0f00 004c | 8b44 2468 | 418b 480c | 4180 7810 | 000f 85ff | 2500 0041 | 8b68 1485 | ed0f 848d 
  0x000001fff592f800: 4300 0085 | c90f 8ca5 | 4400 0044 | 8b55 0c44 | 8bc9 4183 | c103 453b | d10f 8291 | 4400 004c 
  0x000001fff592f820: 63d1 85c9 | 0f8e 77fd | ffff 42c6 | 4415 122f | 42c6 4415 | 112f 42c6 | 4415 103a | 4183 400c 
  0x000001fff592f840: 038b 8c24 | 9000 0000 | 448b 5918 | 4585 db0f | 84f3 5000 

  0x000001fff592f854: ;   {oop(a 'java/lang/Class'{0x00000000a0914e70} = 'java/util/Locale')}
  0x000001fff592f854: 0049 ba70 | 4e91 a000 | 0000 0041 | 8b9a cc00 | 0000 450f | be4b 1045 | 85c9 0f85 | 144d 0000 
  0x000001fff592f874: 458b 5314 

  0x000001fff592f878: ; implicit exception: dispatches to 0x000001fff5936820
  0x000001fff592f878: 8b7b 1041 | 8b52 0c49 | 8bf3 85d2 | 0f86 151d | 0000 4889 | 7424 2889 | 5424 7c44 | 8954 2470 
  0x000001fff592f898: 899c 2490 | 0000 0044 | 899c 248c | 0000 004c | 8944 2468 | 898c 2488 | 0000 0044 | 8bd2 41ff 
  0x000001fff592f8b8: ca44 8954 | 2474 443b | d20f 83b1 | 4600 0044 | 8b54 2470 | 4c89 9424 | 8000 0000 | 4c8b d34c 
  0x000001fff592f8d8: 8994 2498 | 0000 0041 | ba02 0000 | 0045 33c0 | 4489 9424 | bc00 0000 | 4489 8424 | 9400 0000 
  0x000001fff592f8f8: 448b 5c24 | 7c44 2b9c | 2494 0000 | 0044 8b54 | 247c 4533 | c044 3b94 | 2494 0000 | 0045 0f4c 
  0x000001fff592f918: d841 81fb | e803 0000 | 41b8 e803 | 0000 450f | 47d8 4403 | 9c24 9400 | 0000 0f1f | 8000 0000 
  0x000001fff592f938: 000f 1f80 | 0000 0000 | 448b 4c24 | 7044 8b94 | 2494 0000 | 0047 0fb6 

  0x000001fff592f950: ;   {oop([I{0x00000000a09252d0})}
  0x000001fff592f950: 4c11 1049 | bad0 5292 | a000 0000 | 0047 8b44 | 8a10 41f7 | c000 0002 | 0075 5f44 | 8b94 2494 
  0x000001fff592f970: 0000 0041 | ffc2 4489 | 9424 9400 | 0000 453b | d37c bd4d | 8b97 5803 

  0x000001fff592f988: ; ImmutableOopMap {rdi=NarrowOop [32]=Oop [40]=Oop [56]=Oop [64]=Oop [72]=Oop [88]=Oop [96]=Oop [104]=Oop [112]=NarrowOop [128]=Oop [136]=NarrowOop [140]=NarrowOop [144]=NarrowOop [152]=Oop }
                      ;*goto {reexecute=1 rethrow=0 return_oop=0}
                      ; - (reexecute) java.lang.StringLatin1::toLowerCase@52 (line 441)
                      ; - java.lang.String::toLowerCase@13 (line 3393)
                      ; - java.lang.String::toLowerCase@4 (line 3417)
                      ; - sun.net.util.URLUtil::urlNoFragString@45 (line 61)
                      ; - java.security.CodeSource::<init>@30 (line 123)
                      ; - java.net.URLClassLoader::defineClass@198 (line 522)
                      ;   {poll}
  0x000001fff592f988: 0000 4185 | 0244 8b94 | 2494 0000 | 0044 3b54 | 247c 0f8c | 58ff ffff | 443b 5424 | 7c75 5f8b 
  0x000001fff592f9a8: 8c24 8800 | 0000 4c8b | 4424 6844 | 8b9c 24bc | 0000 0044 | 8b54 2470 | 488b 7424 | 28e9 db1b 
  0x000001fff592f9c8: 0000 418b | e881 e500 | 00fc 0781 | fd00 00fc | 070f 8469 | 4d00 0041 | c1e0 0541 | c1f8 1745 
  0x000001fff592f9e8: 03c1 453b | c80f 8478 | ffff ff44 | 8b9c 2494 | 0000 0044 | 3b5c 247c | 0f84 791b | 0000 8b6f 
  0x000001fff592fa08: ;   {oop("tr"{0x00000000a09256e0})}
  0x000001fff592fa08: 1081 fde0 | 5692 a00f | 84eb 5100 

  0x000001fff592fa14: ;   {oop("az"{0x00000000a09256f8})}
  0x000001fff592fa14: 0081 fdf8 | 5692 a00f | 843f 5200 

  0x000001fff592fa20: ;   {oop("lt"{0x00000000a0925710})}
  0x000001fff592fa20: 0081 fd10 | 5792 a00f | 8493 5200 | 0044 8b54 | 247c 443b | 9424 9400 | 0000 0f82 | 9448 0000 
  0x000001fff592fa40: 448b 9424 | 9400 0000 | 4585 d20f | 8c83 4800 | 004c 6354 | 247c 4983 | c217 4c89 | 9424 a000 
  0x000001fff592fa60: 0000 498b | ea48 83e5 | f844 8b5c | 247c 4181 | fb00 0010 | 000f 8775 | 3900 0049 | 8b9f 0801 
  0x000001fff592fa80: 0000 4c8b | db4c 03dd | 4d3b 9f18 | 0100 000f | 835b 3900 | 004d 899f | 0801 0000 | 410f 1883 
  0x000001fff592faa0: 0001 0000 | 48c7 0301 | 0000 0041 | 0f18 8340 

  0x000001fff592fab0: ;   {metadata({type array byte})}
  0x000001fff592fab0: 0100 00c7 | 4308 0c81 | 0020 448b | 5424 7c44 | 8953 0c41 | 0f18 8380 | 0100 0048 | 8bf3 4c8b 
  0x000001fff592fad0: d349 83c2 | 1048 8b8c | 24a0 0000 | 0048 c1e9 | 0344 8b84 | 2494 0000 | 0045 85c0 | 0f84 3546 
  0x000001fff592faf0: 0000 448b | 5c24 7049 | 8d5b 1044 | 3b44 247c | 0f8c 3826 | 0000 4c8b | c549 83c0 | f049 c1e8 
  0x000001fff592fb10: 0348 8bcb | 498b d2c5 | f877 49ba | 6086 69f4 | ff01 0000 | 41ff d244 | 8b94 2494 | 0000 0044 
  0x000001fff592fb30: 3b54 247c | 0f8d c701 | 0000 443b | 5424 7c0f | 83bb 4600 | 0044 8b54 | 2474 443b | 5424 7c0f 
  0x000001fff592fb50: 83ab 4600 | 008b 9c24 | 9400 0000 | ffc3 448b | 9424 9400 | 0000 4d63 | ca44 8b44 | 2470 470f 
  0x000001fff592fb70: b644 0810 

  0x000001fff592fb74: ;   {oop([I{0x00000000a09252d0})}
  0x000001fff592fb74: 49bb d052 | 92a0 0000 | 0000 478b | 5c83 1041 | f7c3 0000 | 0200 0f85 | 0611 0000 | 4688 440e 
  0x000001fff592fb94: 1041 ffc2 | 443b d37c | c944 3b54 | 2474 0f8d | 1901 0000 | eb15 4d8b | 9f58 0300 

  0x000001fff592fbb0: ; ImmutableOopMap {rsi=Oop [32]=Oop [40]=Oop [56]=Oop [64]=Oop [72]=Oop [88]=Oop [96]=Oop [104]=Oop [112]=NarrowOop [128]=Oop [136]=NarrowOop [140]=NarrowOop [144]=NarrowOop [152]=Oop }
                      ;*goto {reexecute=1 rethrow=0 return_oop=0}
                      ; - (reexecute) java.lang.StringLatin1::toLowerCase@172 (line 456)
                      ; - java.lang.String::toLowerCase@13 (line 3393)
                      ; - java.lang.String::toLowerCase@4 (line 3417)
                      ; - sun.net.util.URLUtil::urlNoFragString@45 (line 61)
                      ; - java.security.CodeSource::<init>@30 (line 123)
                      ; - java.net.URLClassLoader::defineClass@198 (line 522)
                      ;   {poll}
  0x000001fff592fbb0: 0041 8503 | 443b 5424 | 740f 8d02 | 0100 008b | 5424 7c41 | 2bd2 ffca | 448b 4424 | 7445 33db 
  0x000001fff592fbd0: 453b c241 | 0f4c d381 | fad0 0700 | 0041 bbd0 | 0700 0041 | 0f47 d341 | 03d2 eb12 | 458b c390 
  0x000001fff592fbf0: 4688 440e | 1141 83c2 | 0244 3bd2 | 7dac 4d63 | ca44 8b44 | 2470 470f | b644 0810 

  0x000001fff592fc0c: ;   {oop([I{0x00000000a09252d0})}
  0x000001fff592fc0c: 49bb d052 | 92a0 0000 | 0000 478b | 5c83 1041 | f7c3 0000 | 0200 7565 | 4688 440e | 104d 63ca 
  0x000001fff592fc2c: 448b 5c24 | 7047 0fb6 

  0x000001fff592fc34: ;   {oop([I{0x00000000a09252d0})}
  0x000001fff592fc34: 440b 1149 | bbd0 5292 | a000 0000 | 0047 8b5c | 8310 41f7 | c300 0002 | 0074 a141 | 8bcb 81e1 
  0x000001fff592fc54: 0000 fc07 | 418b daff | c381 f900 | 00fc 070f | 84ca 2900 | 0041 c1e3 | 0541 c1fb | 1745 03d8 
  0x000001fff592fc74: 458b c341 | c1e8 0845 | 85c0 0f84 | 68ff ffff | e92e 2a00 | 0041 8bcb | 81e1 0000 | fc07 81f9 
  0x000001fff592fc94: 0000 fc07 | 0f84 9229 | 0000 41c1 | e305 41c1 | fb17 4503 | d845 8bc3 | 41c1 e808 | 4585 c00f 
  0x000001fff592fcb4: 85fb 2900 | 0045 8bc3 | e963 ffff | ff44 3b54 | 247c 7d39 | 4d63 ca44 | 8b44 2470 | 470f b644 
  0x000001fff592fcd4: ;   {oop([I{0x00000000a09252d0})}
  0x000001fff592fcd4: 0810 49bb | d052 92a0 | 0000 0000 | 478b 5c83 | 1041 f7c3 | 0000 0200 | 0f85 1a18 | 0000 4688 
  0x000001fff592fcf4: 440e 1041 | ffc2 443b | 5424 7c7c | c74d 8b8f | 0801 0000 | 4d8b d149 | 83c2 184d | 3b97 1801 
  0x000001fff592fd14: 0000 0f83 | 1437 0000 | 4d89 9708 | 0100 0041 | 0f18 8200 | 0100 0049 | c701 0100 

  0x000001fff592fd30: ;   {metadata('java/lang/String')}
  0x000001fff592fd30: 0000 41c7 | 4108 b183 | 0020 4589 | 610c 4d89 | 6110 4c8b | de45 8959 | 148b 8c24 | 8800 0000 
  0x000001fff592fd50: 4c8b 4424 | 6844 8b9c | 24bc 0000 | 0041 8b58 | 1444 8b53 | 0c89 9c24 | 9400 0000 | 4489 5c24 
  0x000001fff592fd70: 2889 8c24 | 9000 0000 | 410f be48 | 1044 8b5e | 0c48 8bde | 418b f28b | d141 d3fa | 410f be49 
  0x000001fff592fd90: 104c 898c | 2498 0000 | 0045 8b48 | 0c41 8bf9 | 4c89 4424 | 6841 d3fb | 4489 9c24 | a000 0000 
  0x000001fff592fdb0: 418b eb41 | 03e9 448b | dd45 2bda | 4585 db0f | 8f6c 0b00 | 004c 8bcb | 4c8b 9424 | 9800 0000 
  0x000001fff592fdd0: 8bdf 458b | 410c 41d3 | f83b d10f | 854a 2000 | 004c 8b54 | 2468 418b | 7214 3bca | 0f85 dd1d 
  0x000001fff592fdf0: 0000 458b | d08b ca41 | d3e2 d3e3 

  0x000001fff592fdfc: ; implicit exception: dispatches to 0x000001fff5936574
  0x000001fff592fdfc: 458b 410c 

  0x000001fff592fe00: ; implicit exception: dispatches to 0x000001fff59365b4
  0x000001fff592fe00: 448b 5e0c | 85db 0f8c | 4040 0000 | 453b c20f | 8237 4000 | 008b cb41 | 03ca 443b | d90f 8229 
  0x000001fff592fe20: 4000 0045 | 85d2 0f8c | 2040 0000 | 4585 d274 | 224d 63c2 | 4d8b d149 | 8d49 104c | 8bd6 488d 
  0x000001fff592fe40: 541e 10c5 | f877 49ba | 4080 69f4 | ff01 0000 | 41ff d28b | b424 a000 | 0000 4c8b | 5424 6841 
  0x000001fff592fe60: 0372 0c41 | 8972 0c44 | 8b94 2490 | 0000 0041 | 8b6a 0c83 | fdff 0f85 | 6847 0000 | 418b 6a38 
  0x000001fff592fe80: ; implicit exception: dispatches to 0x000001fff59363ec
  0x000001fff592fe80: 448b 5d08 

  0x000001fff592fe84: ;   {metadata('sun/net/www/protocol/file/Handler')}
  0x000001fff592fe84: 4181 fbb7 | 4900 200f | 8525 1700 | 0045 8b72 | 1c45 8b5e | 1441 8b5b | 0c4c 8b54 | 2468 458b 
  0x000001fff592fea4: 5a14 458b | 430c 410f | be4e 1041 | 0fbe 5210 | d3fb 418b | f88b cad3 | ff44 8bcb | 4403 ce41 
  0x000001fff592fec4: 8bc9 2bcf | 4d8b d64c | 8954 2420 | 85c9 0f8f | e60b 0000 | 458b 5614 

  0x000001fff592fedc: ; implicit exception: dispatches to 0x000001fff5936440
  0x000001fff592fedc: 458b 420c | 4c8b 5c24 | 6845 8b5b | 0c4c 8b4c | 2468 410f | be41 1041 | 0fbe 4e10 | 41d3 f83b 
  0x000001fff592fefc: c10f 856f | 1f00 004c | 8b4c 2468 | 418b 7914 | 3bc8 0f85 | aa1d 0000 | 8bc8 41d3 | e041 d3e3 
  0x000001fff592ff1c: ; implicit exception: dispatches to 0x000001fff59365f4
  0x000001fff592ff1c: 418b 4a0c 

  0x000001fff592ff20: ; implicit exception: dispatches to 0x000001fff5936638
  0x000001fff592ff20: 448b 4f0c | 4585 db0f | 8c87 3f00 | 0041 3bc8 | 0f82 7e3f | 0000 418b | d341 03d0 | 443b ca0f 
  0x000001fff592ff40: 826f 3f00 | 0045 85c0 | 0f8c 663f | 0000 4585 | c074 224d | 63c0 4d8b | ca49 8d4a | 104c 8bd7 
  0x000001fff592ff60: 4a8d 541f | 10c5 f877 | 49ba 4080 | 69f4 ff01 | 0000 41ff | d24c 8b54 | 2468 410f | be42 104c 
  0x000001fff592ff80: 8b54 2468 | 4103 5a0c | 4189 5a0c | 85c0 0f85 | 9c46 0000 | 85db 0f84 | 9f2d 0000 | 458b 5a14 
  0x000001fff592ffa0: 4489 5c24 | 7c49 8bb7 | 0801 0000 | 4c8b d649 | 83c2 184d | 3b97 1801 | 0000 0f83 | a333 0000 
  0x000001fff592ffc0: 4d89 9708 | 0100 0041 | 0f18 8200 | 0100 0048 | c706 0100 

  0x000001fff592ffd4: ;   {metadata('java/lang/String')}
  0x000001fff592ffd4: 0000 c746 | 08b1 8300 | 2044 8966 | 0c4c 8966 | 1085 db0f | 8c33 4a00 | 0081 fb00 | 0010 000f 
  0x000001fff592fff4: 871f 3b00 | 004c 63cb | 448b 5424 | 7c45 8b5a | 0c44 3bdb | 8beb 410f | 4ceb 443b | dd0f 828d 
  0x000001fff5930014: 3d00 003b | dd0f 8285 | 3d00 0049 | 83c1 174d | 8bc1 4983 | e0f8 81fb | 0000 1000 | 0f87 4c33 
  0x000001fff5930034: 0000 4d8b | b708 0100 | 004d 8bd6 | 4d03 d04d | 3b97 1801 | 0000 0f83 | 3233 0000 | 4d89 9708 
  0x000001fff5930054: 0100 0041 | 0f18 8200 | 0100 0049 | c706 0100 | 0000 410f | 1882 4001 

  0x000001fff593006c: ;   {metadata({type array byte})}
  0x000001fff593006c: 0000 41c7 | 4608 0c81 | 0020 4189 | 5e0c 410f | 1882 8001 | 0000 498b | d648 83c2 | 1049 c1e9 
  0x000001fff593008c: 034d 8bee | 85ed 0f84 | 883a 0000 | 448b 5c24 | 7c44 8b54 | 247c 4d8d | 5210 3beb | 0f8c c21e 
  0x000001fff59300ac: 0000 4983 | c0f0 49c1 | e803 498b | cac5 f877 | 49ba 6086 | 69f4 ff01 | 0000 41ff | d244 896e 
  0x000001fff59300cc: 144c 8bd6 | 4d8b de4d | 33da 49c1 | eb14 4d85 | db74 1a49 | c1ea 0948 | b900 0048 | fcff 0100 
  0x000001fff59300ec: 0049 03ca | 8039 040f | 8556 1f00 | 0044 8866 | 1041 807f | 3800 0f85 | 301e 0000 | 4c8b 5424 
  0x000001fff593010c: 604c 8bde | 4d33 da4c | 8bce 4c8b | 4424 6045 | 8948 2049 | c1eb 144d | 85db 741a | 49c1 ea09 
  0x000001fff593012c: 48b9 0000 | 48fc ff01 | 0000 4903 | ca80 3904 | 0f85 c41e | 0000 4c8b | 4424 584d | 85c0 0f85 
  0x000001fff593014c: ba22 0000 | c5f8 7749 | ba60 3c4f | f6fd 7f00 | 0041 ffd2 | 4c8b c84c | 2b4c 2430 

  0x000001fff5930168: ;   {oop(a 'jdk/internal/perf/PerfCounter'{0x00000000a090d238})}
  0x000001fff5930168: 49b8 38d2 | 90a0 0000 | 0000 488d | 9c24 f000 | 0000 498b | 0048 f7c0 | 0200 0000 | 7524 4883 
  0x000001fff5930188: c801 4889 | 03f0 490f | b118 0f84 | 3e00 0000 | 482b c448 | 81e0 07f0 | ffff 4889 | 03e9 2c00 
  0x000001fff59301a8: 0000 4c8b | d048 33c0 | f04d 0fb1 | 7a3e 48c7 | 0303 0000 | 000f 8413 | 0000 004c | 3bf8 0f85 
  0x000001fff59301c8: 0a00 0000 | 49ff 8286 | 0000 0048 | 33c0 0f85 | 243b 0000 

  0x000001fff59301dc: ;   {oop(a 'jdk/internal/perf/PerfCounter'{0x00000000a090d238})}
  0x000001fff59301dc: 49ba 38d2 | 90a0 0000 | 0000 458b | 5a10 418b | 6b24 85ed | 0f85 a247 | 0000 418b | 6b1c 85ed 
  0x000001fff59301fc: 0f8e ce47 | 0000 4d8b | 5310 4d01 

  0x000001fff5930208: ;   {oop(a 'jdk/internal/perf/PerfCounter'{0x00000000a090d238})}
  0x000001fff5930208: 0a49 bb38 | d290 a000 | 0000 0048 | 8d84 24f0 | 0000 0048 | 8138 0000 | 0000 0f84 | 8300 0000 
  0x000001fff5930228: 4d8b 1349 | f7c2 0200 | 0000 746f | 4981 ba86 | 0000 0000 | 0000 0074 | 0949 ff8a | 8600 0000 
  0x000001fff5930248: eb51 498b | 8296 0000 | 0049 0b82 | 8e00 0000 | 750a 49c7 | 423e 0000 | 0000 eb47 | 4981 ba9e 
  0x000001fff5930268: 0000 0000 | 0000 0074 | 2548 33c0 | 49c7 423e | 0000 0000 | f083 0424 | 0049 81ba | 9e00 0000 
  0x000001fff5930288: 0000 0000 | 750d f04d | 0fb1 7a3e | 7505 83c8 | 01eb 10f7 | c000 0000 | 00eb 084c | 8b10 f04d 
  0x000001fff59302a8: 0fb1 130f | 857d 3a00 | 004d 8b87 | 0801 0000 | 4d8b d049 | 83c2 104d | 3b97 1801 | 0000 0f83 
  0x000001fff59302c8: 3230 0000 | 4d89 9708 | 0100 0041 | 0f18 8200 | 0100 0049 | c700 0100 

  0x000001fff59302e0: ;   {metadata('java/security/SecureClassLoader$CodeSourceKey')}
  0x000001fff59302e0: 0000 41c7 | 4008 f71e | 0020 4589 | 600c 4c8b | 5424 6049 | 8bca 4189 | 480c 4d8b | 8f08 0100 
  0x000001fff5930300: 004c 8b54 | 2438 418b | 6a50 4d8b | d149 83c2 | 184d 3b97 | 1801 0000 | 0f83 0230 | 0000 4d89 
  0x000001fff5930320: 9708 0100 | 0041 0f18 | 8200 0100 | 0049 c701 | 0100 0000 

  0x000001fff5930334: ;   {metadata('java/security/SecureClassLoader$1')}
  0x000001fff5930334: 41c7 4108 | 3d1f 0020 | 4589 610c | 4589 6114 | 4c8b 5424 | 384d 8bda | 4589 5910 | 4189 490c 
  0x000001fff5930354: ; implicit exception: dispatches to 0x000001fff5936470
  0x000001fff5930354: 448b 5d08 

  0x000001fff5930358: ;   {metadata('java/util/concurrent/ConcurrentHashMap')}
  0x000001fff5930358: 4181 fbae | a700 200f | 85f3 3900 | 0048 8bd5 

  0x000001fff5930368: ;   {optimized virtual_call}
  0x000001fff5930368: c5f8 77e8 

  0x000001fff593036c: ; ImmutableOopMap {[56]=Oop [64]=Oop [72]=Oop }
                      ;*invokeinterface computeIfAbsent {reexecute=0 rethrow=0 return_oop=1}
                      ; - java.security.SecureClassLoader::getProtectionDomain@29 (line 222)
                      ; - java.security.SecureClassLoader::defineClass@9 (line 150)
                      ; - java.net.URLClassLoader::defineClass@220 (line 524)
  0x000001fff593036c: 70e7 bbff 

  0x000001fff5930370: ; implicit exception: dispatches to 0x000001fff5936488
  0x000001fff5930370: 448b 5008 

  0x000001fff5930374: ;   {metadata('java/security/ProtectionDomain')}
  0x000001fff5930374: 4181 faa0 | 8800 200f | 850f 5e00 | 004c 8b54 | 2440 458b | 4214 458b | 580c 4889 | 4424 5845 
  0x000001fff5930394: 85db 0f86 | ec39 0000 | 410f be72 | 1085 f60f | 85eb 4200 | 004d 8bd0 | 4d8d 4810 | 498b f941 
  0x000001fff59303b4: 8bd3 b82f | 0000 0048 | 8bdf 83fa | 100f 8c79 | 0000 0083 | fa20 0f8c | 3600 0000 | c5f9 6ec0 
  0x000001fff59303d4: c4e2 7d78 | c0c5 edef | d28b ca83 | e1e0 83e2 | 1fc5 fe6f | 0bc5 f574 | c8c4 e27d | 17d1 0f83 
  0x000001fff59303f4: 6900 0000 | 4883 c320 | 83e9 2075 | e4e9 0d00 | 0000 c5f9 | 6ec0 c5e9 | efd2 c4e2 | 7900 c283 
  0x000001fff5930414: fa10 0f8c | 2400 0000 | 8bca 83e1 | f083 e20f | c5fa 6f0b | c5f1 74c8 | c4e2 7917 | d10f 832a 
  0x000001fff5930434: 0000 0048 | 83c3 1083 | e910 75e4 | 85d2 0f84 | 1200 0000 | 0fb6 0b3b | c174 1c48 | 83c3 0183 
  0x000001fff5930454: ea01 7402 | ebee bbff | ffff ffeb | 0dc5 fdd7 | c90f bcc1 | 4803 d848 | 2bdf 83fb | ff0f 8541 
  0x000001fff5930474: 4200 0041 | 0fb6 2983 | fd5b 0f84 | 8445 0000 | 458b d38b | ce41 d3fa | 4183 c2fb | 4585 d27c 
  0x000001fff5930494: 3f41 8039 | 6a75 3941 | 83fb 040f | 860f 4600 | 0041 8078 | 1161 7528 | 4180 7812 | 7675 2141 
  0x000001fff59304b4: 8078 1361 | 751a 4180 | 7814 2e75 | 13ba 3701 | 0000 488b | 6c24 3890 

  0x000001fff59304cc: ;   {runtime_call UncommonTrapBlob}
  0x000001fff59304cc: c5f8 77e8 

  0x000001fff59304d0: ; ImmutableOopMap {rbp=Oop [64]=Oop [72]=Oop }
                      ;*new {reexecute=0 rethrow=0 return_oop=0}
                      ; - java.lang.ClassLoader::preDefineClass@56 (line 898)
                      ; - java.lang.ClassLoader::defineClass@4 (line 1015)
                      ; - java.security.SecureClassLoader::defineClass@12 (line 150)
                      ; - java.net.URLClassLoader::defineClass@220 (line 524)
  0x000001fff59304d0: 2c64 d8fe | 4c8b 5424 | 5845 8b52 | 104d 8bca | 488b 5424 | 384c 8b44 | 2440 6690 

  0x000001fff59304ec: ;   {optimized virtual_call}
  0x000001fff59304ec: c5f8 77e8 

  0x000001fff59304f0: ; ImmutableOopMap {[56]=Oop [64]=Oop [72]=Oop [88]=Oop }
                      ;*invokevirtual checkCerts {reexecute=0 rethrow=0 return_oop=0}
                      ; - java.lang.ClassLoader::preDefineClass@113 (line 907)
                      ; - java.lang.ClassLoader::defineClass@4 (line 1015)
                      ; - java.security.SecureClassLoader::defineClass@12 (line 150)
                      ; - java.net.URLClassLoader::defineClass@220 (line 524)
  0x000001fff59304f0: 6c3d 64ff | 4c8b 5424 | 5845 8b52 | 1045 85d2 | 0f84 c819 | 0000 418b | 6a0c 85ed | 0f84 bc19 
  0x000001fff5930510: 0000 448b | 5538 4585 | d20f 84b9 | 3600 0049 | 8bd2 4c8b | c566 6690 

  0x000001fff5930528: ;   {optimized virtual_call}
  0x000001fff5930528: c5f8 77e8 

  0x000001fff593052c: ; ImmutableOopMap {[56]=Oop [64]=Oop [72]=Oop [88]=Oop }
                      ;*invokevirtual toExternalForm {reexecute=0 rethrow=0 return_oop=1}
                      ; - java.net.URL::toExternalForm@5 (line 1039)
                      ; - java.net.URL::toString@1 (line 1025)
                      ; - java.lang.ClassLoader::defineClassSourceLocation@22 (line 917)
                      ; - java.lang.ClassLoader::defineClass@12 (line 1016)
                      ; - java.security.SecureClassLoader::defineClass@12 (line 150)
                      ; - java.net.URLClassLoader::defineClass@220 (line 524)
  0x000001fff593052c: 307d 6bff | 488b 5424 | 384c 8b44 | 2440 4c8b | 4c24 4833 | ff8b 7424 | 7848 8b4c | 2458 4889 
  0x000001fff593054c: 0424 6690 

  0x000001fff5930550: ;   {static_call}
  0x000001fff5930550: c5f8 77e8 

  0x000001fff5930554: ; ImmutableOopMap {[56]=Oop [88]=Oop }
                      ;*invokestatic defineClass1 {reexecute=0 rethrow=0 return_oop=1}
                      ; - java.lang.ClassLoader::defineClass@27 (line 1017)
                      ; - java.security.SecureClassLoader::defineClass@12 (line 150)
                      ; - java.net.URLClassLoader::defineClass@220 (line 524)
  0x000001fff5930554: 60da 31ff | 488b e848 | 8b54 2438 | 4c8b c04c | 8b4c 2458 

  0x000001fff5930568: ;   {optimized virtual_call}
  0x000001fff5930568: c5f8 77e8 

  0x000001fff593056c: ; ImmutableOopMap {rbp=Oop }
                      ;*invokevirtual postDefineClass {reexecute=0 rethrow=0 return_oop=0}
                      ; - java.lang.ClassLoader::defineClass@37 (line 1018)
                      ; - java.security.SecureClassLoader::defineClass@12 (line 150)
                      ; - java.net.URLClassLoader::defineClass@220 (line 524)
  0x000001fff593056c: 705d 6dff | 488b c5c5 | f877 4881 | c410 0100 

  0x000001fff593057c: ;   {poll_return}
  0x000001fff593057c: 005d 493b | a750 0300 | 000f 8739 | 6b00 00c3 | 41b8 0200 | 0000 8bcb | 41d3 e0d3 | e544 03c0 
  0x000001fff593059c: 2be8 413b | e844 8bd5 | 450f 4cd0 | 4403 d045 | 8bda 41ff | cb41 81fb | f7ff ff7f | 0f83 3351 
  0x000001fff59305bc: 0000 4181 | faff ffff | 7f0f 84b2 | 4b00 0041 | d3fa 41d3 | e244 8954 | 247c 4181 | fa00 0010 
  0x000001fff59305dc: 000f 87f9 | 4b00 004d | 63c2 3b44 | 247c 8b6c | 247c 0f4c | e83b c50f | 820f 4f00 | 0044 8b5c 
  0x000001fff59305fc: 247c 443b | dd0f 8201 | 4f00 0049 | 83c0 174c | 8944 2428 | 4d8b d049 | 83e2 f84c | 8954 2470 
  0x000001fff593061c: 458b d341 | 81fa 0000 | 1000 0f87 | f62f 0000 | 498b b708 | 0100 004c | 8bd6 4c8b | 5c24 704d 
  0x000001fff593063c: 03d3 4d3b | 9718 0100 | 000f 83d7 | 2f00 004d | 8997 0801 | 0000 410f | 1882 0001 | 0000 48c7 
  0x000001fff593065c: 0601 0000 | 0041 0f18 | 8240 0100 

  0x000001fff5930668: ;   {metadata({type array byte})}
  0x000001fff5930668: 00c7 4608 | 0c81 0020 | 448b 5c24 | 7c44 895e | 0c41 0f18 | 8280 0100 | 004c 8bde | 4983 c310 
  0x000001fff5930688: 488b 4c24 | 2848 c1e9 | 0348 8bde | 85ed 0f84 | 684b 0000 | 448b 9424 | 9400 0000 | 4d8b c24d 
  0x000001fff59306a8: 8d4a 103b | 6c24 7c0f | 8c95 2600 | 004c 8b44 | 2470 4983 | c0f0 49c1 | e803 498b | c949 8bd3 
  0x000001fff59306c8: c5f8 7749 | ba60 8669 | f4ff 0100 | 0041 ffd2 | 4180 7f38 | 000f 8593 | 2700 004c | 8b44 2468 
  0x000001fff59306e8: 4189 5814 | 4c8b d64d | 8bd8 4d33 | d349 c1ea | 144d 85d2 | 741a 49c1 | eb09 48b9 | 0000 48fc 
  0x000001fff5930708: ff01 0000 | 4903 cb80 | 3904 0f85 | d427 0000 | 4c8b 9424 | 9800 0000 | 458b 4a14 | 4585 c90f 
  0x000001fff5930728: 84ba 4a00 | 0045 8b50 | 0c44 8954 | 2470 4c89 | 4424 6841 | 0fbe 5810 | 4c8b 9424 | 9800 0000 
  0x000001fff5930748: 410f be7a | 10e9 85ef | ffff 41b9 | 0200 0000 | 41d3 e145 | 03cb 83c3 | 03d3 e341 | 2bdb 413b 
  0x000001fff5930768: d944 8bd3 | 450f 4cd1 | 4503 d345 | 8bca 41ff | c941 81f9 | f7ff ff7f | 0f83 ba4f | 0000 4181 
  0x000001fff5930788: faff ffff | 7f0f 84e0 | 4a00 0041 | d3fa 41d3 | e241 81fa | 0000 1000 | 0f87 1e4b | 0000 4d63 
  0x000001fff59307a8: c245 3bda | 418b ea41 | 0f4c eb44 | 3bdd 0f82 | a84d 0000 | 443b d50f | 829f 4d00 | 0049 83c0 
  0x000001fff59307c8: 174d 8bd8 | 4983 e3f8 | 4181 fa00 | 0010 000f | 8767 2e00 | 004c 899c | 2480 0000 | 004c 8944 
  0x000001fff59307e8: 2470 4489 | 5424 2849 | 8bb7 0801 | 0000 4c8b | d64d 03d3 | 4d3b 9718 | 0100 000f | 834d 2e00 
  0x000001fff5930808: 004d 8997 | 0801 0000 | 410f 1882 | 0001 0000 | 48c7 0601 | 0000 0041 | 0f18 8240 

  0x000001fff5930824: ;   {metadata({type array byte})}
  0x000001fff5930824: 0100 00c7 | 4608 0c81 | 0020 448b | 4424 2844 | 8946 0c41 | 0f18 8280 | 0100 004c | 8bce 4983 
  0x000001fff5930844: c110 488b | 4c24 7048 | c1e9 0348 | 8bde 85ed | 0f84 724a | 0000 448b | 9c24 8800 | 0000 448b 
  0x000001fff5930864: 9424 8800 | 0000 4d8d | 5210 3b6c | 2428 0f8c | 6825 0000 | 4c8b 8424 | 8000 0000 | 4983 c0f0 
  0x000001fff5930884: 49c1 e803 | 498b ca49 | 8bd1 c5f8 | 7749 ba60 | 8669 f4ff | 0100 0041 | ffd2 4180 | 7f38 000f 
  0x000001fff59308a4: 8505 2600 | 004c 8b44 | 2468 4189 | 5814 4c8b | d64d 8bd8 | 4d33 d349 | c1ea 144d | 85d2 0f84 
  0x000001fff59308c4: 20ef ffff | 49c1 eb09 | 48b9 0000 | 48fc ff01 | 0000 4903 | cb80 3904 | 0f84 06ef | ffff 4d8b 
  0x000001fff59308e4: 5740 4d8b | 5f50 f083 | 4424 c000 | 8039 000f | 84ef eeff | ff44 8821 | 4d85 d275 | 1e49 8bd8 
  0x000001fff5930904: 498b d7c5 | f877 49ba | 5093 14f6 | fd7f 0000 | 41ff d24c | 8bc3 e9c9 | eeff ff4b | 894c 13f8 
  0x000001fff5930924: 4983 c2f8 | 4d89 5740 | e9b7 eeff | ff41 bb02 | 0000 008b | ca41 d3e3 | d3e5 4403 | de2b ee41 
  0x000001fff5930944: 3beb 448b | d545 0f4c | d344 03d6 | 458b da41 | ffcb 4181 | fbf7 ffff | 7f0f 8351 | 4e00 0041 
  0x000001fff5930964: 81fa ffff | ff7f 0f84 | cb49 0000 | 41d3 fa41 | d3e2 4181 | fa00 0010 | 000f 8719 | 4a00 004d 
  0x000001fff5930984: 63da 413b | f241 8bea | 0f4c ee3b | f50f 8225 | 4c00 0044 | 3bd5 0f82 | 1c4c 0000 | 4983 c317 
  0x000001fff59309a4: 4d8b c349 | 83e0 f841 | 81fa 0000 | 1000 0f87 | c02c 0000 | 498b 9f08 | 0100 004c | 8bcb 4d03 
  0x000001fff59309c4: c84d 3b8f | 1801 0000 | 0f83 a62c | 0000 4d89 | 8f08 0100 | 0041 0f18 | 8100 0100 | 0048 c703 
  0x000001fff59309e4: 0100 0000 | 410f 1881 | 4001 0000 

  0x000001fff59309f0: ;   {metadata({type array byte})}
  0x000001fff59309f0: c743 080c | 8100 2044 | 8953 0c41 | 0f18 8180 | 0100 0048 | 8bd3 4883 | c210 49c1 | eb03 488b 
  0x000001fff5930a10: f385 ed0f | 84a7 4900 | 004d 8bcb | 448b 9c24 | 9400 0000 | 498b cb4d | 8d5b 1041 | 3bea 0f8c 
  0x000001fff5930a30: 0025 0000 | 4983 c0f0 | 49c1 e803 | 498b cbc5 | f877 49ba | 6086 69f4 | ff01 0000 | 41ff d241 
  0x000001fff5930a50: 807f 3800 | 0f85 0626 | 0000 4c8b | 5424 6841 | 8972 144c | 8bd3 4c8b | 5c24 684d | 33d3 49c1 
  0x000001fff5930a70: ea14 4d85 | d274 1a49 | c1eb 0948 | b900 0048 | fcff 0100 | 0049 03cb | 8039 040f | 853f 2600 
  0x000001fff5930a90: 004c 8b94 | 2498 0000 | 0045 8b4a | 1445 85c9 | 0f84 fe48 | 0000 4c8b | 5c24 6841 | 8b5b 0c41 
  0x000001fff5930ab0: 0fbe 5310 | 410f be4a | 10e9 14f3 | ffff 8bca | 41d3 e18b | 6c24 28d3 | e545 2bc8 | 4103 e844 
  0x000001fff5930ad0: 3bcd 458b | d144 0f4c | d545 03d0 | 418b faff | cf81 fff7 | ffff 7f0f | 8317 4d00 | 0041 81fa 
  0x000001fff5930af0: ffff ff7f | 0f84 3249 | 0000 41d3 | fa41 d3e2 | 4181 fa00 | 0010 000f | 8787 4900 | 004d 63ca 
  0x000001fff5930b10: 453b c241 | 8bea 410f | 4ce8 443b | c50f 82fd | 4a00 0044 | 3bd5 0f82 | f44a 0000 | 4983 c117 
  0x000001fff5930b30: 4d8b c149 | 83e0 f841 | 81fa 0000 | 1000 0f87 | 762b 0000 | 4d8b af08 | 0100 0049 | 8bcd 4903 
  0x000001fff5930b50: c849 3b8f | 1801 0000 | 0f83 5c2b | 0000 4989 | 8f08 0100 | 000f 1881 | 0001 0000 | 49c7 4500 
  0x000001fff5930b70: 0100 0000 | 0f18 8140 

  0x000001fff5930b78: ;   {metadata({type array byte})}
  0x000001fff5930b78: 0100 0041 | c745 080c | 8100 2045 | 8955 0c0f | 1881 8001 | 0000 498b | d548 83c2 | 1049 c1e9 
  0x000001fff5930b98: 0349 8bf5 | 85ed 0f84 | f848 0000 | 498b cb4d | 8d5b 1041 | 3bea 0f8c | 1624 0000 | 4983 c0f0 
  0x000001fff5930bb8: 49c1 e803 | 498b cbc5 | f877 49ba | 6086 69f4 | ff01 0000 | 41ff d241 | 807f 3800 | 0f85 be24 
  0x000001fff5930bd8: 0000 4c8b | 5424 6841 | 8972 144d | 8bd5 4c8b | 5c24 684d | 33d3 49c1 | ea14 4d85 | d20f 84dd 
  0x000001fff5930bf8: f2ff ff49 | c1eb 0948 | b900 0048 | fcff 0100 | 0049 03cb | 8039 040f | 84c3 f2ff | ff4d 8b57 
  0x000001fff5930c18: 404d 8b5f | 50f0 8344 | 24c0 0080 | 3900 0f84 | acf2 ffff | 4488 214d | 85d2 7518 | 498b d7c5 
  0x000001fff5930c38: f877 49ba | 5093 14f6 | fd7f 0000 | 41ff d2e9 | 8cf2 ffff | 4b89 4c13 | f849 83c2 | f84d 8957 
  0x000001fff5930c58: 40e9 7af2 | ffff 418b | cb81 e100 | 00fc 0781 | f900 00fc | 070f 84cd | 4c00 0041 | c1e3 0541 
  0x000001fff5930c78: c1fb 1745 | 03d8 458b | c341 c1e8 | 0845 85c0 | 0f85 ba4c | 0000 458b | c3e9 bce7 | ffff 418b 
  0x000001fff5930c98: cb81 e100 | 00fc 0781 | f900 00fc | 070f 84a5 | 4c00 0041 | c1e3 0541 | c1fb 1745 | 03d8 458b 
  0x000001fff5930cb8: c341 c1e8 | 0845 85c0 | 0f85 924c | 0000 458b | c3e9 c2ee | ffff 4c8b | 5c24 404c | 895c 2478 
  0x000001fff5930cd8: e97a ddff | ff4c 8b94 | 24e8 0000 | 00eb 084c | 8b94 24e8 | 0000 004c | 8994 24e8 | 0000 0045 
  0x000001fff5930cf8: 33d2 4533 | db45 33c0 | 4533 c933 | c933 db33 | ff4c 8994 | 24e0 0000 | 004c 899c | 24d8 0000 
  0x000001fff5930d18: 004c 8984 | 24d0 0000 | 004c 898c | 24c8 0000 | 0048 898c | 24c0 0000 | 0048 899c | 24b8 0000 
  0x000001fff5930d38: 0048 89bc | 24b0 0000 | 00e9 0b06 | 0000 450f | b644 1e10 | 458b da41 | c1e3 0545 | 2bda 4503 
  0x000001fff5930d58: d8ff c33b | dd0f 8d1e | 0200 0045 | 8bd3 ebde | 4c8b dd4d | 85db 0f84 | c527 0000 

  0x000001fff5930d74: ;   {oop(a 'java/lang/Class'{0x00000000a0925770} = 'jdk/internal/access/SharedSecrets')}
  0x000001fff5930d74: 49ba 7057 | 92a0 0000 | 0000 458b | 8ac8 0000 | 0045 8b41 | 0844 8944 | 245c 4c89 | 5c24 5049 
  0x000001fff5930d94: 8be9 4489 | 4c24 5841 | b82e 0000 | 0048 8b54 | 2478 41b9 | 2f00 0000 | 4c8b 5424 | 384c 8954 
  0x000001fff5930db4: 2428 6690 

  0x000001fff5930db8: ;   {optimized virtual_call}
  0x000001fff5930db8: c5f8 77e8 

  0x000001fff5930dbc: ; ImmutableOopMap {rbp=Oop [32]=Oop [40]=Oop [56]=Oop [64]=Oop [72]=Oop [80]=Oop [88]=NarrowOop [120]=Oop [144]=NarrowOop }
                      ;*invokevirtual replace {reexecute=0 rethrow=0 return_oop=1}
                      ; - java.net.URLClassLoader::definePackage@33 (line 552)
                      ; - java.net.URLClassLoader::defineClass@64 (line 495)
  0x000001fff5930dbc: 809c 6dff | 4885 c00f | 84bb 4a00 

  0x000001fff5930dc8: ;   {oop("/"{0x00000000a08ad498})}
  0x000001fff5930dc8: 0049 b898 | d48a a000 | 0000 0048 | 8bd0 6690 

  0x000001fff5930dd8: ;   {optimized virtual_call}
  0x000001fff5930dd8: c5f8 77e8 

  0x000001fff5930ddc: ; ImmutableOopMap {rbp=Oop [32]=Oop [40]=Oop [56]=Oop [64]=Oop [72]=Oop [80]=Oop [88]=NarrowOop [120]=Oop [144]=NarrowOop }
                      ;*invokevirtual concat {reexecute=0 rethrow=0 return_oop=1}
                      ; - java.net.URLClassLoader::definePackage@39 (line 552)
                      ; - java.net.URLClassLoader::defineClass@64 (line 495)
  0x000001fff5930ddc: 0007 44ff | 4889 4424 | 6044 8b54 

  0x000001fff5930de8: ;   {metadata('java/util/jar/JavaUtilJarAccessImpl')}
  0x000001fff5930de8: 245c 4181 | fa00 2400 | 200f 85bd | 4a00 004c | 8b44 2450 | 418b 6810 

  0x000001fff5930e00: ; implicit exception: dispatches to 0x000001fff59368f4
  0x000001fff5930e00: 448b 5d08 

  0x000001fff5930e04: ;   {metadata('java/util/HashMap')}
  0x000001fff5930e04: 4181 fb62 | c300 200f | 85eb 4a00 | 004c 8bd5 | 458b 5224 | c4c1 796e | c245 85d2 | 0f84 d70a 
  0x000001fff5930e24: 0000 458b | 5a0c 4585 | db0f 86b5 | 4b00 0048 | 85c0 0f84 | ec22 0000 | 448b 480c | 41ff cbc4 
  0x000001fff5930e44: c179 6ed3 | 4585 c974 | 2445 8bd1 | 41c1 ea10 | 4533 d145 | 23da 49b8 | 0000 48fc | ff01 0000 
  0x000001fff5930e64: 4c89 8424 | e800 0000 | e937 0100 | 0044 0fb6 | 5011 4585 | d20f 85d9 | 1800 0044 | 8b70 14c4 
  0x000001fff5930e84: c179 7ec2 | 4d8b ca80 | 7810 000f | 85b9 2800 | 0041 8b6e | 0c85 ed0f | 8634 1000 | 0044 8bdd 
  0x000001fff5930ea4: 41ff cb44 | 3bdd 0f83 | d84a 0000 | 450f b656 | 1044 8bc5 | 4183 c0fd | 4183 f801 | 0f8e 064b 
  0x000001fff5930ec4: 0000 418b | cac1 e105 | 412b ca4d | 8bee bb01 | 0000 0049 | ba00 0048 | fcff 0100 | 004c 8994 
  0x000001fff5930ee4: 24e8 0000 | 008b d52b | d383 c2fd | 4533 d244 | 3bc3 410f | 4cd2 81fa | a00f 0000 | 41bb a00f 
  0x000001fff5930f04: 0000 410f | 47d3 03d3 | 0f1f 4000 | 4c63 db47 | 0fb6 541e | 1043 0fb6 | 7c1e 1343 | 0fb6 441e 
  0x000001fff5930f24: 1143 0fb6 | 741e 1241 | 03ca 448b | d941 c1e3 | 0544 2bd9 | 4403 d841 | 8bcb c1e1 | 0541 2bcb 
  0x000001fff5930f44: 03ce 448b | d141 c1e2 | 0544 2bd1 | 4403 d741 | 8bca c1e1 | 0541 2bca | 83c3 043b | da7c ad4d 
  0x000001fff5930f64: 8b9f 5803 

  0x000001fff5930f68: ; ImmutableOopMap {r9=Oop r13=Oop r14=NarrowOop xmm0=NarrowOop [32]=Oop [56]=Oop [64]=Oop [72]=Oop [80]=Oop [96]=Oop [120]=Oop [144]=NarrowOop }
                      ;*goto {reexecute=1 rethrow=0 return_oop=0}
                      ; - (reexecute) java.lang.StringLatin1::hashCode@37 (line 196)
                      ; - java.lang.String::hashCode@27 (line 2344)
                      ; - java.util.HashMap::hash@9 (line 338)
                      ; - java.util.HashMap::getNode@23 (line 568)
                      ; - java.util.HashMap::get@2 (line 556)
                      ; - java.util.jar.Manifest::getAttributes@5 (line 159)
                      ; - java.util.jar.Manifest::getTrustedAttributes@2 (line 176)
                      ; - java.util.jar.JavaUtilJarAccessImpl::getTrustedAttributes@2 (line 68)
                      ; - java.net.URLClassLoader::definePackage@42 (line 552)
                      ; - java.net.URLClassLoader::defineClass@64 (line 495)
                      ;   {poll}
  0x000001fff5930f68: 0000 4185 | 0341 3bd8 | 0f8c 73ff | ffff 3bdd | 0f8c c8fd | ffff 458b | da45 85db | 0f84 3129 
  0x000001fff5930f88: 0000 4c8b | 5424 6045 | 895a 0c45 | 8bd3 41c1 | ea10 4533 | d3c4 c179 | 7ed0 4523 | c245 8bd8 
  0x000001fff5930fa8: 4489 9424 | a000 0000 | 458b c3c4 | c179 7ec3 | 478b 5483 | 1045 8bc2 | 4585 d20f | 8414 fdff 
  0x000001fff5930fc8: ff45 8b4a | 0c44 3b8c | 24a0 0000 | 0074 124c | 8b5c 2460 | 4c89 9c24 | a800 0000 | e96e 0100 
  0x000001fff5930fe8: 0045 8b48 | 1041 8bc9 | 4d8b d94c | 8b4c 2460 | 4d3b d90f | 84d3 0100 | 004d 85c9 | 0f84 9d29 
  0x000001fff5931008: 0000 4d3b | cb0f 84c1 | 0100 0044 | 8bc9 4585 | c90f 842b | 0100 0045 

  0x000001fff5931020: ;   {metadata('java/lang/String')}
  0x000001fff5931020: 8b49 0841 | 81f9 b183 | 0020 0f85 | 0c52 0000 | 4c8b 5c24 | 6045 0fbe | 5b10 418b | db44 8bc9 
  0x000001fff5931040: 4d8b d94d | 8bcb 410f | be6b 1044 | 8bdb 443b | dd0f 8585 | 4b00 004d | 8bd9 458b | 5b14 4c8b 
  0x000001fff5931060: 4c24 6041 | 8b79 1441 | 8b5b 0c8b | 4f0c 3bcb | 0f85 d400 | 0000 4d8b | cb49 8d73 | 104c 8bdf 
  0x000001fff5931080: 488d 7f10 | 85c9 0f84 | a500 0000 | 8bc1 83e0 | 1f83 e1e0 | 0f84 4b00 | 0000 488d | 3c0f 488d 
  0x000001fff59310a0: 340e 48f7 | d9c5 fe6f | 0c0f c5fe | 6f04 0ec5 | f5ef c8c4 | e27d 17c9 | 0f85 7a00 | 0000 4883 
  0x000001fff59310c0: c120 75e1 | 85c0 0f84 | 6500 0000 | c5fe 6f4c | 07e0 c5fe | 6f44 06e0 | c5f5 efc8 | c4e2 7d17 
  0x000001fff59310e0: c975 55eb | 4c8b c883 | e1fc 7419 | 488d 3c0f | 488d 340e | 48f7 d98b | 1c0f 3b1c | 0e75 3948 
  0x000001fff5931100: 83c1 0475 | f2f7 c002 | 0000 0074 | 120f b71f | 0fb7 0e3b | d975 2148 | 8d7f 0248 | 8d76 02f7 
  0x000001fff5931120: c001 0000 | 0074 0a0f | b61f 0fb6 | 0e3b d975 | 07b8 0100 | 0000 eb02 | 33c0 c5f5 | efc9 c5fd 
  0x000001fff5931140: efc0 85c0 | 0f85 8a00 | 0000 4c8b | 5c24 604c | 899c 24a8 | 0000 0045 | 8b58 1845 | 85db 750d 
  0x000001fff5931160: 4c8b 9424 | e800 0000 | e982 fbff | ff45 8b40 

  0x000001fff5931170: ;   {metadata('java/util/HashMap$TreeNode')}
  0x000001fff5931170: 0841 81f8 | f3c6 0020 | 0f85 8e07 | 0000 458b | 5a28 4585 | db74 1d49 | 8bd2 488b | 6c24 3890 
  0x000001fff5931190: ;   {optimized virtual_call}
  0x000001fff5931190: c5f8 77e8 

  0x000001fff5931194: ; ImmutableOopMap {rbp=Oop [32]=Oop [56]=Oop [64]=Oop [72]=Oop [80]=Oop [96]=Oop [120]=Oop [144]=NarrowOop [168]=Oop }
                      ;*invokevirtual root {reexecute=0 rethrow=0 return_oop=1}
                      ; - java.util.HashMap$TreeNode::getTreeNode@8 (line 2040)
                      ; - java.util.HashMap::getNode@95 (line 574)
                      ; - java.util.HashMap::get@2 (line 556)
                      ; - java.util.jar.Manifest::getAttributes@5 (line 159)
                      ; - java.util.jar.Manifest::getTrustedAttributes@2 (line 176)
                      ; - java.util.jar.JavaUtilJarAccessImpl::getTrustedAttributes@2 (line 68)
                      ; - java.net.URLClassLoader::definePackage@42 (line 552)
                      ; - java.net.URLClassLoader::defineClass@64 (line 495)
  0x000001fff5931194: e801 d8fe | 4885 c00f | 8404 4a00 | 004c 8bd0 | 498b d244 | 8b84 24a0 | 0000 004c | 8b8c 24a8 
  0x000001fff59311b4: 0000 0033 | ff48 8b6c | 2438 6690 

  0x000001fff59311c0: ;   {optimized virtual_call}
  0x000001fff59311c0: c5f8 77e8 

  0x000001fff59311c4: ; ImmutableOopMap {rbp=Oop [32]=Oop [56]=Oop [64]=Oop [72]=Oop [80]=Oop [96]=Oop [120]=Oop [144]=NarrowOop }
                      ;*invokevirtual find {reexecute=0 rethrow=0 return_oop=1}
                      ; - java.util.HashMap$TreeNode::getTreeNode@18 (line 2040)
                      ; - java.util.HashMap::getNode@95 (line 574)
                      ; - java.util.HashMap::get@2 (line 556)
                      ; - java.util.jar.Manifest::getAttributes@5 (line 159)
                      ; - java.util.jar.Manifest::getTrustedAttributes@2 (line 176)
                      ; - java.util.jar.JavaUtilJarAccessImpl::getTrustedAttributes@2 (line 68)
                      ; - java.net.URLClassLoader::definePackage@42 (line 552)
                      ; - java.net.URLClassLoader::defineClass@64 (line 495)
  0x000001fff59311c4: b801 d8fe | 4885 c00f | 8416 fbff | ff4c 8bd0 | 418b 6a14 | 85ed 0f84 | 17fb ffff | 448b 5508 
  0x000001fff59311e4: ;   {metadata('java/util/jar/Attributes')}
  0x000001fff59311e4: 4181 fab1 | 1900 200f | 85b7 4f00 | 004c 8b54 | 2450 458b | 5a14 4c8b | d549 8bea | 4585 db74 
  0x000001fff5931204: 2349 8bd3 | 4c8b 4424 | 604c 8b54 | 2438 4c89 | 5424 2890 

  0x000001fff5931218: ;   {optimized virtual_call}
  0x000001fff5931218: c5f8 77e8 

  0x000001fff593121c: ; ImmutableOopMap {rbp=Oop [32]=Oop [40]=Oop [56]=Oop [64]=Oop [72]=Oop [80]=Oop [96]=Oop [120]=Oop [144]=NarrowOop }
                      ;*invokevirtual isTrustedManifestEntry {reexecute=0 rethrow=0 return_oop=0}
                      ; - java.util.jar.Manifest::getTrustedAttributes@22 (line 177)
                      ; - java.util.jar.JavaUtilJarAccessImpl::getTrustedAttributes@2 (line 68)
                      ; - java.net.URLClassLoader::definePackage@42 (line 552)
                      ; - java.net.URLClassLoader::defineClass@64 (line 495)
  0x000001fff593121c: 6001 d8fe | 85c0 0f84 | 1848 0000 

  0x000001fff5931228: ;   {oop(a 'java/util/jar/Attributes$Name'{0x00000000a067f890})}
  0x000001fff5931228: 488b d549 | b890 f867 | a000 0000 | 004c 8b54 | 2438 4c89 | 5424 2890 

  0x000001fff5931240: ;   {optimized virtual_call}
  0x000001fff5931240: c5f8 77e8 

  0x000001fff5931244: ; ImmutableOopMap {rbp=Oop [32]=Oop [40]=Oop [56]=Oop [64]=Oop [72]=Oop [80]=Oop [120]=Oop [144]=NarrowOop }
                      ;*invokevirtual getValue {reexecute=0 rethrow=0 return_oop=1}
                      ; - java.net.URLClassLoader::definePackage@59 (line 554)
                      ; - java.net.URLClassLoader::defineClass@64 (line 495)
  0x000001fff5931244: 3801 d8fe | 4889 4424 | 2848 8bd5 

  0x000001fff5931250: ;   {oop(a 'java/util/jar/Attributes$Name'{0x00000000a067f288})}
  0x000001fff5931250: 49b8 88f2 | 67a0 0000 | 0000 6690 

  0x000001fff593125c: ;   {optimized virtual_call}
  0x000001fff593125c: c5f8 77e8 

  0x000001fff5931260: ; ImmutableOopMap {rbp=Oop [32]=Oop [40]=Oop [56]=Oop [64]=Oop [72]=Oop [80]=Oop [120]=Oop [144]=NarrowOop }
                      ;*invokevirtual getValue {reexecute=0 rethrow=0 return_oop=1}
                      ; - java.net.URLClassLoader::definePackage@69 (line 555)
                      ; - java.net.URLClassLoader::defineClass@64 (line 495)
  0x000001fff5931260: 1c01 d8fe | 4889 4424 | 5848 8bd5 

  0x000001fff593126c: ;   {oop(a 'java/util/jar/Attributes$Name'{0x00000000a067eeb0})}
  0x000001fff593126c: 49b8 b0ee | 67a0 0000 | 0000 6690 

  0x000001fff5931278: ;   {optimized virtual_call}
  0x000001fff5931278: c5f8 77e8 

  0x000001fff593127c: ; ImmutableOopMap {rbp=Oop [32]=Oop [40]=Oop [56]=Oop [64]=Oop [72]=Oop [80]=Oop [88]=Oop [120]=Oop [144]=NarrowOop }
                      ;*invokevirtual getValue {reexecute=0 rethrow=0 return_oop=1}
                      ; - java.net.URLClassLoader::definePackage@79 (line 556)
                      ; - java.net.URLClassLoader::defineClass@64 (line 495)
  0x000001fff593127c: 0001 d8fe | 4889 4424 | 6048 8bd5 

  0x000001fff5931288: ;   {oop(a 'java/util/jar/Attributes$Name'{0x00000000a0677d88})}
  0x000001fff5931288: 49b8 887d | 67a0 0000 | 0000 6690 

  0x000001fff5931294: ;   {optimized virtual_call}
  0x000001fff5931294: c5f8 77e8 

  0x000001fff5931298: ; ImmutableOopMap {rbp=Oop [32]=Oop [40]=Oop [56]=Oop [64]=Oop [72]=Oop [80]=Oop [88]=Oop [96]=Oop [120]=Oop [144]=NarrowOop }
                      ;*invokevirtual getValue {reexecute=0 rethrow=0 return_oop=1}
                      ; - java.net.URLClassLoader::definePackage@89 (line 557)
                      ; - java.net.URLClassLoader::defineClass@64 (line 495)
  0x000001fff5931298: e400 d8fe | 4889 4424 | 6848 8bd5 

  0x000001fff59312a4: ;   {oop(a 'java/util/jar/Attributes$Name'{0x00000000a0677e08})}
  0x000001fff59312a4: 49b8 087e | 67a0 0000 | 0000 6690 

  0x000001fff59312b0: ;   {optimized virtual_call}
  0x000001fff59312b0: c5f8 77e8 

  0x000001fff59312b4: ; ImmutableOopMap {rbp=Oop [32]=Oop [40]=Oop [56]=Oop [64]=Oop [72]=Oop [80]=Oop [88]=Oop [96]=Oop [104]=Oop [120]=Oop [144]=NarrowOop }
                      ;*invokevirtual getValue {reexecute=0 rethrow=0 return_oop=1}
                      ; - java.net.URLClassLoader::definePackage@99 (line 558)
                      ; - java.net.URLClassLoader::defineClass@64 (line 495)
  0x000001fff59312b4: c800 d8fe | 4889 4424 | 7048 8bd5 

  0x000001fff59312c0: ;   {oop(a 'java/util/jar/Attributes$Name'{0x00000000a067ec18})}
  0x000001fff59312c0: 49b8 18ec | 67a0 0000 | 0000 6690 

  0x000001fff59312cc: ;   {optimized virtual_call}
  0x000001fff59312cc: c5f8 77e8 

  0x000001fff59312d0: ; ImmutableOopMap {rbp=Oop [32]=Oop [40]=Oop [56]=Oop [64]=Oop [72]=Oop [80]=Oop [88]=Oop [96]=Oop [104]=Oop [112]=Oop [120]=Oop [144]=NarrowOop }
                      ;*invokevirtual getValue {reexecute=0 rethrow=0 return_oop=1}
                      ; - java.net.URLClassLoader::definePackage@109 (line 559)
                      ; - java.net.URLClassLoader::defineClass@64 (line 495)
  0x000001fff59312d0: ac00 d8fe | 4889 8424 | 8000 0000 

  0x000001fff59312dc: ;   {oop(a 'java/util/jar/Attributes$Name'{0x00000000a090b9a0})}
  0x000001fff59312dc: 488b d549 | b8a0 b990 | a000 0000 | 0048 8b6c | 2438 6690 

  0x000001fff59312f0: ;   {optimized virtual_call}
  0x000001fff59312f0: c5f8 77e8 

  0x000001fff59312f4: ; ImmutableOopMap {rbp=Oop [32]=Oop [40]=Oop [56]=Oop [64]=Oop [72]=Oop [80]=Oop [88]=Oop [96]=Oop [104]=Oop [112]=Oop [120]=Oop [128]=Oop [144]=NarrowOop }
                      ;*invokevirtual getValue {reexecute=0 rethrow=0 return_oop=1}
                      ; - java.net.URLClassLoader::definePackage@119 (line 560)
                      ; - java.net.URLClassLoader::defineClass@64 (line 495)
  0x000001fff59312f4: 8800 d8fe | 4889 8424 | b000 0000 | 4c8b 9424 | 8000 0000 | 4c89 9424 | b800 0000 | 4c8b 5424 
  0x000001fff5931314: 704c 8994 | 24c0 0000 | 004c 8b54 | 2468 4c89 | 9424 c800 | 0000 4c8b | 5424 604c | 8994 24d0 
  0x000001fff5931334: 0000 004c | 8b54 2458 | 4c89 9424 | d800 0000 | 4c8b 5424 | 284c 8994 | 24e0 0000 | 004c 8b54 
  0x000001fff5931354: 2450 458b | 520c 418b | ea45 85d2 | 0f84 c603 | 0000 4c89 | 5424 284c | 8b94 24e0 | 0000 004d 
  0x000001fff5931374: 85d2 0f84 | 2204 0000 | 4c8b 9424 | d800 0000 | 4d85 d20f | 8438 0400 | 004c 8b94 | 24d0 0000 
  0x000001fff5931394: 004d 85d2 | 0f84 4b04 | 0000 4c8b | 9424 c800 | 0000 4d85 | d20f 845e | 0400 004c | 8b94 24c0 
  0x000001fff59313b4: 0000 004d | 85d2 0f84 | 7104 0000 | 4c8b 9424 | b800 0000 | 4d85 d20f | 8484 0400 | 004c 8b94 
  0x000001fff59313d4: 24b0 0000 | 004d 85d2 | 0f84 9704 | 0000 4c8b | 9424 b800 | 0000 4c89 | 9424 a800 | 0000 4c8b 
  0x000001fff59313f4: 9424 c000 | 0000 4c89 | 9424 a000 | 0000 4c8b | 9424 c800 | 0000 4c89 | 9424 9800 | 0000 4c8b 
  0x000001fff5931414: 9424 d000 | 0000 4c89 | 9424 8800 | 0000 4c8b | 9424 d800 | 0000 4c89 | 9424 8000 | 0000 4c8b 
  0x000001fff5931434: 9424 e000 | 0000 4c89 | 5424 704c | 8b84 24b0 

  0x000001fff5931444: ;   {oop("true"{0x00000000a08ad210})}
  0x000001fff5931444: 0000 0048 | ba10 d28a | a000 0000 | 0048 8b6c | 2438 6690 

  0x000001fff5931458: ;   {optimized virtual_call}
  0x000001fff5931458: c5f8 77e8 

  0x000001fff593145c: ; ImmutableOopMap {rbp=Oop [32]=Oop [56]=Oop [64]=Oop [72]=Oop [80]=Oop [112]=Oop [120]=Oop [128]=Oop [136]=Oop [144]=NarrowOop [152]=Oop [160]=Oop [168]=Oop }
                      ;*invokevirtual equalsIgnoreCase {reexecute=0 rethrow=0 return_oop=0}
                      ; - java.net.URLClassLoader::definePackage@245 (line 586)
                      ; - java.net.URLClassLoader::defineClass@64 (line 495)
  0x000001fff593145c: 20ff d7fe | 85c0 0f84 | 2e03 0000 | 4c8b 5424 | 2048 8bd5 | 4c8b 4424 | 784c 8b4c | 2470 488b 
  0x000001fff593147c: bc24 8000 | 0000 488b | b424 8800 | 0000 488b | 8c24 9800 | 0000 4c8b | 9c24 a000 | 0000 4c89 
  0x000001fff593149c: 1c24 4c8b | 9c24 a800 | 0000 4c89 | 5c24 084c | 8954 2410 

  0x000001fff59314b0: ;   {optimized virtual_call}
  0x000001fff59314b0: c5f8 77e8 

  0x000001fff59314b4: ; ImmutableOopMap {rbp=Oop [32]=Oop [56]=Oop [64]=Oop [72]=Oop [80]=Oop [120]=Oop [144]=NarrowOop }
                      ;*invokevirtual definePackage {reexecute=0 rethrow=0 return_oop=1}
                      ; - java.net.URLClassLoader::definePackage@270 (line 589)
                      ; - java.net.URLClassLoader::defineClass@64 (line 495)
  0x000001fff59314b4: e85c a8f7 | 4c8b 9424 | e800 0000 | 4c89 5424 | 5048 8b74 | 2448 4c8b | 5424 20e9 | 4ad7 ffff 
  0x000001fff59314d4: 418b cb81 | e100 00fc | 0781 f900 | 00fc 070f | 844d 1000 | 0041 c1e3 | 0541 c1fb | 1745 03d8 
  0x000001fff59314f4: 458b c341 | c1e8 0845 | 85c0 0f85 | b210 0000 | 458b c3e9 | dee0 ffff | 418b cb81 | e100 00fc 
  0x000001fff5931514: 0781 f900 | 00fc 070f | 8415 1100 | 0041 c1e3 | 0541 c1fb | 1745 03d8 | 458b c341 | c1e8 0845 
  0x000001fff5931534: 85c0 0f85 | 7e11 0000 | 458b c3e9 | aee7 ffff | 49bb 0000 | 48fc ff01 | 0000 4c89 | 5c24 50e9 
  0x000001fff5931554: c6d6 ffff | 488b 5c24 | 6048 8b74 | 2420 488b | 7c24 6844 | 8b44 2470 | 488b 4c24 | 284d 8bd8 
  0x000001fff5931574: 4d8b c34c | 8bc9 e9e1 | e0ff ff8b | 8c24 8800 | 0000 4c8b | 4424 6844 | 8b9c 24bc | 0000 0044 
  0x000001fff5931594: 8b54 2470 | 488b 7424 | 28eb 0641 | bb02 0000 | 004d 8bca | 4c8b d649 | 8bf1 4d8b | cae9 a7e7 
  0x000001fff59315b4: ;   {metadata('sun/net/www/protocol/jrt/Handler')}
  0x000001fff59315b4: ffff 4181 | fb8b 9e02 | 200f 84ce | e8ff ffba | c6ff ffff | 4c8b 5c24 | 384c 895c | 2420 4c8b 
  0x000001fff59315d4: 5c24 404c | 895c 2428 | 4c8b 5c24 | 484c 895c | 2438 4c8b | 5c24 604c | 895c 2440 | 4c8b 5c24 
  0x000001fff59315f4: 584c 895c | 2450 4c8b | 5c24 684c | 895c 2460 

  0x000001fff5931604: ;   {runtime_call UncommonTrapBlob}
  0x000001fff5931604: c5f8 77e8 

  0x000001fff5931608: ; ImmutableOopMap {rbp=NarrowOop [32]=Oop [40]=Oop [56]=Oop [64]=Oop [80]=Oop [96]=Oop [144]=NarrowOop }
                      ;*invokevirtual getDefaultPort {reexecute=0 rethrow=0 return_oop=0}
                      ; - java.net.URL::getDefaultPort@4 (line 901)
                      ; - sun.net.util.URLUtil::urlNoFragString@68 (line 68)
                      ; - java.security.CodeSource::<init>@30 (line 123)
                      ; - java.net.URLClassLoader::defineClass@198 (line 522)
  0x000001fff5931608: f452 d8fe | 4c89 4424 | 5844 895c | 2454 4c89 | 5424 2048 | 8974 2448 | 4c8b 5424 | 404c 8954 
  0x000001fff5931628: 2428 498b | d041 b801 | 0000 0090 

  0x000001fff5931634: ;   {optimized virtual_call}
  0x000001fff5931634: c5f8 77e8 

  0x000001fff5931638: ; ImmutableOopMap {[32]=Oop [40]=Oop [56]=Oop [72]=Oop [84]=NarrowOop [88]=Oop [120]=Oop [144]=NarrowOop }
                      ;*invokevirtual getManifestName {reexecute=0 rethrow=0 return_oop=1}
                      ; - java.util.zip.ZipFile$1::getManifestName@2 (line 1124)
                      ; - java.util.jar.JarFile::maybeInstantiateVerifier@20 (line 722)
                      ; - java.util.jar.JarFile::ensureInitialization@1 (line 1028)
                      ; - java.util.jar.JavaUtilJarAccessImpl::ensureInitialization@1 (line 72)
                      ; - jdk.internal.loader.URLClassPath$JarLoader$2::getManifest@10 (line 883)
                      ; - java.net.URLClassLoader::defineClass@34 (line 491)
  0x000001fff5931638: 4450 9bf7 | 4885 c00f | 85ab 1600 | 0044 8b5c | 2454 4588 | 6312 4c8b | 5424 284c | 8954 2440 
  0x000001fff5931658: 488b 7424 | 484c 8b54 | 2420 4c8b | 4424 58e9 | 99d4 ffff | 4889 7c24 | 7844 895c | 2474 4489 
  0x000001fff5931678: 4c24 704c | 8944 2468 | 4489 7424 | 4c4c 896c | 2460 4c8b | 5424 504c | 8954 2458 | 4c8b 5424 
  0x000001fff5931698: 284c 8954 | 2450 448b | 9424 9000 | 0000 4489 | 5424 4848 | 8974 2428 | 4c8b 5424 | 404c 8954 
  0x000001fff59316b8: 2420 488b | d741 b801 | 0000 0090 

  0x000001fff59316c4: ;   {optimized virtual_call}
  0x000001fff59316c4: c5f8 77e8 

  0x000001fff59316c8: ; ImmutableOopMap {[32]=Oop [40]=Oop [56]=Oop [72]=NarrowOop [80]=Oop [96]=Oop [104]=Oop [112]=NarrowOop [116]=NarrowOop [120]=Oop }
                      ;*invokevirtual getManifestName {reexecute=0 rethrow=0 return_oop=1}
                      ; - java.util.zip.ZipFile$1::getManifestName@2 (line 1124)
                      ; - java.util.jar.JarFile::maybeInstantiateVerifier@20 (line 722)
                      ; - java.util.jar.JarFile::getInputStream@1 (line 842)
                      ; - jdk.internal.loader.URLClassPath$JarLoader$2::getInputStream@11 (line 879)
                      ; - jdk.internal.loader.Resource::cachedInputStream@9 (line 77)
                      ; - jdk.internal.loader.Resource::getByteBuffer@1 (line 163)
                      ; - java.net.URLClassLoader::defineClass@132 (line 511)
  0x000001fff59316c8: b4fc d7fe | 4885 c00f | 8578 1a00 | 0044 8b4c | 2470 4588 | 6112 4c8b | 5424 204c | 8954 2440 
  0x000001fff59316e8: 488b 7424 | 2844 8b5c | 2448 4489 | 9c24 9000 | 0000 4c8b | 5424 504c | 8954 2428 | 4c8b 5424 
  0x000001fff5931708: 584c 8954 | 2450 4c8b | 6c24 6044 | 8b74 244c | 4c8b 4424 | 6844 8b5c | 2474 488b | 7c24 78e9 
  0x000001fff5931728: 14d6 ffff | 4c8b 9424 | b800 0000 | 4c89 9424 | a800 0000 | 4c8b 9424 | c000 0000 | 4c89 9424 
  0x000001fff5931748: a000 0000 | 4c8b 9424 | c800 0000 | 4c89 9424 | 9800 0000 | 4c8b 9424 | d000 0000 | 4c89 9424 
  0x000001fff5931768: 8800 0000 | 4c8b 9424 | d800 0000 | 4c89 9424 | 8000 0000 | 4c8b 9424 | e000 0000 | 4c89 5424 
  0x000001fff5931788: 704c 8b84 | 24b0 0000 | 00e9 b1fc | ffff 4533 | d2e9 cffc | ffff 488b 

  0x000001fff59317a0: ;   {oop(a 'java/util/jar/Attributes$Name'{0x00000000a067f890})}
  0x000001fff59317a0: 5424 2849 | b890 f867 | a000 0000 | 0066 6690 

  0x000001fff59317b0: ;   {optimized virtual_call}
  0x000001fff59317b0: c5f8 77e8 

  0x000001fff59317b4: ; ImmutableOopMap {rbp=NarrowOop [32]=Oop [40]=Oop [56]=Oop [64]=Oop [72]=Oop [80]=Oop [120]=Oop [144]=NarrowOop [176]=Oop [184]=Oop [192]=Oop [200]=Oop [208]=Oop [216]=Oop }
                      ;*invokevirtual getValue {reexecute=0 rethrow=0 return_oop=1}
                      ; - java.net.URLClassLoader::definePackage@145 (line 565)
                      ; - java.net.URLClassLoader::defineClass@64 (line 495)
  0x000001fff59317b4: 2831 56ff | 4889 8424 | e000 0000 | e9b7 fbff | ff48 8b54 

  0x000001fff59317c8: ;   {oop(a 'java/util/jar/Attributes$Name'{0x00000000a067f288})}
  0x000001fff59317c8: 2428 49b8 | 88f2 67a0 | 0000 0000 

  0x000001fff59317d4: ;   {optimized virtual_call}
  0x000001fff59317d4: c5f8 77e8 

  0x000001fff59317d8: ; ImmutableOopMap {rbp=NarrowOop [32]=Oop [40]=Oop [56]=Oop [64]=Oop [72]=Oop [80]=Oop [120]=Oop [144]=NarrowOop [176]=Oop [184]=Oop [192]=Oop [200]=Oop [208]=Oop [224]=Oop }
                      ;*invokevirtual getValue {reexecute=0 rethrow=0 return_oop=1}
                      ; - java.net.URLClassLoader::definePackage@160 (line 568)
                      ; - java.net.URLClassLoader::defineClass@64 (line 495)
  0x000001fff59317d8: 0431 56ff | 4889 8424 | d800 0000 | e9a4 fbff | ff48 8b54 

  0x000001fff59317ec: ;   {oop(a 'java/util/jar/Attributes$Name'{0x00000000a067eeb0})}
  0x000001fff59317ec: 2428 49b8 | b0ee 67a0 | 0000 0000 

  0x000001fff59317f8: ;   {optimized virtual_call}
  0x000001fff59317f8: c5f8 77e8 

  0x000001fff59317fc: ; ImmutableOopMap {rbp=NarrowOop [32]=Oop [40]=Oop [56]=Oop [64]=Oop [72]=Oop [80]=Oop [120]=Oop [144]=NarrowOop [176]=Oop [184]=Oop [192]=Oop [200]=Oop [216]=Oop [224]=Oop }
                      ;*invokevirtual getValue {reexecute=0 rethrow=0 return_oop=1}
                      ; - java.net.URLClassLoader::definePackage@175 (line 571)
                      ; - java.net.URLClassLoader::defineClass@64 (line 495)
  0x000001fff59317fc: e030 56ff | 4889 8424 | d000 0000 | e991 fbff | ff48 8b54 

  0x000001fff5931810: ;   {oop(a 'java/util/jar/Attributes$Name'{0x00000000a0677d88})}
  0x000001fff5931810: 2428 49b8 | 887d 67a0 | 0000 0000 

  0x000001fff593181c: ;   {optimized virtual_call}
  0x000001fff593181c: c5f8 77e8 

  0x000001fff5931820: ; ImmutableOopMap {rbp=NarrowOop [32]=Oop [40]=Oop [56]=Oop [64]=Oop [72]=Oop [80]=Oop [120]=Oop [144]=NarrowOop [176]=Oop [184]=Oop [192]=Oop [208]=Oop [216]=Oop [224]=Oop }
                      ;*invokevirtual getValue {reexecute=0 rethrow=0 return_oop=1}
                      ; - java.net.URLClassLoader::definePackage@190 (line 574)
                      ; - java.net.URLClassLoader::defineClass@64 (line 495)
  0x000001fff5931820: bc30 56ff | 4889 8424 | c800 0000 | e97e fbff | ff48 8b54 

  0x000001fff5931834: ;   {oop(a 'java/util/jar/Attributes$Name'{0x00000000a0677e08})}
  0x000001fff5931834: 2428 49b8 | 087e 67a0 | 0000 0000 

  0x000001fff5931840: ;   {optimized virtual_call}
  0x000001fff5931840: c5f8 77e8 

  0x000001fff5931844: ; ImmutableOopMap {rbp=NarrowOop [32]=Oop [40]=Oop [56]=Oop [64]=Oop [72]=Oop [80]=Oop [120]=Oop [144]=NarrowOop [176]=Oop [184]=Oop [200]=Oop [208]=Oop [216]=Oop [224]=Oop }
                      ;*invokevirtual getValue {reexecute=0 rethrow=0 return_oop=1}
                      ; - java.net.URLClassLoader::definePackage@205 (line 577)
                      ; - java.net.URLClassLoader::defineClass@64 (line 495)
  0x000001fff5931844: 9830 56ff | 4889 8424 | c000 0000 | e96b fbff | ff48 8b54 

  0x000001fff5931858: ;   {oop(a 'java/util/jar/Attributes$Name'{0x00000000a067ec18})}
  0x000001fff5931858: 2428 49b8 | 18ec 67a0 | 0000 0000 

  0x000001fff5931864: ;   {optimized virtual_call}
  0x000001fff5931864: c5f8 77e8 

  0x000001fff5931868: ; ImmutableOopMap {rbp=NarrowOop [32]=Oop [40]=Oop [56]=Oop [64]=Oop [72]=Oop [80]=Oop [120]=Oop [144]=NarrowOop [176]=Oop [192]=Oop [200]=Oop [208]=Oop [216]=Oop [224]=Oop }
                      ;*invokevirtual getValue {reexecute=0 rethrow=0 return_oop=1}
                      ; - java.net.URLClassLoader::definePackage@220 (line 580)
                      ; - java.net.URLClassLoader::defineClass@64 (line 495)
  0x000001fff5931868: 7430 56ff | 4889 8424 | b800 0000 | e958 fbff | ff48 8b54 

  0x000001fff593187c: ;   {oop(a 'java/util/jar/Attributes$Name'{0x00000000a090b9a0})}
  0x000001fff593187c: 2428 49b8 | a0b9 90a0 | 0000 0000 | 488b 6c24 | 3866 6690 

  0x000001fff5931890: ;   {optimized virtual_call}
  0x000001fff5931890: c5f8 77e8 

  0x000001fff5931894: ; ImmutableOopMap {rbp=Oop [32]=Oop [56]=Oop [64]=Oop [72]=Oop [80]=Oop [120]=Oop [144]=NarrowOop [184]=Oop [192]=Oop [200]=Oop [208]=Oop [216]=Oop [224]=Oop }
                      ;*invokevirtual getValue {reexecute=0 rethrow=0 return_oop=1}
                      ; - java.net.URLClassLoader::definePackage@235 (line 583)
                      ; - java.net.URLClassLoader::defineClass@64 (line 495)
  0x000001fff5931894: 4830 56ff | 4c8b 9424 | b800 0000 | 4c89 9424 | a800 0000 | 4c8b 9424 | c000 0000 | 4c89 9424 
  0x000001fff59318b4: a000 0000 | 4c8b 9424 | c800 0000 | 4c89 9424 | 9800 0000 | 4c8b 9424 | d000 0000 | 4c89 9424 
  0x000001fff59318d4: 8800 0000 | 4c8b 9424 | d800 0000 | 4c89 9424 | 8000 0000 | 4c8b 9424 | e000 0000 | 4c89 5424 
  0x000001fff59318f4: 704c 8bc0 | e94a fbff | ff49 ba00 | 0048 fcff | 0100 00e9 | e3f3 ffff | 4d8b d390 | 458b 420c 
  0x000001fff5931914: 443b 8424 | a000 0000 | 0f85 5201 | 0000 458b | 4210 4d8b | d84c 8b8c | 24a8 0000 | 004d 3bd9 
  0x000001fff5931934: 0f84 9af8 | ffff 450f | be49 1048 | 8b8c 24a8 | 0000 0049 | 3bcb 0f84 | 84f8 ffff | 4585 c00f 
  0x000001fff5931954: 841b 0100 | 0041 8b48 

  0x000001fff593195c: ;   {metadata('java/lang/String')}
  0x000001fff593195c: 0881 f9b1 | 8300 200f | 8577 4800 | 004d 8bd8 | 498b cb41 | 0fbe 6b10 | 443b cd0f | 85ef 4400 
  0x000001fff593197c: 004c 8bd9 | 458b 4314 | 4c8b 9c24 | a800 0000 | 458b 5b14 | 418b 580c | 418b 4b0c | 3bcb 0f85 
  0x000001fff593199c: d400 0000 | 4d8b c849 | 8d70 104d | 8bc3 498d | 7b10 85c9 | 0f84 a500 | 0000 8bc1 | 83e0 1f83 
  0x000001fff59319bc: e1e0 0f84 | 4b00 0000 | 488d 3c0f | 488d 340e | 48f7 d9c5 | fe6f 0c0f | c5fe 6f04 | 0ec5 f5ef 
  0x000001fff59319dc: c8c4 e27d | 17c9 0f85 | 7a00 0000 | 4883 c120 | 75e1 85c0 | 0f84 6500 | 0000 c5fe | 6f4c 07e0 
  0x000001fff59319fc: c5fe 6f44 | 06e0 c5f5 | efc8 c4e2 | 7d17 c975 | 55eb 4c8b | c883 e1fc | 7419 488d | 3c0f 488d 
  0x000001fff5931a1c: 340e 48f7 | d98b 1c0f | 3b1c 0e75 | 3948 83c1 | 0475 f2f7 | c002 0000 | 0074 120f | b71f 0fb7 
  0x000001fff5931a3c: 0e3b d975 | 2148 8d7f | 0248 8d76 | 02f7 c001 | 0000 0074 | 0a0f b61f | 0fb6 0e3b | d975 07b8 
  0x000001fff5931a5c: 0100 0000 | eb02 33c0 | c5f5 efc9 | c5fd efc0 | 85c0 0f85 | 60f7 ffff | 4d8b 9f58 | 0300 0045 
  0x000001fff5931a7c: ; ImmutableOopMap {r8=NarrowOop [32]=Oop [56]=Oop [64]=Oop [72]=Oop [80]=Oop [96]=Oop [120]=Oop [144]=NarrowOop [168]=Oop }
                      ;*ifnonnull {reexecute=1 rethrow=0 return_oop=0}
                      ; - (reexecute) java.util.HashMap::getNode@145 (line 579)
                      ; - java.util.HashMap::get@2 (line 556)
                      ; - java.util.jar.Manifest::getAttributes@5 (line 159)
                      ; - java.util.jar.Manifest::getTrustedAttributes@2 (line 176)
                      ; - java.util.jar.JavaUtilJarAccessImpl::getTrustedAttributes@2 (line 68)
                      ; - java.net.URLClassLoader::definePackage@42 (line 552)
                      ; - java.net.URLClassLoader::defineClass@64 (line 495)
                      ;   {poll}
  0x000001fff5931a7c: 8b42 1841 | 8503 4585 | c075 0d4c | 8b94 24e8 | 0000 00e9 | 5bf2 ffff | 4d8b d0e9 | 74fe ffff 
  0x000001fff5931a9c: 448b 5424 | 7445 85d2 | 0f8c 9241 | 0000 458b | 590c 453b | da0f 8285 | 4100 008b | 7c24 70d1 
  0x000001fff5931abc: e785 ff0f | 8cc3 4100 | 0045 8bda | 41d1 e345 | 85db 0f8c | b441 0000 | 448b 9424 | 8800 0000 
  0x000001fff5931adc: 458b 520c | 8bdf 4103 | db44 3bd3 | 0f82 9a41 | 0000 4403 | 8424 a000 | 0000 4c8b | 5424 6845 
  0x000001fff5931afc: 8942 0c44 | 8b94 2488 | 0000 008b | 8c24 8800 | 0000 488d | 7c39 104d | 8bd1 498d | 7110 8b54 
  0x000001fff5931b1c: 2474 8bca | 83e1 0f83 | e2f0 741c | 488d 3416 | 488d 3c57 | 48f7 dac4 | e27d 3004 | 16c5 fe7f 
  0x000001fff5931b3c: 0457 4883 | c210 75ef | 8bd1 83e1 | 0783 e2f8 | 7427 c4e2 | 7930 06c5 | fa7f 0748 | 83c6 0848 
  0x000001fff5931b5c: 83c7 10e9 | 1100 0000 | c4e2 7930 | 0416 c5fa | 7f04 5748 | 83c2 0875 | ef8b d183 | fa04 7c19 
  0x000001fff5931b7c: c5f9 6e06 | c4e2 7930 | c0c5 f9d6 | 0748 83ea | 0448 83c6 | 0448 83c7 | 0885 d274 | 1848 8d34 
  0x000001fff5931b9c: 1648 8d3c | 5748 f7da | 0fb6 0c16 | 6689 0c57 | 48ff c275 | f344 8b9c | 2488 0000 | 0045 85db 
  0x000001fff5931bbc: 0f84 fa1f | 0000 418b | d84c 8b54 | 2468 e9e5 | dbff ff45 | 85c0 0f8c | fc40 0000 | 418b 490c 
  0x000001fff5931bdc: 413b c80f | 82ef 4000 | 0044 8bdb | 41d1 e345 | 85db 0f8c | 4841 0000 | 458b d041 | d1e2 4585 
  0x000001fff5931bfc: d20f 8c39 | 4100 008b | 7e0c 418b | cb41 03ca | 3bf9 0f82 | 2841 0000 | 4c8b d64a | 8d7c 1e10 
  0x000001fff5931c1c: 4d8b d149 | 8d71 1041 | 8bd0 8bca | 83e1 0f83 | e2f0 741c | 488d 3416 | 488d 3c57 | 48f7 dac4 
  0x000001fff5931c3c: e27d 3004 | 16c5 fe7f | 0457 4883 | c210 75ef | 8bd1 83e1 | 0783 e2f8 | 7427 c4e2 | 7930 06c5 
  0x000001fff5931c5c: fa7f 0748 | 83c6 0848 | 83c7 10e9 | 1100 0000 | c4e2 7930 | 0416 c5fa | 7f04 5748 | 83c2 0875 
  0x000001fff5931c7c: ef8b d183 | fa04 7c19 | c5f9 6e06 | c4e2 7930 | c0c5 f9d6 | 0748 83ea | 0448 83c6 | 0448 83c7 
  0x000001fff5931c9c: 0885 d274 | 1848 8d34 | 1648 8d3c | 5748 f7da | 0fb6 0c16 | 6689 0c57 | 48ff c275 | f3e9 95e1 
  0x000001fff5931cbc: ffff 4585 | c00f 8cdd | 4000 0041 | 8b4a 0c41 | 3bc8 0f82 | d040 0000 | 418b cbd1 | e185 c90f 
  0x000001fff5931cdc: 8c27 4100 | 0045 8bc8 | 41d1 e145 | 85c9 0f8c | 1841 0000 | 8b77 0c8b | d141 03d1 | 3bf2 0f82 
  0x000001fff5931cfc: 0841 0000 | 4c8b df48 | 8d7c 0f10 | 4d8b da49 | 8d72 1041 | 8bd0 8bca | 83e1 0f83 | e2f0 741c 
  0x000001fff5931d1c: 488d 3416 | 488d 3c57 | 48f7 dac4 | e27d 3004 | 16c5 fe7f | 0457 4883 | c210 75ef | 8bd1 83e1 
  0x000001fff5931d3c: 0783 e2f8 | 7427 c4e2 | 7930 06c5 | fa7f 0748 | 83c6 0848 | 83c7 10e9 | 1100 0000 | c4e2 7930 
  0x000001fff5931d5c: 0416 c5fa | 7f04 5748 | 83c2 0875 | ef8b d183 | fa04 7c19 | c5f9 6e06 | c4e2 7930 | c0c5 f9d6 
  0x000001fff5931d7c: 0748 83ea | 0448 83c6 | 0448 83c7 | 0885 d274 | 1848 8d34 | 1648 8d3c | 5748 f7da | 0fb6 0c16 
  0x000001fff5931d9c: 6689 0c57 | 48ff c275 | f3e9 d5e1 | ffff 488b | 5424 6848 | 8b6c 2438 

  0x000001fff5931db4: ;   {optimized virtual_call}
  0x000001fff5931db4: c5f8 77e8 

  0x000001fff5931db8: ; ImmutableOopMap {rbp=Oop [32]=Oop [56]=Oop [64]=Oop [72]=Oop [88]=Oop [96]=Oop [104]=Oop [144]=NarrowOop [152]=Oop }
                      ;*invokevirtual inflate {reexecute=0 rethrow=0 return_oop=0}
                      ; - java.lang.AbstractStringBuilder::putStringAt@12 (line 1718)
                      ; - java.lang.AbstractStringBuilder::putStringAt@8 (line 1724)
                      ; - java.lang.AbstractStringBuilder::append@30 (line 583)
                      ; - java.lang.StringBuilder::append@2 (line 179)
                      ; - sun.net.util.URLUtil::urlNoFragString@24 (line 54)
                      ; - java.security.CodeSource::<init>@30 (line 123)
                      ; - java.net.URLClassLoader::defineClass@198 (line 522)
  0x000001fff5931db8: c4f5 d7fe | 4c8b 9424 | 9800 0000 | 450f be5a | 1041 8bfb | 4c8b 5424 | 6845 0fbe | 5210 418b 
  0x000001fff5931dd8: da4c 8b94 | 2498 0000 | 0045 8b5a | 1445 8bcb | 4c8b 5424 | 6845 8b42 | 0ce9 fcd8 | ffff 894c 
  0x000001fff5931df8: 247c 498b | e849 8bd0 

  0x000001fff5931e00: ;   {optimized virtual_call}
  0x000001fff5931e00: c5f8 77e8 

  0x000001fff5931e04: ; ImmutableOopMap {rbp=Oop [32]=Oop [56]=Oop [64]=Oop [72]=Oop [88]=Oop [96]=Oop [144]=NarrowOop }
                      ;*invokevirtual inflate {reexecute=0 rethrow=0 return_oop=0}
                      ; - java.lang.AbstractStringBuilder::putStringAt@12 (line 1718)
                      ; - java.lang.AbstractStringBuilder::putStringAt@8 (line 1724)
                      ; - java.lang.AbstractStringBuilder::append@30 (line 583)
                      ; - java.lang.StringBuilder::append@2 (line 179)
                      ; - sun.net.util.URLUtil::urlNoFragString@31 (line 55)
                      ; - java.security.CodeSource::<init>@30 (line 123)
                      ; - java.net.URLClassLoader::defineClass@198 (line 522)
  0x000001fff5931e04: 78f5 d7fe | 4c8b c541 | 8b68 1441 | 8078 1000 | 0f85 b61a | 0000 85ed | 0f84 6a1d | 0000 8b4c 
  0x000001fff5931e24: 247c e9d8 | d9ff ff44 | 8944 247c | 895c 242c | 4c89 5424 | 7048 8b6c | 2420 488b | 5424 6890 
  0x000001fff5931e44: ;   {optimized virtual_call}
  0x000001fff5931e44: c5f8 77e8 

  0x000001fff5931e48: ; ImmutableOopMap {rbp=Oop [56]=Oop [64]=Oop [72]=Oop [88]=Oop [96]=Oop [104]=Oop [112]=Oop [144]=NarrowOop }
                      ;*invokevirtual inflate {reexecute=0 rethrow=0 return_oop=0}
                      ; - java.lang.AbstractStringBuilder::putStringAt@12 (line 1718)
                      ; - java.lang.AbstractStringBuilder::putStringAt@8 (line 1724)
                      ; - java.lang.AbstractStringBuilder::append@30 (line 583)
                      ; - java.lang.StringBuilder::append@2 (line 179)
                      ; - sun.net.util.URLUtil::urlNoFragString@51 (line 62)
                      ; - java.security.CodeSource::<init>@30 (line 123)
                      ; - java.net.URLClassLoader::defineClass@198 (line 522)
  0x000001fff5931e48: 34f5 d7fe | 4c8b 5424 | 7041 0fbe | 4a10 4c8b | 5c24 6841 | 0fbe 5310 | 458b 4a14 | 8b5c 242c 
  0x000001fff5931e68: 448b 4424 | 7ce9 6fdf | ffff 4489 | 4424 2c44 | 895c 2428 | 4c8b 5424 | 2089 5c24 | 2444 8974 
  0x000001fff5931e88: 2420 488b | 6c24 6848 | 8b54 2468 | 4c89 9424 | 9800 0000 

  0x000001fff5931e9c: ;   {optimized virtual_call}
  0x000001fff5931e9c: c5f8 77e8 

  0x000001fff5931ea0: ; ImmutableOopMap {rbp=Oop [32]=NarrowOop [56]=Oop [64]=Oop [72]=Oop [88]=Oop [96]=Oop [152]=Oop }
                      ;*invokevirtual inflate {reexecute=0 rethrow=0 return_oop=0}
                      ; - java.lang.AbstractStringBuilder::putStringAt@12 (line 1718)
                      ; - java.lang.AbstractStringBuilder::putStringAt@8 (line 1724)
                      ; - java.lang.AbstractStringBuilder::append@30 (line 583)
                      ; - java.lang.StringBuilder::append@2 (line 179)
                      ; - sun.net.util.URLUtil::urlNoFragString@105 (line 77)
                      ; - java.security.CodeSource::<init>@30 (line 123)
                      ; - java.net.URLClassLoader::defineClass@198 (line 522)
  0x000001fff5931ea0: dcf4 d7fe | 448b 5424 | 2041 0fbe | 4a10 4889 | 6c24 680f | be45 1045 | 8b52 148b | 5c24 2444 
  0x000001fff5931ec0: 8b5c 2428 | 448b 4424 | 2ce9 35e0 | ffff 33c0 | e95b e6ff | ff45 33db | 49ba 0000 | 48fc ff01 
  0x000001fff5931ee0: 0000 4c89 | 9424 e800 | 0000 e992 | f0ff ff4d | 8b57 404d | 8b5f 50f0 | 8344 24c0 | 0080 3900 
  0x000001fff5931f00: 0f84 18d2 | ffff 4488 | 214d 85d2 | 7518 498b | d7c5 f877 | 49ba 5093 | 14f6 fd7f | 0000 41ff 
  0x000001fff5931f20: d2e9 f8d1 | ffff 4b89 | 4c13 f849 | 83c2 f84d | 8957 40e9 | e6d1 ffff | 4c8b 5424 | 6045 8b5a 
  0x000001fff5931f40: 2045 85db | 0f84 bee1 | ffff 4d8b | 5720 498b | cb4d 85d2 | 0f84 2227 | 0000 4d8b | 5f30 4b89 
  0x000001fff5931f60: 4c13 f849 | 83c2 f84d | 8957 20e9 | 98e1 ffff | 4c63 c54d | 8bd8 4983 | c310 498b | cb48 83e1 
  0x000001fff5931f80: f849 8bfe | 4803 f949 | c1eb 034d | 2bcb 498b | c948 33c0 | 4883 f908 | 7f10 48ff | c978 4f48 
  0x000001fff5931fa0: 8904 cf48 | ffc9 7df7 | eb44 c5fd | efc0 e90d | 0000 00c5 | fe7f 07c5 | fe7f 4720 | 4883 c740 
  0x000001fff5931fc0: 4883 e908 | 7ded 4883 | c104 7c0c | c5fe 7f07 | 4883 c720 | 4883 e904 | 4883 c104 | 7e10 48ff 
  0x000001fff5931fe0: c9c5 f9d6 | 0748 83c7 | 0848 ffc9 | 7df3 498b | cac5 f877 | 49ba 607f | 69f4 ff01 | 0000 41ff 
  0x000001fff5932000: d2e9 c3e0 | ffff 4d8b | 5740 4d8b | 5f50 f083 | 4424 c000 | 8039 000f | 8425 e1ff | ff44 8821 
  0x000001fff5932020: 4d85 d275 | 1849 8bd7 | c5f8 7749 | ba50 9314 | f6fd 7f00 | 0041 ffd2 | e905 e1ff | ff4b 894c 
  0x000001fff5932040: 13f8 4983 | c2f8 4d89 | 5740 e9f3 | e0ff ff4d | 8b57 404d | 8b5f 50f0 | 8344 24c0 | 0080 3900 
  0x000001fff5932060: 0f84 93e0 | ffff 4488 | 214d 85d2 | 7518 498b | d7c5 f877 | 49ba 5093 | 14f6 fd7f | 0000 41ff 
  0x000001fff5932080: d2e9 73e0 | ffff 4b89 | 4c13 f849 | 83c2 f84d | 8957 40e9 | 61e0 ffff | 4c63 8424 | 9400 0000 
  0x000001fff59320a0: 4d8b d849 | 83c3 104d | 8bcb 4983 | e1f8 488b | bc24 a800 | 0000 4903 | f949 c1eb | 034c 8bc9 
  0x000001fff59320c0: 4d2b cb49 | 8bc9 4833 | c048 83f9 | 087f 1048 | ffc9 784f | 4889 04cf | 48ff c97d | f7eb 44c5 
  0x000001fff59320e0: fdef c0e9 | 0d00 0000 | c5fe 7f07 | c5fe 7f47 | 2048 83c7 | 4048 83e9 | 087d ed48 | 83c1 047c 
  0x000001fff5932100: 0cc5 fe7f | 0748 83c7 | 2048 83e9 | 0448 83c1 | 047e 1048 | ffc9 c5f9 | d607 4883 | c708 48ff 
  0x000001fff5932120: c97d f348 | 8bcb 498b | d2c5 f877 | 49ba 607f | 69f4 ff01 | 0000 41ff | d2e9 abd2 | ffff 4c63 
  0x000001fff5932140: 8424 9400 | 0000 4d8b | d849 83c3 | 104d 8bcb | 4983 e1f8 | 488b fe49 | 03f9 49c1 | eb03 4c8b 
  0x000001fff5932160: c94d 2bcb | 498b c948 | 33c0 4883 | f908 7f10 | 48ff c978 | 4f48 8904 | cf48 ffc9 | 7df7 eb44 
  0x000001fff5932180: c5fd efc0 | e90d 0000 | 00c5 fe7f | 07c5 fe7f | 4720 4883 | c740 4883 | e908 7ded | 4883 c104 
  0x000001fff59321a0: 7c0c c5fe | 7f07 4883 | c720 4883 | e904 4883 | c104 7e10 | 48ff c9c5 | f9d6 0748 | 83c7 0848 
  0x000001fff59321c0: ffc9 7df3 | 488b cb49 | 8bd2 c5f8 | 7749 ba60 | 7f69 f4ff | 0100 0041 | ffd2 e948 | d9ff ffc4 
  0x000001fff59321e0: e1f9 6ec1 | 4c89 7424 | 484d 8bd3 | 4c89 6c24 | 284c 8bee | 4c63 c54d | 8bd8 4983 | c310 4d8b 
  0x000001fff5932200: cb49 83e1 | f848 8b7c | 2448 4903 | f949 c1eb | 034d 2bd3 | 498b ca48 | 33c0 4883 | f908 7f10 
  0x000001fff5932220: 48ff c978 | 4f48 8904 | cf48 ffc9 | 7df7 eb44 | c5f5 efc9 | e90d 0000 | 00c5 fe7f | 0fc5 fe7f 
  0x000001fff5932240: 4f20 4883 | c740 4883 | e908 7ded | 4883 c104 | 7c0c c5fe | 7f0f 4883 | c720 4883 | e904 4883 
  0x000001fff5932260: c104 7e10 | 48ff c9c5 | f9d6 0f48 | 83c7 0848 | ffc9 7df3 | c4e1 f97e | c1c5 f877 | 49ba 607f 
  0x000001fff5932280: 69f4 ff01 | 0000 41ff | d249 8bf5 | 4c8b 6c24 | 284c 8b74 | 2448 e977 | c7ff ff4d 

  0x000001fff593229c: ;   {no_reloc}
  0x000001fff593229c: 8b57 404d | 8b5f 50f0 | 8344 24c0 | 0080 3900 | 0f84 97c7 | ffff 4488 | 214d 85d2 | 7518 498b 
  0x000001fff59322bc: d7c5 f877 | 49ba 5093 | 14f6 fd7f | 0000 41ff | d2e9 77c7 | ffff 4b89 | 4c13 f849 | 83c2 f84d 
  0x000001fff59322dc: 8957 40e9 | 65c7 ffff | 488b 7c24 | 5844 8b5f | 0c45 85db | 0f84 3ccb | ffff 4d8b | 5720 498b 
  0x000001fff59322fc: cb4d 85d2 | 0f84 522a | 0000 4d8b | 5f30 4b89 | 4c13 f849 | 83c2 f84d | 8957 20e9 | 16cb ffff 
  0x000001fff593231c: 4d8b 5740 | 4d8b 5f50 | f083 4424 | c000 8039 | 000f 8437 | cbff ff44 | 8821 4d85 | d275 1849 
  0x000001fff593233c: 8bd7 c5f8 | 7749 ba50 | 9314 f6fd | 7f00 0041 | ffd2 e917 | cbff ff4b | 894c 13f8 | 4983 c2f8 
  0x000001fff593235c: 4d89 5740 | e905 cbff | ff41 0fb6 | 4b11 85c9 | 0f85 9dc7 | ffff 4c89 | 4424 5844 | 895c 2428 
  0x000001fff593237c: 4c89 5424 | 5048 8974 | 2448 4c8b | 5424 404c | 8954 2420 

  0x000001fff5932390: ;   {oop(a 'java/lang/Boolean'{0x00000000a096de40} = true)}
  0x000001fff5932390: 49b8 40de | 96a0 0000 

  0x000001fff5932398: ;   {oop(a 'java/lang/ThreadLocal'{0x00000000a08cf5a0})}
  0x000001fff5932398: 0000 48ba | a0f5 8ca0 | 0000 0000 

  0x000001fff59323a4: ;   {optimized virtual_call}
  0x000001fff59323a4: c5f8 77e8 

  0x000001fff59323a8: ; ImmutableOopMap {[32]=Oop [40]=NarrowOop [56]=Oop [72]=Oop [80]=Oop [88]=Oop [120]=Oop [144]=NarrowOop }
                      ;*invokevirtual set {reexecute=0 rethrow=0 return_oop=0}
                      ; - java.util.jar.JarFile::ensureInitialization@37 (line 1033)
                      ; - java.util.jar.JavaUtilJarAccessImpl::ensureInitialization@1 (line 72)
                      ; - jdk.internal.loader.URLClassPath$JarLoader$2::getManifest@10 (line 883)
                      ; - java.net.URLClassLoader::defineClass@34 (line 491)
  0x000001fff59323a8: d4ef d7fe | 488b 5424 | 584c 8b54 | 2448 4c89 | 5424 4090 

  0x000001fff59323bc: ;   {optimized virtual_call}
  0x000001fff59323bc: c5f8 77e8 

  0x000001fff59323c0: ; ImmutableOopMap {[32]=Oop [40]=NarrowOop [56]=Oop [64]=Oop [72]=Oop [80]=Oop [88]=Oop [120]=Oop [144]=NarrowOop }
                      ;*invokevirtual initializeVerifier {reexecute=0 rethrow=0 return_oop=0}
                      ; - java.util.jar.JarFile::ensureInitialization@41 (line 1035)
                      ; - java.util.jar.JavaUtilJarAccessImpl::ensureInitialization@1 (line 72)
                      ; - jdk.internal.loader.URLClassPath$JarLoader$2::getManifest@10 (line 883)
                      ; - java.net.URLClassLoader::defineClass@34 (line 491)
  0x000001fff59323c0: bcef d7fe | 448b 5c24 | 2841 c643 

  0x000001fff59323cc: ;   {oop(a 'java/lang/ThreadLocal'{0x00000000a08cf5a0})}
  0x000001fff59323cc: 1101 48ba | a0f5 8ca0 | 0000 0000 

  0x000001fff59323d8: ;   {oop(a 'java/lang/Boolean'{0x00000000a01be3f8} = false)}
  0x000001fff59323d8: 49b8 f8e3 | 1ba0 0000 | 0000 6690 

  0x000001fff59323e4: ;   {optimized virtual_call}
  0x000001fff59323e4: c5f8 77e8 

  0x000001fff59323e8: ; ImmutableOopMap {[32]=Oop [56]=Oop [64]=Oop [72]=Oop [80]=Oop [88]=Oop [120]=Oop [144]=NarrowOop }
                      ;*invokevirtual set {reexecute=0 rethrow=0 return_oop=0}
                      ; - java.util.jar.JarFile::ensureInitialization@55 (line 1038)
                      ; - java.util.jar.JavaUtilJarAccessImpl::ensureInitialization@1 (line 72)
                      ; - jdk.internal.loader.URLClassPath$JarLoader$2::getManifest@10 (line 883)
                      ; - java.net.URLClassLoader::defineClass@34 (line 491)
  0x000001fff59323e8: 94ef d7fe | 4c8b 5424 | 204c 8954 | 2440 488b | 7424 484c | 8b54 2450 | 4c8b 4424 | 58e9 05c7 
  0x000001fff5932408: ffff 458b | 480c 4d63 | d949 c1e3 | 0249 83c3 | 1749 83e3 | f841 81f9 | 0000 0400 | 0f87 3635 
  0x000001fff5932428: 0000 498b | 9f08 0100 | 004c 8bd3 | 4d03 d34d | 3b97 1801 | 0000 0f83 | 1c35 0000 | 4d89 9708 
  0x000001fff5932448: 0100 0041 | 0f18 8200 | 0100 0048 | c703 0100 | 0000 410f | 1882 4001 

  0x000001fff5932460: ;   {metadata('java/security/CodeSigner'[])}
  0x000001fff5932460: 0000 c743 | 0812 1900 | 2044 894b | 0c41 0f18 | 8280 0100 | 0049 8bc8 | 4883 c110 | 488b d348 
  0x000001fff5932480: 83c2 1049 | 83c3 f049 | c1eb 034d | 8bc3 c5f8 | 7749 ba60 | 8669 f4ff | 0100 0041 | ffd2 4180 
  0x000001fff59324a0: 7f38 000f | 8577 2800 | 004c 8b54 | 2460 4c8b | c34c 8b5c | 2460 4589 | 4310 4c8b | db4d 33da 
  0x000001fff59324c0: 49c1 eb14 | 4d85 db0f | 8483 dcff | ff49 c1ea | 094c 8b44 | 2450 4d03 | c241 8038 | 040f 846d 
  0x000001fff59324e0: dcff ff4d | 8b57 404d | 8b5f 50f0 | 8344 24c0 | 0041 8038 | 000f 8455 | dcff ff45 | 8820 4d85 
  0x000001fff5932500: d275 1b49 | 8bc8 498b | d7c5 f877 | 49ba 5093 | 14f6 fd7f | 0000 41ff | d2e9 32dc | ffff 4f89 
  0x000001fff5932520: 4413 f849 | 83c2 f84d | 8957 40e9 | 20dc ffff | 418b da44 | 8bd3 ba45 | ffff ff48 | 8b6c 2438 
  0x000001fff5932540: 4c8b 4c24 | 404c 894c | 2420 4c8b | 4c24 304c | 894c 2428 | 4c8b 4c24 | 484c 894c | 2430 4c8b 
  0x000001fff5932560: 4c24 604c | 894c 2438 | 4c8b 4c24 | 584c 894c | 2448 4c8b | 4c24 684c | 894c 2458 | 8b5c 2470 
  0x000001fff5932580: 895c 2460 | 8b5c 247c | 895c 2468 | 4489 5424 | 6c44 8944 | 247c 4489 | 9c24 8000 | 0000 898c 
  0x000001fff59325a0: 2484 0000 | 0066 6690 

  0x000001fff59325a8: ;   {runtime_call UncommonTrapBlob}
  0x000001fff59325a8: c5f8 77e8 

  0x000001fff59325ac: ; ImmutableOopMap {rbp=Oop [32]=Oop [48]=Oop [56]=Oop [72]=Oop [88]=Oop [96]=NarrowOop [136]=NarrowOop [140]=NarrowOop [144]=NarrowOop [168]=Oop }
                      ;*if_icmpeq {reexecute=1 rethrow=0 return_oop=0}
                      ; - (reexecute) java.lang.CharacterDataLatin1::toLowerCase@21 (line 142)
                      ; - java.lang.StringLatin1::toLowerCase@139 (line 458)
                      ; - java.lang.String::toLowerCase@13 (line 3393)
                      ; - java.lang.String::toLowerCase@4 (line 3417)
                      ; - sun.net.util.URLUtil::urlNoFragString@18 (line 53)
                      ; - java.security.CodeSource::<init>@30 (line 123)
                      ; - java.net.URLClassLoader::defineClass@198 (line 522)
  0x000001fff59325ac: 5043 d8fe | 418b da44 | 8bd3 4585 | c040 0f95 | c540 0fb6 | ed83 f501 | ba45 ffff | ff4c 8b44 
  0x000001fff59325cc: 2438 4c89 | 4424 204c | 8b44 2440 | 4c89 4424 | 284c 8b44 | 2448 4c89 | 4424 384c | 8b44 2460 
  0x000001fff59325ec: 4c89 4424 | 404c 8b44 | 2458 4c89 | 4424 504c | 8b44 2468 | 4c89 4424 | 6044 8b44 | 2470 4489 
  0x000001fff593260c: 4424 6844 | 8b44 247c | 4489 4424 | 7044 8954 | 2474 4489 | 9c24 8000 | 0000 6690 

  0x000001fff5932628: ;   {runtime_call UncommonTrapBlob}
  0x000001fff5932628: c5f8 77e8 

  0x000001fff593262c: ; ImmutableOopMap {[32]=Oop [40]=Oop [56]=Oop [64]=Oop [80]=Oop [96]=Oop [104]=NarrowOop [136]=NarrowOop [140]=NarrowOop [144]=NarrowOop [168]=Oop }
                      ;*ifne {reexecute=1 rethrow=0 return_oop=0}
                      ; - (reexecute) java.lang.StringLatin1::toLowerCase@149 (line 459)
                      ; - java.lang.String::toLowerCase@13 (line 3393)
                      ; - java.lang.String::toLowerCase@4 (line 3417)
                      ; - sun.net.util.URLUtil::urlNoFragString@18 (line 53)
                      ; - java.security.CodeSource::<init>@30 (line 123)
                      ; - java.net.URLClassLoader::defineClass@198 (line 522)
  0x000001fff593262c: d042 d8fe | 418b da44 | 8bd3 ba45 | ffff ff48 | 8b6c 2438 | 4c8b 4c24 | 404c 894c | 2420 4c8b 
  0x000001fff593264c: 4c24 304c | 894c 2428 | 4c8b 4c24 | 484c 894c | 2430 4c8b | 4c24 604c | 894c 2438 | 4c8b 4c24 
  0x000001fff593266c: 584c 894c | 2448 4c8b | 4c24 684c | 894c 2458 | 8b5c 2470 | 895c 2460 | 8b5c 247c | 895c 2468 
  0x000001fff593268c: 4889 7424 | 7044 8954 | 246c 4489 | 4424 7c44 | 899c 2480 | 0000 0089 | 8c24 8400 | 0000 6690 
  0x000001fff59326ac: ;   {runtime_call UncommonTrapBlob}
  0x000001fff59326ac: c5f8 77e8 

  0x000001fff59326b0: ; ImmutableOopMap {rbp=Oop [32]=Oop [48]=Oop [56]=Oop [72]=Oop [88]=Oop [96]=NarrowOop [112]=Oop [136]=NarrowOop [140]=NarrowOop [144]=NarrowOop }
                      ;*if_icmpeq {reexecute=1 rethrow=0 return_oop=0}
                      ; - (reexecute) java.lang.CharacterDataLatin1::toLowerCase@21 (line 142)
                      ; - java.lang.StringLatin1::toLowerCase@139 (line 458)
                      ; - java.lang.String::toLowerCase@13 (line 3393)
                      ; - java.lang.String::toLowerCase@4 (line 3417)
                      ; - sun.net.util.URLUtil::urlNoFragString@45 (line 61)
                      ; - java.security.CodeSource::<init>@30 (line 123)
                      ; - java.net.URLClassLoader::defineClass@198 (line 522)
  0x000001fff59326b0: 4c42 d8fe | 418b da44 | 8bd3 4585 | c040 0f95 | c540 0fb6 | ed83 f501 | ba45 ffff | ff4c 8b44 
  0x000001fff59326d0: 2438 4c89 | 4424 204c | 8b44 2440 | 4c89 4424 | 284c 8b44 | 2448 4c89 | 4424 384c | 8b44 2460 
  0x000001fff59326f0: 4c89 4424 | 404c 8b44 | 2458 4c89 | 4424 504c | 8b44 2468 | 4c89 4424 | 6044 8b44 | 2470 4489 
  0x000001fff5932710: 4424 6844 | 8b44 247c | 4489 4424 | 7048 8974 | 2478 4489 | 5424 7444 | 899c 2480 | 0000 0044 
  0x000001fff5932730: 8b9c 2488 | 0000 0044 | 899c 2484 | 0000 0044 | 8b94 248c | 0000 0044 | 8994 2488 | 0000 0090 
  0x000001fff5932750: ;   {runtime_call UncommonTrapBlob}
  0x000001fff5932750: c5f8 77e8 

  0x000001fff5932754: ; ImmutableOopMap {[32]=Oop [40]=Oop [56]=Oop [64]=Oop [80]=Oop [96]=Oop [104]=NarrowOop [120]=Oop [132]=NarrowOop [136]=NarrowOop [144]=NarrowOop }
                      ;*ifne {reexecute=1 rethrow=0 return_oop=0}
                      ; - (reexecute) java.lang.StringLatin1::toLowerCase@149 (line 459)
                      ; - java.lang.String::toLowerCase@13 (line 3393)
                      ; - java.lang.String::toLowerCase@4 (line 3417)
                      ; - sun.net.util.URLUtil::urlNoFragString@45 (line 61)
                      ; - java.security.CodeSource::<init>@30 (line 123)
                      ; - java.net.URLClassLoader::defineClass@198 (line 522)
  0x000001fff5932754: a841 d8fe | 4533 d249 | bb00 0048 | fcff 0100 | 0045 33c0 | 4c89 9c24 | e800 0000 | 458b d8e9 
  0x000001fff5932774: 30e8 ffff | 450f b651 | 1145 85d2 | 0f84 f60d | 0000 498b | 8708 0100 | 004c 8bd0 | 4983 c220 
  0x000001fff5932794: 4d3b 9718 | 0100 000f | 83df 3200 | 004d 8997 | 0801 0000 | 410f 1882 | 0001 0000 | 48c7 0001 
  0x000001fff59327b4: ;   {metadata('java/util/jar/JarVerifier$VerifierStream')}
  0x000001fff59327b4: 0000 00c7 | 4008 61be | 1020 4489 | 600c 4c89 | 6010 4c89 | 6018 4889 | 7424 204c | 896c 2460 
  0x000001fff59327d4: 4489 7424 | 484c 8944 | 2458 418b | e944 895c | 244c 4889 | 7c24 7848 | 894c 2468 | 4c8b d04c 
  0x000001fff59327f4: 8954 2470 | 488b 5424 | 7866 6690 

  0x000001fff5932800: ;   {optimized virtual_call}
  0x000001fff5932800: c5f8 77e8 

  0x000001fff5932804: ; ImmutableOopMap {rbp=NarrowOop [32]=Oop [40]=Oop [56]=Oop [64]=Oop [76]=NarrowOop [88]=Oop [96]=Oop [104]=Oop [112]=Oop [120]=Oop [144]=NarrowOop }
                      ;*invokevirtual getManifestFromReference {reexecute=0 rethrow=0 return_oop=1}
                      ; - java.util.jar.JarFile::getInputStream@51 (line 858)
                      ; - jdk.internal.loader.URLClassPath$JarLoader$2::getInputStream@11 (line 879)
                      ; - jdk.internal.loader.Resource::cachedInputStream@9 (line 77)
                      ; - jdk.internal.loader.Resource::getByteBuffer@1 (line 163)
                      ; - java.net.URLClassLoader::defineClass@132 (line 511)
  0x000001fff5932804: 78eb d7fe | 4889 8424 | 8000 0000 | 488b 5424 | 784c 8b44 | 2468 6690 

  0x000001fff593281c: ;   {optimized virtual_call}
  0x000001fff593281c: c5f8 77e8 

  0x000001fff5932820: ; ImmutableOopMap {rbp=NarrowOop [32]=Oop [40]=Oop [56]=Oop [64]=Oop [76]=NarrowOop [88]=Oop [96]=Oop [104]=Oop [112]=Oop [120]=Oop [128]=Oop [144]=NarrowOop }
                      ;*invokevirtual verifiableEntry {reexecute=0 rethrow=0 return_oop=1}
                      ; - java.util.jar.JarFile::getInputStream@56 (line 859)
                      ; - jdk.internal.loader.URLClassPath$JarLoader$2::getInputStream@11 (line 879)
                      ; - jdk.internal.loader.Resource::cachedInputStream@9 (line 77)
                      ; - jdk.internal.loader.Resource::getByteBuffer@1 (line 163)
                      ; - java.net.URLClassLoader::defineClass@132 (line 511)
  0x000001fff5932820: 5ceb d7fe | 4889 8424 | 8800 0000 | 488b 5424 | 784c 8b44 | 2468 6690 

  0x000001fff5932838: ;   {optimized virtual_call}
  0x000001fff5932838: c5f8 77e8 

  0x000001fff593283c: ; ImmutableOopMap {rbp=NarrowOop [32]=Oop [40]=Oop [56]=Oop [64]=Oop [88]=Oop [96]=Oop [112]=Oop [120]=Oop [128]=Oop [136]=Oop [144]=NarrowOop }
                      ;*invokespecial getInputStream {reexecute=0 rethrow=0 return_oop=1}
                      ; - java.util.jar.JarFile::getInputStream@61 (line 860)
                      ; - jdk.internal.loader.URLClassPath$JarLoader$2::getInputStream@11 (line 879)
                      ; - jdk.internal.loader.Resource::cachedInputStream@9 (line 77)
                      ; - jdk.internal.loader.Resource::getByteBuffer@1 (line 163)
                      ; - java.net.URLClassLoader::defineClass@132 (line 511)
  0x000001fff593283c: 40eb d7fe | 448b c544 | 8b55 3048 | 8bd8 4885 | c00f 84dc | 3700 0041 | 807f 3800 | 0f85 1225 
  0x000001fff593285c: 0000 4c8b | 4c24 704d | 8bd9 488b | cb41 8949 | 0c49 8bea | 488b cb49 | 33cb 48c1 | e914 4885 
  0x000001fff593287c: c974 1a49 | c1eb 0948 | b900 0048 | fcff 0100 | 0049 03cb | 8039 040f | 8566 2600 | 0041 807f 
  0x000001fff593289c: 3800 0f85 | 0425 0000 | 4589 5118 | 4c8b dd49 | 8bd9 4c33 | db49 c1eb | 144d 85db | 741f 4585 
  0x000001fff59328bc: d274 1a48 | c1eb 0948 | b900 0048 | fcff 0100 | 0048 03cb | 8039 040f | 85ab 2700 | 0049 8b8f 
  0x000001fff59328dc: 0801 0000 | 4c8b d949 | 83c3 304d | 3b9f 1801 | 0000 0f83 | c931 0000 | 4d89 9f08 | 0100 0041 
  0x000001fff59328fc: 0f18 8300 | 0100 0048 | c701 0100 

  0x000001fff5932908: ;   {metadata('sun/security/util/ManifestEntryVerifier')}
  0x000001fff5932908: 0000 c741 | 089a 1c00 | 2044 8961 | 0c4c 8961 | 104c 8961 | 184c 8961 | 204c 8961 | 2845 8b5a 
  0x000001fff5932928: 30c6 410c | 0149 8b87 | 0801 0000 | 4c8b d049 | 83c2 3049 | 8beb 4d3b | 9718 0100 | 000f 832c 
  0x000001fff5932948: 3200 004d | 8997 0801 | 0000 410f | 1882 0001 | 0000 48c7 | 0001 0000 

  0x000001fff5932960: ;   {metadata('java/util/HashMap')}
  0x000001fff5932960: 00c7 4008 | 62c3 0020 | 4489 600c | 4c89 6010 | 4c89 6028 | 4489 4424 | 4c4c 894c | 2468 4889 
  0x000001fff5932980: 4c24 7044 | 899c 2494 | 0000 004c | 8b94 2480 | 0000 004d | 8bda 4489 | 9c24 d400 | 0000 4c8b 
  0x000001fff59329a0: 5424 7049 | 8bda 49ba | 0000 0000 | 1000 0000 | 4c89 5018 | 48c7 4020 | 0000 403f | 4c8b d04c 
  0x000001fff59329c0: 8b5c 2470 | 4589 5310 | 4c8b d04d | 33d3 49c1 | ea14 4d85 | d274 1a49 | c1eb 0948 | b900 0048 
  0x000001fff59329e0: fcff 0100 | 0049 03cb | 8039 040f | 854a 2600 | 004d 8b97 | 0801 0000 | 4d8b da49 | 83c3 184d 
  0x000001fff5932a00: 3b9f 1801 | 0000 0f83 | eb30 0000 | 4d89 9f08 | 0100 0041 | 0f18 8300 | 0100 0049 | c702 0100 
  0x000001fff5932a20: ;   {metadata('java/util/ArrayList')}
  0x000001fff5932a20: 0000 41c7 | 4208 88aa | 0020 4589 | 620c 4589 

  0x000001fff5932a30: ;   {oop(a 'java/lang/Object'[0] {0x00000000a0993cf0})}
  0x000001fff5932a30: 6210 41c7 | 4214 f03c | 99a0 4180 | 7f38 000f | 8580 2400 | 004d 8bc2 | 4c8b 5c24 | 7045 8943 
  0x000001fff5932a50: 144d 33d3 | 49c1 ea14 | 4d85 d274 | 1a49 c1eb | 0948 b900 | 0048 fcff | 0100 0049 | 03cb 8039 
  0x000001fff5932a70: 040f 857b | 2500 004d | 8b97 0801 | 0000 4d8b | da49 83c3 | 184d 3b9f | 1801 0000 | 0f83 a530 
  0x000001fff5932a90: 0000 4d89 | 9f08 0100 | 0041 0f18 | 8300 0100 | 0049 c702 | 0100 0000 

  0x000001fff5932aa8: ;   {metadata('java/util/ArrayList')}
  0x000001fff5932aa8: 41c7 4208 | 88aa 0020 | 4589 620c | 4589 6210 

  0x000001fff5932ab8: ;   {oop(a 'java/lang/Object'[0] {0x00000000a0993cf0})}
  0x000001fff5932ab8: 41c7 4214 | f03c 99a0 | 4180 7f38 | 000f 854b | 2300 004d | 8bda 4c8b | 4424 7045 | 8958 184d 
  0x000001fff5932ad8: 8bd8 4d33 | d349 c1ea | 144d 85d2 | 741a 49c1 | eb09 48b9 | 0000 48fc | ff01 0000 | 4903 cb80 
  0x000001fff5932af8: 3904 0f85 | a924 0000 | 4180 7f38 | 000f 8545 | 2300 004c | 8b4c 2470 | 448b 9424 | 9400 0000 
  0x000001fff5932b18: 4589 5120 | 4c8b dd4d | 8bc1 4d33 | d849 c1eb | 144d 85db | 741f 4585 | d274 1a49 | c1e8 0948 
  0x000001fff5932b38: b900 0048 | fcff 0100 | 0049 03c8 | 8039 040f | 85e1 2500 | 0041 807f | 3800 0f85 | 8b22 0000 
  0x000001fff5932b58: 448b 9424 | d400 0000 | 4589 5124 | 4d8b d14c | 8b84 2480 | 0000 004d | 8bd8 4d33 | da49 c1eb 
  0x000001fff5932b78: 144d 85db | 741f 4d85 | c074 1a49 | c1ea 0948 | b900 0048 | fcff 0100 | 0049 03ca | 8039 040f 
  0x000001fff5932b98: 8542 2500 | 0041 807f | 3800 0f85 | e522 0000 | 4c8b 4424 | 6841 8958 | 1c4d 8bd1 | 4d8b d84d 
  0x000001fff5932bb8: 33d3 49c1 | ea14 4d85 | d20f 8414 | 2200 0049 | c1eb 0948 | b900 0048 | fcff 0100 | 0049 03cb 
  0x000001fff5932bd8: 8039 040f | 8579 2300 | 004d 8bd9 | 458b 5018 | 4585 d20f | 84db 3200 | 0049 8be8 | 498b d24c 
  0x000001fff5932bf8: 8b84 2488 | 0000 004d | 8bcb 6690 

  0x000001fff5932c04: ;   {optimized virtual_call}
  0x000001fff5932c04: c5f8 77e8 

  0x000001fff5932c08: ; ImmutableOopMap {rbp=Oop [32]=Oop [40]=Oop [56]=Oop [64]=Oop [76]=NarrowOop [88]=Oop [96]=Oop [120]=Oop [136]=Oop [144]=NarrowOop }
                      ;*invokevirtual beginEntry {reexecute=0 rethrow=0 return_oop=0}
                      ; - java.util.jar.JarVerifier$VerifierStream::<init>@47 (line 454)
                      ; - java.util.jar.JarFile::getInputStream@68 (line 860)
                      ; - jdk.internal.loader.URLClassPath$JarLoader$2::getInputStream@11 (line 879)
                      ; - jdk.internal.loader.Resource::cachedInputStream@9 (line 77)
                      ; - jdk.internal.loader.Resource::getByteBuffer@1 (line 163)
                      ; - java.net.URLClassLoader::defineClass@132 (line 511)
  0x000001fff5932c08: 74e7 d7fe | 4c8b 9424 | 8800 0000 

  0x000001fff5932c14: ; implicit exception: dispatches to 0x000001fff5936a2c
  0x000001fff5932c14: 4d8b 5220 | 488b dd4c | 8953 104d | 85d2 0f84 | c209 0000 | 4c8b 5c24 | 7848 8d84 | 24f8 0000 
  0x000001fff5932c34: 0048 8138 | 0000 0000 | 0f84 8300 | 0000 4d8b | 1349 f7c2 | 0200 0000 | 746f 4981 | ba86 0000 
  0x000001fff5932c54: 0000 0000 | 0074 0949 | ff8a 8600 | 0000 eb51 | 498b 8296 | 0000 0049 | 0b82 8e00 | 0000 750a 
  0x000001fff5932c74: 49c7 423e | 0000 0000 | eb47 4981 | ba9e 0000 | 0000 0000 | 0074 2548 | 33c0 49c7 | 423e 0000 
  0x000001fff5932c94: 0000 f083 | 0424 0049 | 81ba 9e00 | 0000 0000 | 0000 750d | f04d 0fb1 | 7a3e 7505 | 83c8 01eb 
  0x000001fff5932cb4: 10f7 c000 | 0000 00eb | 084c 8b10 | f04d 0fb1 | 130f 8457 | c1ff ff48 | 8b4c 2478 | 488d 9424 
  0x000001fff5932cd4: f800 0000 | 4d8b c7c5 | f877 49ba | 80db 55f6 | fd7f 0000 | 41ff d2e9 | 32c1 ffff 

  0x000001fff5932cf0: ;   {metadata('java/util/jar/JarFile')}
  0x000001fff5932cf0: 81fd 5823 | 0020 0f85 | 2032 0000 | 488b 5424 | 5848 8b6c | 2438 4c8b | 5424 484c | 8954 2440 
  0x000001fff5932d10: ;   {optimized virtual_call}
  0x000001fff5932d10: c5f8 77e8 

  0x000001fff5932d14: ; ImmutableOopMap {rbp=Oop [32]=Oop [40]=Oop [56]=Oop [64]=Oop [72]=Oop [84]=NarrowOop [88]=Oop [120]=Oop [144]=NarrowOop }
                      ;*invokevirtual getManifest {reexecute=0 rethrow=0 return_oop=1}
                      ; - java.util.jar.JarFile::maybeInstantiateVerifier@31 (line 724)
                      ; - java.util.jar.JarFile::ensureInitialization@1 (line 1028)
                      ; - java.util.jar.JavaUtilJarAccessImpl::ensureInitialization@1 (line 72)
                      ; - jdk.internal.loader.URLClassPath$JarLoader$2::getManifest@10 (line 883)
                      ; - java.net.URLClassLoader::defineClass@34 (line 491)
  0x000001fff5932d14: 68e6 d7fe | 4c8b 5424 | 284c 8954 | 2440 488b | 7424 484c | 8b54 2420 | 448b 5c24 | 544c 8b44 
  0x000001fff5932d34: 2458 e9ca 

  0x000001fff5932d38: ;   {oop(""{0x00000000a0964728})}
  0x000001fff5932d38: bdff ff48 | be28 4796 | a000 0000 | 00e9 b3d3 | ffff 4c63 | c54d 8bd0 | 4983 c210 | 498b d248 
  0x000001fff5932d58: 83e2 f848 | 8bfe 4803 | fa49 c1ea | 0349 2bca | 4833 c048 | 83f9 087f | 1048 ffc9 | 784f 4889 
  0x000001fff5932d78: 04cf 48ff | c97d f7eb | 44c5 fdef | c0e9 0d00 | 0000 c5fe | 7f07 c5fe | 7f47 2048 | 83c7 4048 
  0x000001fff5932d98: 83e9 087d | ed48 83c1 | 047c 0cc5 | fe7f 0748 | 83c7 2048 | 83e9 0448 | 83c1 047e | 1048 ffc9 
  0x000001fff5932db8: c5f9 d607 | 4883 c708 | 48ff c97d | f349 8bc9 | 498b d3c5 | f877 49ba | 607f 69f4 | ff01 0000 
  0x000001fff5932dd8: 41ff d2e9 | f8d8 ffff | 4c63 c54d | 8bd8 4983 | c310 498b | d348 83e2 | f848 8bfe | 4803 fa49 
  0x000001fff5932df8: c1eb 0349 | 2bcb 4833 | c048 83f9 | 087f 1048 | ffc9 784f | 4889 04cf | 48ff c97d | f7eb 44c5 
  0x000001fff5932e18: fdef c0e9 | 0d00 0000 | c5fe 7f07 | c5fe 7f47 | 2048 83c7 | 4048 83e9 | 087d ed48 | 83c1 047c 
  0x000001fff5932e38: 0cc5 fe7f | 0748 83c7 | 2048 83e9 | 0448 83c1 | 047e 1048 | ffc9 c5f9 | d607 4883 | c708 48ff 
  0x000001fff5932e58: c97d f349 | 8bca 498b | d1c5 f877 | 49ba 607f | 69f4 ff01 | 0000 41ff | d2e9 28da | ffff 4c8b 
  0x000001fff5932e78: 5424 6845 | 8b5a 1445 | 85db 0f84 | 5bd8 ffff | 4d8b 5720 | 498b cb4d | 85d2 0f84 | f027 0000 
  0x000001fff5932e98: 4d8b 5f30 | 4b89 4c13 | f849 83c2 | f84d 8957 | 20e9 35d8 | ffff 4c8b | 4424 6845 | 8b50 1445 
  0x000001fff5932eb8: 85d2 0f84 | eed9 ffff | 4d8b 5f20 | 498b ca4d | 85db 0f84 | d027 0000 | 498b f84d | 8b57 304b 
  0x000001fff5932ed8: 894c 1af8 | 4983 c3f8 | 4d89 5f20 | 4c8b c7e9 | c2d9 ffff | 498b d84d | 8b57 404d | 8b5f 50f0 
  0x000001fff5932ef8: 8344 24c0 | 0080 3900 | 742a 4488 | 214d 85d2 | 740f 4b89 | 4c13 f849 | 83c2 f84d | 8957 40eb 
  0x000001fff5932f18: 1349 8bd7 | c5f8 7749 | ba50 9314 | f6fd 7f00 | 0041 ffd2 | 4c8b c3e9 | e4d7 ffff | 4c63 c54d 
  0x000001fff5932f38: 8bd0 4983 | c210 498b | ca48 83e1 | f848 8bfb | 4803 f949 | c1ea 034d | 2bca 498b | c948 33c0 
  0x000001fff5932f58: 4883 f908 | 7f10 48ff | c978 4f48 | 8904 cf48 | ffc9 7df7 | eb44 c5fd | efc0 e90d | 0000 00c5 
  0x000001fff5932f78: fe7f 07c5 | fe7f 4720 | 4883 c740 | 4883 e908 | 7ded 4883 | c104 7c0c | c5fe 7f07 | 4883 c720 
  0x000001fff5932f98: 4883 e904 | 4883 c104 | 7e10 48ff | c9c5 f9d6 | 0748 83c7 | 0848 ffc9 | 7df3 498b | cbc5 f877 
  0x000001fff5932fb8: 49ba 607f | 69f4 ff01 | 0000 41ff | d2e9 85da | ffff 4c63 | c54d 8bd0 | 4983 c210 | 498b ca48 
  0x000001fff5932fd8: 83e1 f849 | 8bfd 4803 | f949 c1ea | 034d 2bca | 498b c948 | 33c0 4883 | f908 7f10 | 48ff c978 
  0x000001fff5932ff8: 4f48 8904 | cf48 ffc9 | 7df7 eb44 | c5fd efc0 | e90d 0000 | 00c5 fe7f | 07c5 fe7f | 4720 4883 
  0x000001fff5933018: c740 4883 | e908 7ded | 4883 c104 | 7c0c c5fe | 7f07 4883 | c720 4883 | e904 4883 | c104 7e10 
  0x000001fff5933038: 48ff c9c5 | f9d6 0748 | 83c7 0848 | ffc9 7df3 | 498b cbc5 | f877 49ba | 607f 69f4 | ff01 0000 
  0x000001fff5933058: 41ff d2e9 | 6fdb ffff | 4c8b 5424 | 6845 8b52 | 1445 85d2 | 0f84 e8d9 | ffff 4d8b | 5f20 498b 
  0x000001fff5933078: ca4d 85db | 0f84 3926 | 0000 4d8b | 5730 4b89 | 4c1a f849 | 83c3 f84d | 895f 20e9 | c2d9 ffff 
  0x000001fff5933098: 4c8b 5424 | 6845 8b5a | 1445 85db | 0f84 30db | ffff 4d8b | 5720 498b | cb4d 85d2 | 0f84 1f26 
  0x000001fff59330b8: 0000 4d8b | 5f30 4b89 | 4c13 f849 | 83c2 f84d | 8957 20e9 | 0adb ffff | 4d8b 5740 | 4d8b 5f50 
  0x000001fff59330d8: f083 4424 | c000 8039 | 000f 84aa | d9ff ff44 | 8821 4d85 | d275 1849 | 8bd7 c5f8 | 7749 ba50 
  0x000001fff59330f8: 9314 f6fd | 7f00 0041 | ffd2 e98a | d9ff ff4b | 894c 13f8 | 4983 c2f8 | 4d89 5740 | e978 d9ff 
  0x000001fff5933118: ;   {oop(""{0x00000000a0964728})}
  0x000001fff5933118: ff49 bd28 | 4796 a000 | 0000 00e9 | 2ab9 ffff | 49ba 0000 | 48fc ff01 | 0000 4533 | c045 33db 
  0x000001fff5933138: 4c89 9424 | e800 0000 | 4489 9c24 | a000 0000 | e966 deff 

  0x000001fff593314c: ;   {metadata('java/util/jar/JarFile')}
  0x000001fff593314c: ff81 fd58 | 2300 200f | 855b 2f00 | 0048 8b54 | 2478 488b | 6c24 3890 

  0x000001fff5933164: ;   {optimized virtual_call}
  0x000001fff5933164: c5f8 77e8 

  0x000001fff5933168: ; ImmutableOopMap {rbp=Oop [32]=Oop [40]=Oop [56]=Oop [72]=NarrowOop [80]=Oop [96]=Oop [104]=Oop [112]=NarrowOop [116]=NarrowOop [120]=Oop }
                      ;*invokevirtual getManifest {reexecute=0 rethrow=0 return_oop=1}
                      ; - java.util.jar.JarFile::maybeInstantiateVerifier@31 (line 724)
                      ; - java.util.jar.JarFile::getInputStream@1 (line 842)
                      ; - jdk.internal.loader.URLClassPath$JarLoader$2::getInputStream@11 (line 879)
                      ; - jdk.internal.loader.Resource::cachedInputStream@9 (line 77)
                      ; - jdk.internal.loader.Resource::getByteBuffer@1 (line 163)
                      ; - java.net.URLClassLoader::defineClass@132 (line 511)
  0x000001fff5933168: 14e2 d7fe | 4c8b 5424 | 204c 8954 | 2440 488b | 7424 2844 | 8b54 2448 | 4489 9424 | 9000 0000 
  0x000001fff5933188: 4c8b 5424 | 504c 8954 | 2428 4c8b | 5424 584c | 8954 2450 | 4c8b 6c24 | 6044 8b74 | 244c 4c8b 
  0x000001fff59331a8: 4424 6844 | 8b4c 2470 | 448b 5c24 | 7448 8b7c | 2478 e981 | bbff ff4c | 8b54 2448 | 4c89 5424 
  0x000001fff59331c8: 604c 8b54 | 2450 4c89 | 5424 484c | 8b54 2428 | 488b 6c24 

  0x000001fff59331dc: ;   {metadata('java/security/CodeSource')}
  0x000001fff59331dc: 4048 ba48 | 3505 0001 | 0000 004c | 8954 2440 

  0x000001fff59331ec: ;   {runtime_call _new_instance_Java}
  0x000001fff59331ec: c5f8 77e8 

  0x000001fff59331f0: ; ImmutableOopMap {rbp=Oop [56]=Oop [64]=Oop [88]=Oop [96]=Oop [144]=NarrowOop }
                      ;*new {reexecute=0 rethrow=0 return_oop=1}
                      ; - java.net.URLClassLoader::defineClass@190 (line 522)
  0x000001fff59331f0: 0cb7 e2fe | 4889 6c24 | 404c 8b5c | 2448 4c89 | 5c24 504c | 8b5c 2460 | 4c89 5c24 | 4848 8bd8 
  0x000001fff5933210: e924 beff | ff48 8974 | 2468 4889 | 5c24 6044 | 8b5c 2478 | 4489 5c24 | 244c 8b54 | 2450 4c89 
  0x000001fff5933230: 5424 2848 | 8b6c 2440 

  0x000001fff5933238: ;   {metadata('java/lang/StringBuilder')}
  0x000001fff5933238: 48ba 800f | 0500 0100 | 0000 6690 

  0x000001fff5933244: ;   {runtime_call _new_instance_Java}
  0x000001fff5933244: c5f8 77e8 

  0x000001fff5933248: ; ImmutableOopMap {rbp=Oop [56]=Oop [72]=Oop [88]=Oop [96]=Oop [104]=Oop [144]=NarrowOop }
                      ;*new {reexecute=0 rethrow=0 return_oop=1}
                      ; - sun.net.util.URLUtil::urlNoFragString@0 (line 48)
                      ; - java.security.CodeSource::<init>@30 (line 123)
                      ; - java.net.URLClassLoader::defineClass@198 (line 522)
  0x000001fff5933248: b4b6 e2fe | 4889 6c24 | 404c 8b54 | 2428 4c89 | 5424 5044 | 8b5c 2424 | 4489 5c24 | 7848 8b5c 
  0x000001fff5933268: 2460 488b | 7424 68e9 | 1dbe ffff | 4889 7c24 | 7048 8974 | 2468 4889 | 5c24 6044 | 8b54 2478 
  0x000001fff5933288: 4489 5424 | 244c 8b54 | 2450 4c89 | 5424 2844 | 8b94 2490 | 0000 0044 | 8954 2420 | 488b 6c24 
  0x000001fff59332a8: 4041 b810 

  0x000001fff59332ac: ;   {metadata({type array byte})}
  0x000001fff59332ac: 0000 0048 | ba60 0804 | 0001 0000 | 0066 6690 

  0x000001fff59332bc: ;   {runtime_call _new_array_Java}
  0x000001fff59332bc: c5f8 77e8 

  0x000001fff59332c0: ; ImmutableOopMap {rbp=Oop [32]=NarrowOop [56]=Oop [72]=Oop [88]=Oop [96]=Oop [104]=Oop [112]=Oop }
                      ;*newarray {reexecute=0 rethrow=0 return_oop=1}
                      ; - java.lang.AbstractStringBuilder::<init>@12 (line 88)
                      ; - java.lang.StringBuilder::<init>@3 (line 106)
                      ; - sun.net.util.URLUtil::urlNoFragString@4 (line 48)
                      ; - java.security.CodeSource::<init>@30 (line 123)
                      ; - java.net.URLClassLoader::defineClass@198 (line 522)
  0x000001fff59332c0: 3cb9 e2fe | 4889 6c24 | 4044 8b5c | 2420 4489 | 9c24 9000 | 0000 4c8b | 5424 284c | 8954 2450 
  0x000001fff59332e0: 448b 5c24 | 2444 895c | 2478 488b | 5c24 6048 | 8b74 2468 | 488b 7c24 | 70e9 edbd 

  0x000001fff59332fc: ;   {metadata('java/security/SecureClassLoader$CodeSourceKey')}
  0x000001fff59332fc: ffff 48ba | b8f7 0000 | 0100 0000 | 488b 6c24 | 3866 6690 

  0x000001fff5933310: ;   {runtime_call _new_instance_Java}
  0x000001fff5933310: c5f8 77e8 

  0x000001fff5933314: ; ImmutableOopMap {rbp=Oop [56]=Oop [64]=Oop [72]=Oop [96]=Oop }
                      ;*new {reexecute=0 rethrow=0 return_oop=1}
                      ; - java.security.SecureClassLoader::getProtectionDomain@6 (line 221)
                      ; - java.security.SecureClassLoader::defineClass@9 (line 150)
                      ; - java.net.URLClassLoader::defineClass@220 (line 524)
  0x000001fff5933314: e8b5 e2fe | 4c8b c0e9 | cecf ffff | 894c 2450 | 4c89 4424 | 304c 8b54 | 2438 4c89 

  0x000001fff5933330: ;   {metadata('java/security/SecureClassLoader$1')}
  0x000001fff5933330: 5424 2848 | bae8 f900 | 0001 0000 | 0066 6690 

  0x000001fff5933340: ;   {runtime_call _new_instance_Java}
  0x000001fff5933340: c5f8 77e8 

  0x000001fff5933344: ; ImmutableOopMap {rbp=NarrowOop [40]=Oop [48]=Oop [64]=Oop [72]=Oop [80]=NarrowOop [96]=Oop }
                      ;*new {reexecute=0 rethrow=0 return_oop=1}
                      ; - java.security.SecureClassLoader::getProtectionDomain@20 (line 222)
                      ; - java.security.SecureClassLoader::defineClass@9 (line 150)
                      ; - java.net.URLClassLoader::defineClass@220 (line 524)
  0x000001fff5933344: b8b5 e2fe | 4c8b 5c24 | 284c 895c | 2438 4c8b | 4424 308b | 4c24 504c | 8bc8 e9e1 | cfff ff8b 
  0x000001fff5933364: ;   {metadata('java/lang/String')}
  0x000001fff5933364: eb48 ba88 | 1d04 0001 | 0000 0090 

  0x000001fff5933370: ;   {runtime_call _new_instance_Java}
  0x000001fff5933370: c5f8 77e8 

  0x000001fff5933374: ; ImmutableOopMap {[56]=Oop [64]=Oop [72]=Oop [88]=Oop [96]=Oop [124]=NarrowOop }
                      ;*new {reexecute=0 rethrow=0 return_oop=1}
                      ; - java.lang.StringLatin1::newString@7 (line 769)
                      ; - java.lang.StringBuilder::toString@16 (line 453)
                      ; - sun.net.util.URLUtil::urlNoFragString@110 (line 80)
                      ; - java.security.CodeSource::<init>@30 (line 123)
                      ; - java.net.URLClassLoader::defineClass@198 (line 522)
  0x000001fff5933374: 88b5 e2fe | 8bdd 488b | f0e9 63cc | ffff 448b | 5c24 7c44 | 895c 2424 | 4c89 4424 | 704c 894c 
  0x000001fff5933394: 2468 4889 | 7424 2889 

  0x000001fff593339c: ;   {metadata({type array byte})}
  0x000001fff593339c: 5c24 2048 | ba60 0804 | 0001 0000 | 0044 8bc3 

  0x000001fff59333ac: ;   {runtime_call _new_array_nozero_Java}
  0x000001fff59333ac: c5f8 77e8 

  0x000001fff59333b0: ; ImmutableOopMap {[36]=NarrowOop [40]=Oop [56]=Oop [64]=Oop [72]=Oop [88]=Oop [96]=Oop [124]=NarrowOop }
                      ;*newarray {reexecute=0 rethrow=0 return_oop=1}
                      ; - java.util.Arrays::copyOfRange@41 (line 3822)
                      ; - java.lang.StringLatin1::newString@16 (line 769)
                      ; - java.lang.StringBuilder::toString@16 (line 453)
                      ; - sun.net.util.URLUtil::urlNoFragString@110 (line 80)
                      ; - java.security.CodeSource::<init>@30 (line 123)
                      ; - java.net.URLClassLoader::defineClass@198 (line 522)
  0x000001fff59333b0: 4cbb e2fe | 8b5c 2420 | 488b 7424 | 284c 8b4c | 2468 4c8b | 4424 704c | 8bf0 e9b3 

  0x000001fff59333cc: ;   {metadata({type array byte})}
  0x000001fff59333cc: ccff ff48 | ba60 0804 | 0001 0000 | 0044 8b44 | 247c 6690 

  0x000001fff59333e0: ;   {runtime_call _new_array_nozero_Java}
  0x000001fff59333e0: c5f8 77e8 

  0x000001fff59333e4: ; ImmutableOopMap {[32]=Oop [40]=Oop [56]=Oop [64]=Oop [72]=Oop [88]=Oop [96]=Oop [104]=Oop [112]=NarrowOop [128]=Oop [136]=NarrowOop [140]=NarrowOop [144]=NarrowOop [152]=Oop }
                      ;*newarray {reexecute=0 rethrow=0 return_oop=1}
                      ; - java.lang.StringLatin1::toLowerCase@101 (line 453)
                      ; - java.lang.String::toLowerCase@13 (line 3393)
                      ; - java.lang.String::toLowerCase@4 (line 3417)
                      ; - sun.net.util.URLUtil::urlNoFragString@18 (line 53)
                      ; - java.security.CodeSource::<init>@30 (line 123)
                      ; - java.net.URLClassLoader::defineClass@198 (line 522)
  0x000001fff59333e4: 18bb e2fe | 4c8b c0e9 | 98bf ffff 

  0x000001fff59333f0: ;   {metadata({type array byte})}
  0x000001fff59333f0: 48ba 6008 | 0400 0100 | 0000 448b | 4424 7c90 

  0x000001fff5933400: ;   {runtime_call _new_array_nozero_Java}
  0x000001fff5933400: c5f8 77e8 

  0x000001fff5933404: ; ImmutableOopMap {[32]=Oop [40]=Oop [56]=Oop [64]=Oop [72]=Oop [88]=Oop [96]=Oop [104]=Oop [112]=NarrowOop [128]=Oop [136]=NarrowOop [140]=NarrowOop [144]=NarrowOop [152]=Oop }
                      ;*newarray {reexecute=0 rethrow=0 return_oop=1}
                      ; - java.lang.StringLatin1::toLowerCase@101 (line 453)
                      ; - java.lang.String::toLowerCase@13 (line 3393)
                      ; - java.lang.String::toLowerCase@4 (line 3417)
                      ; - sun.net.util.URLUtil::urlNoFragString@45 (line 61)
                      ; - java.security.CodeSource::<init>@30 (line 123)
                      ; - java.net.URLClassLoader::defineClass@198 (line 522)
  0x000001fff5933404: f8ba e2fe | 488b d8e9 | bbc6 ffff 

  0x000001fff5933410: ;   {metadata('java/lang/String')}
  0x000001fff5933410: 48ba 881d | 0400 0100 | 0000 488b | 6c24 3890 

  0x000001fff5933420: ;   {runtime_call _new_instance_Java}
  0x000001fff5933420: c5f8 77e8 

  0x000001fff5933424: ; ImmutableOopMap {rbp=Oop [32]=Oop [56]=Oop [64]=Oop [72]=Oop [88]=Oop [96]=Oop [104]=Oop [144]=NarrowOop [168]=Oop }
                      ;*new {reexecute=0 rethrow=0 return_oop=1}
                      ; - java.lang.StringLatin1::toLowerCase@175 (line 464)
                      ; - java.lang.String::toLowerCase@13 (line 3393)
                      ; - java.lang.String::toLowerCase@4 (line 3417)
                      ; - sun.net.util.URLUtil::urlNoFragString@18 (line 53)
                      ; - java.security.CodeSource::<init>@30 (line 123)
                      ; - java.net.URLClassLoader::defineClass@198 (line 522)
  0x000001fff5933424: d8b4 e2fe | 4c8b c8e9 | 12c2 ffff 

  0x000001fff5933430: ;   {metadata('java/lang/String')}
  0x000001fff5933430: 488b ee48 | ba88 1d04 | 0001 0000 | 0066 6690 

  0x000001fff5933440: ;   {runtime_call _new_instance_Java}
  0x000001fff5933440: c5f8 77e8 

  0x000001fff5933444: ; ImmutableOopMap {rbp=Oop [32]=Oop [56]=Oop [64]=Oop [72]=Oop [88]=Oop [96]=Oop [104]=Oop [136]=NarrowOop }
                      ;*new {reexecute=0 rethrow=0 return_oop=1}
                      ; - java.lang.StringLatin1::toLowerCase@175 (line 464)
                      ; - java.lang.String::toLowerCase@13 (line 3393)
                      ; - java.lang.String::toLowerCase@4 (line 3417)
                      ; - sun.net.util.URLUtil::urlNoFragString@45 (line 61)
                      ; - java.security.CodeSource::<init>@30 (line 123)
                      ; - java.net.URLClassLoader::defineClass@198 (line 522)
  0x000001fff5933444: b8b4 e2fe | 488b f54c | 8bc8 e9ef | c8ff ff4c | 8954 2458 | 4889 7424 | 4848 894c | 2428 8944 
  0x000001fff5933464: 2424 4489 | 4424 2048 | 8b6c 2440 

  0x000001fff5933470: ;   {metadata('java/lang/String')}
  0x000001fff5933470: 48ba 881d | 0400 0100 | 0000 6690 

  0x000001fff593347c: ;   {runtime_call _new_instance_Java}
  0x000001fff593347c: c5f8 77e8 

  0x000001fff5933480: ; ImmutableOopMap {rbp=Oop [32]=NarrowOop [40]=Oop [56]=Oop [72]=Oop [88]=Oop [144]=NarrowOop }
                      ;*new {reexecute=0 rethrow=0 return_oop=1}
                      ; - java.lang.StringLatin1::newString@7 (line 769)
                      ; - java.lang.String::substring@41 (line 2714)
                      ; - java.net.URLClassLoader::defineClass@28 (line 489)
  0x000001fff5933480: 7cb4 e2fe | 4c8b d048 | 896c 2440 | 448b 4424 | 208b 4424 | 2448 8b4c | 2428 488b | 7424 484c 
  0x000001fff59334a0: 8b5c 2458 | 4d8b ea4d | 8bd3 e98f | b4ff ff4c | 894c 2478 | 4c89 5c24 | 704c 896c | 2468 4c89 
  0x000001fff59334c0: 5424 6048 | 8974 2450 | 4889 4c24 | 4889 4424 | 2c44 8944 | 2428 4c8b | 5424 404c | 8954 2420 
  0x000001fff59334e0: ;   {metadata({type array byte})}
  0x000001fff59334e0: 48ba 6008 | 0400 0100 | 0000 448b | c066 6690 

  0x000001fff59334f0: ;   {runtime_call _new_array_nozero_Java}
  0x000001fff59334f0: c5f8 77e8 

  0x000001fff59334f4: ; ImmutableOopMap {[32]=Oop [40]=NarrowOop [56]=Oop [72]=Oop [80]=Oop [96]=Oop [104]=Oop [144]=NarrowOop }
                      ;*newarray {reexecute=0 rethrow=0 return_oop=1}
                      ; - java.util.Arrays::copyOfRange@41 (line 3822)
                      ; - java.lang.StringLatin1::newString@16 (line 769)
                      ; - java.lang.String::substring@41 (line 2714)
                      ; - java.net.URLClassLoader::defineClass@28 (line 489)
  0x000001fff59334f4: 08ba e2fe | 488b d84c | 8b54 2420 | 4c89 5424 | 4044 8b44 | 2428 8b44 | 242c 488b | 4c24 4848 
  0x000001fff5933514: 8b74 2450 | 4c8b 5424 | 604c 8954 | 2420 4c8b | 6c24 684c | 8b5c 2470 | 4c8b 4c24 | 784c 8bf3 
  0x000001fff5933534: e99c b4ff | ff48 8b54 | 2438 4c8b | 4424 7845 | 33c9 33ff | 33f6 33c9 | 4533 d24c | 8914 244c 
  0x000001fff5933554: 8954 2408 | 4c89 5424 | 1048 8bea 

  0x000001fff5933560: ;   {optimized virtual_call}
  0x000001fff5933560: c5f8 77e8 

  0x000001fff5933564: ; ImmutableOopMap {rbp=Oop [32]=Oop [56]=Oop [64]=Oop [72]=Oop [120]=Oop [144]=NarrowOop }
                      ;*invokevirtual definePackage {reexecute=0 rethrow=0 return_oop=1}
                      ; - java.net.URLClassLoader::defineClass@81 (line 497)
  0x000001fff5933564: 18de d7fe | 49ba 0000 | 48fc ff01 | 0000 4c89 | 5424 50e9 | 49df ffff | 4889 4c24 | 6848 897c 
  0x000001fff5933584: 2478 4489 | 5c24 4c41 | 8be9 4c89 | 4424 5844 | 8974 2448 | 4c89 6c24 | 6048 8974 | 2420 488b 
  0x000001fff59335a4: d766 6690 

  0x000001fff59335a8: ;   {optimized virtual_call}
  0x000001fff59335a8: c5f8 77e8 

  0x000001fff59335ac: ; ImmutableOopMap {rbp=NarrowOop [32]=Oop [40]=Oop [56]=Oop [64]=Oop [76]=NarrowOop [88]=Oop [96]=Oop [104]=Oop [120]=Oop [144]=NarrowOop }
                      ;*invokevirtual initializeVerifier {reexecute=0 rethrow=0 return_oop=0}
                      ; - java.util.jar.JarFile::getInputStream@25 (line 847)
                      ; - jdk.internal.loader.URLClassPath$JarLoader$2::getInputStream@11 (line 879)
                      ; - jdk.internal.loader.Resource::cachedInputStream@9 (line 77)
                      ; - jdk.internal.loader.Resource::getByteBuffer@1 (line 163)
                      ; - java.net.URLClassLoader::defineClass@132 (line 511)
  0x000001fff59335ac: d0dd d7fe | 448b cd41 | c641 1101 | 453b 6130 | 0f84 1b04 | 0000 488b | 7424 204c | 8b6c 2460 
  0x000001fff59335cc: 448b 7424 | 484c 8b44 | 2458 448b | 5c24 4c48 | 8b7c 2478 | 488b 4c24 | 68e9 9cf1 | ffff 8b6b 
  0x000001fff59335ec: 1c44 8b53 | 1845 85d2 | 0f84 0a2b | 0000 4889 | 5c24 6849 | 8bd2 4c8b | cd41 b8ff | ffff ff48 
  0x000001fff593360c: 8b6c 2438 

  0x000001fff5933610: ;   {optimized virtual_call}
  0x000001fff5933610: c5f8 77e8 

  0x000001fff5933614: ; ImmutableOopMap {rbp=Oop [32]=Oop [40]=Oop [56]=Oop [64]=Oop [88]=Oop [96]=Oop [104]=Oop [120]=Oop [144]=NarrowOop }
                      ;*invokevirtual update {reexecute=0 rethrow=0 return_oop=0}
                      ; - java.util.jar.JarVerifier$VerifierStream::<init>@76 (line 457)
                      ; - java.util.jar.JarFile::getInputStream@68 (line 860)
                      ; - jdk.internal.loader.URLClassPath$JarLoader$2::getInputStream@11 (line 879)
                      ; - jdk.internal.loader.Resource::cachedInputStream@9 (line 77)
                      ; - jdk.internal.loader.Resource::getByteBuffer@1 (line 163)
                      ; - java.net.URLClassLoader::defineClass@132 (line 511)
  0x000001fff5933614: 68dd d7fe | 488b 5c24 | 68e9 06f6 

  0x000001fff5933620: ;   {metadata({type array byte})}
  0x000001fff5933620: ffff 48ba | 6008 0400 | 0100 0000 | 448b 4424 | 7c66 6690 

  0x000001fff5933634: ;   {runtime_call _new_array_nozero_Java}
  0x000001fff5933634: c5f8 77e8 

  0x000001fff5933638: ; ImmutableOopMap {[32]=Oop [56]=Oop [64]=Oop [72]=Oop [88]=Oop [96]=Oop [104]=Oop [144]=NarrowOop [148]=NarrowOop [152]=Oop }
                      ;*newarray {reexecute=0 rethrow=0 return_oop=1}
                      ; - java.util.Arrays::copyOf@1 (line 3537)
                      ; - java.lang.AbstractStringBuilder::ensureCapacityInternal@32 (line 228)
                      ; - java.lang.AbstractStringBuilder::append@21 (line 582)
                      ; - java.lang.StringBuilder::append@2 (line 179)
                      ; - sun.net.util.URLUtil::urlNoFragString@24 (line 54)
                      ; - java.security.CodeSource::<init>@30 (line 123)
                      ; - java.net.URLClassLoader::defineClass@198 (line 522)
  0x000001fff5933638: c4b8 e2fe | 488b f0e9 | 3dd0 ffff | 4489 5424 | 284c 8944 | 2470 4c89 | 9c24 8000 

  0x000001fff5933654: ;   {metadata({type array byte})}
  0x000001fff5933654: 0000 48ba | 6008 0400 | 0100 0000 | 448b 4424 | 2866 6690 

  0x000001fff5933668: ;   {runtime_call _new_array_nozero_Java}
  0x000001fff5933668: c5f8 77e8 

  0x000001fff593366c: ; ImmutableOopMap {[32]=Oop [56]=Oop [64]=Oop [72]=Oop [88]=Oop [96]=Oop [104]=Oop [136]=NarrowOop [144]=NarrowOop }
                      ;*newarray {reexecute=0 rethrow=0 return_oop=1}
                      ; - java.util.Arrays::copyOf@1 (line 3537)
                      ; - java.lang.AbstractStringBuilder::ensureCapacityInternal@32 (line 228)
                      ; - java.lang.AbstractStringBuilder::append@21 (line 582)
                      ; - java.lang.StringBuilder::append@2 (line 179)
                      ; - sun.net.util.URLUtil::urlNoFragString@31 (line 55)
                      ; - java.security.CodeSource::<init>@30 (line 123)
                      ; - java.net.URLClassLoader::defineClass@198 (line 522)
  0x000001fff593366c: 90b8 e2fe | 488b f0e9 | c7d1 ffff | 4c89 8424 | 8000 0000 | 4c89 5c24 | 7044 8954 

  0x000001fff5933688: ;   {metadata({type array byte})}
  0x000001fff5933688: 242c 48ba | 6008 0400 | 0100 0000 | 458b c290 

  0x000001fff5933698: ;   {runtime_call _new_array_nozero_Java}
  0x000001fff5933698: c5f8 77e8 

  0x000001fff593369c: ; ImmutableOopMap {[32]=Oop [56]=Oop [64]=Oop [72]=Oop [88]=Oop [96]=Oop [104]=Oop [144]=NarrowOop [148]=NarrowOop [152]=Oop }
                      ;*newarray {reexecute=0 rethrow=0 return_oop=1}
                      ; - java.util.Arrays::copyOf@1 (line 3537)
                      ; - java.lang.AbstractStringBuilder::ensureCapacityInternal@32 (line 228)
                      ; - java.lang.AbstractStringBuilder::append@21 (line 582)
                      ; - java.lang.StringBuilder::append@2 (line 179)
                      ; - sun.net.util.URLUtil::urlNoFragString@51 (line 62)
                      ; - java.security.CodeSource::<init>@30 (line 123)
                      ; - java.net.URLClassLoader::defineClass@198 (line 522)
  0x000001fff593369c: 60b8 e2fe | 448b 5424 | 2c4c 8b5c | 2470 4c8b | 8424 8000 | 0000 488b | d8e9 49d3 | ffff 4c89 
  0x000001fff59336bc: 8424 9000 | 0000 4c89 | 8c24 8800 | 0000 4489 | 5424 744c | 8b54 2420 | 4c89 9424 | 8000 0000 
  0x000001fff59336dc: 4489 5c24 | 7089 5c24 | 2c44 8974 | 2428 4c8b | 5424 684c | 8954 2420 

  0x000001fff59336f4: ;   {metadata({type array byte})}
  0x000001fff59336f4: 48ba 6008 | 0400 0100 | 0000 448b | 4424 7490 

  0x000001fff5933704: ;   {runtime_call _new_array_nozero_Java}
  0x000001fff5933704: c5f8 77e8 

  0x000001fff5933708: ; ImmutableOopMap {[32]=Oop [40]=NarrowOop [56]=Oop [64]=Oop [72]=Oop [88]=Oop [96]=Oop [112]=NarrowOop [128]=Oop }
                      ;*newarray {reexecute=0 rethrow=0 return_oop=1}
                      ; - java.util.Arrays::copyOf@1 (line 3537)
                      ; - java.lang.AbstractStringBuilder::ensureCapacityInternal@32 (line 228)
                      ; - java.lang.AbstractStringBuilder::append@21 (line 582)
                      ; - java.lang.StringBuilder::append@2 (line 179)
                      ; - sun.net.util.URLUtil::urlNoFragString@105 (line 77)
                      ; - java.security.CodeSource::<init>@30 (line 123)
                      ; - java.net.URLClassLoader::defineClass@198 (line 522)
  0x000001fff5933708: f4b7 e2fe | 4c8b 5424 | 204c 8954 | 2468 448b | 7424 288b | 5c24 2c44 | 8b5c 2470 | 4c8b 9424 
  0x000001fff5933728: 8000 0000 | 4c89 5424 | 2044 8b54 | 2474 4c8b | 8c24 8800 | 0000 4c8b | 8424 9000 | 0000 4c8b 
  0x000001fff5933748: e8e9 40d4 | ffff 458b | 460c 41d1 | f845 85c0 | 7e3a 410f | b746 1041 | 8bd8 83c3 | f98b c8c1 
  0x000001fff5933768: e105 83fb | 010f 8eb5 | 2900 002b | c849 8bf6 | ba01 0000 | 0049 ba00 | 0048 fcff | 0100 004c 
  0x000001fff5933788: 8994 24e8 | 0000 00e9 | de00 0000 | 4533 db49 | ba00 0048 | fcff 0100 | 004c 8994 | 24e8 0000 
  0x000001fff59337a8: 00e9 d3d7 | ffff 6690 | c4c1 797e | ce41 0fb7 | 4456 1041 | 0fb7 7456 | 1e45 0fb7 | 6c56 1c41 
  0x000001fff59337c8: 0fb7 6c56 | 12c4 c179 | 6ece 450f | b754 5614 | 450f b75c | 5616 450f | b74c 5618 | 450f b774 
  0x000001fff59337e8: 561a 03c8 | 8bc1 c1e0 | 052b c103 | c58b e8c1 | e505 2be8 | 4103 ea44 | 8bd5 41c1 | e205 442b 
  0x000001fff5933808: d545 03d3 | 458b da41 | c1e3 0545 | 2bda 4503 | d945 8bd3 | 41c1 e205 | 452b d345 | 03d6 458b 
  0x000001fff5933828: ca41 c1e1 | 0545 2bca | 4503 cd41 | 8bc1 c1e0 | 0541 2bc1 | 03c6 448b | d841 c1e3 | 0541 8bcb 
  0x000001fff5933848: 2bc8 83c2 | 083b d70f | 8c5b ffff | ff4d 8b97 

  0x000001fff5933858: ; ImmutableOopMap {xmm0=NarrowOop xmm1=NarrowOop xmm3=Oop xmm4=Oop [32]=Oop [56]=Oop [64]=Oop [72]=Oop [80]=Oop [96]=Oop [120]=Oop [144]=NarrowOop }
                      ;*goto {reexecute=1 rethrow=0 return_oop=0}
                      ; - (reexecute) java.lang.StringUTF16::hashCode@28 (line 417)
                      ; - java.lang.String::hashCode@37 (line 2345)
                      ; - java.util.HashMap::hash@9 (line 338)
                      ; - java.util.HashMap::getNode@23 (line 568)
                      ; - java.util.HashMap::get@2 (line 556)
                      ; - java.util.jar.Manifest::getAttributes@5 (line 159)
                      ; - java.util.jar.Manifest::getTrustedAttributes@2 (line 176)
                      ; - java.util.jar.JavaUtilJarAccessImpl::getTrustedAttributes@2 (line 68)
                      ; - java.net.URLClassLoader::definePackage@42 (line 552)
                      ; - java.net.URLClassLoader::defineClass@64 (line 495)
  0x000001fff5933858: 5803 0000 

  0x000001fff593385c: ;   {poll}
  0x000001fff593385c: 4185 023b | d37d 41c4 | c179 7ece | c4c1 f97e | d9c4 e1f9 | 7ee6 418b | f82b fa83 | c7f9 4533 
  0x000001fff593387c: db3b da41 | 0f4c fb81 | ff40 1f00 | 0041 bb40 | 1f00 0041 | 0f47 fb03 | fac4 c1f9 | 6ed9 c4e1 
  0x000001fff593389c: f96e e6e9 | 11ff ffff | c4c1 797e | ce41 3bd0 | 7d05 e912 | 0100 0044 | 8bd8 e9c6 | d6ff ff4c 
  0x000001fff59338bc: 8b54 2460 | 41c6 4211 | 0145 33d2 | 4533 dbe9 | d8d6 ffff | 448b 4c24 | 7c41 d1e1 | 4585 c90f 
  0x000001fff59338dc: 8c66 2800 | 0044 8b5d | 0c41 8bc9 | 83c1 0644 | 3bd9 0f82 | 5328 0000 | 4c8b dd4a | 8d7c 0d10 
  0x000001fff59338fc: ;   {oop([B{0x00000000a09162a0})}
  0x000001fff59338fc: 48be a062 | 91a0 0000 | 0000 4883 | c610 ba03 | 0000 008b | ca83 e10f | 83e2 f074 | 1c48 8d34 
  0x000001fff593391c: 1648 8d3c | 5748 f7da | c4e2 7d30 | 0416 c5fe | 7f04 5748 | 83c2 1075 | ef8b d183 | e107 83e2 
  0x000001fff593393c: f874 27c4 | e279 3006 | c5fa 7f07 | 4883 c608 | 4883 c710 | e911 0000 | 00c4 e279 | 3004 16c5 
  0x000001fff593395c: fa7f 0457 | 4883 c208 | 75ef 8bd1 | 83fa 047c | 19c5 f96e | 06c4 e279 | 30c0 c5f9 | d607 4883 
  0x000001fff593397c: ea04 4883 | c604 4883 | c708 85d2 | 7418 488d | 3416 488d | 3c57 48f7 | da0f b60c | 1666 890c 
  0x000001fff593399c: 5748 ffc2 | 75f3 e995 | beff ff45 | 33db 4c89 | 9c24 a800 | 0000 e9a0 | d7ff ff90 | 458b cb41 
  0x000001fff59339bc: c1e1 0541 | 8bc3 458b | d945 0fb7 | 5456 1044 | 2bd8 4503 | daff c241 | 3bd0 7ce0 | e9a4 d5ff 
  0x000001fff59339dc: ff48 8b54 | 2478 4c8b | 4424 6848 | 8b6c 2438 

  0x000001fff59339ec: ;   {optimized virtual_call}
  0x000001fff59339ec: c5f8 77e8 

  0x000001fff59339f0: ; ImmutableOopMap {rbp=Oop [32]=Oop [40]=Oop [56]=Oop [64]=Oop [88]=Oop [96]=Oop [120]=Oop [144]=NarrowOop }
                      ;*invokespecial getInputStream {reexecute=0 rethrow=0 return_oop=1}
                      ; - java.util.jar.JarFile::getInputStream@42 (line 853)
                      ; - jdk.internal.loader.URLClassPath$JarLoader$2::getInputStream@11 (line 879)
                      ; - jdk.internal.loader.Resource::cachedInputStream@9 (line 77)
                      ; - jdk.internal.loader.Resource::getByteBuffer@1 (line 163)
                      ; - java.net.URLClassLoader::defineClass@132 (line 511)
  0x000001fff59339f0: 8cd9 d7fe | 488b d84c | 8b5c 2478 | 488d 8424 | f800 0000 | 4881 3800 | 0000 000f | 8483 0000 
  0x000001fff5933a10: 004d 8b13 | 49f7 c202 | 0000 0074 | 6f49 81ba | 8600 0000 | 0000 0000 | 7409 49ff | 8a86 0000 
  0x000001fff5933a30: 00eb 5149 | 8b82 9600 | 0000 490b | 828e 0000 | 0075 0a49 | c742 3e00 | 0000 00eb | 4749 81ba 
  0x000001fff5933a50: 9e00 0000 | 0000 0000 | 7425 4833 | c049 c742 | 3e00 0000 | 00f0 8304 | 2400 4981 | ba9e 0000 
  0x000001fff5933a70: 0000 0000 | 0075 0df0 | 4d0f b17a | 3e75 0583 | c801 eb10 | f7c0 0000 | 0000 eb08 | 4c8b 10f0 
  0x000001fff5933a90: 4d0f b113 | 0f84 88b3 | ffff 498b | cb48 8d94 | 24f8 0000 | 004d 8bc7 | c5f8 7749 | ba80 db55 
  0x000001fff5933ab0: f6fd 7f00 | 0041 ffd2 | e965 b3ff | ffba 45ff | ffff 4c8b | 5424 384c | 8954 2420 | 4c8b 5424 
  0x000001fff5933ad0: 404c 8954 | 2428 4c89 | 6c24 3890 

  0x000001fff5933adc: ;   {runtime_call UncommonTrapBlob}
  0x000001fff5933adc: c5f8 77e8 

  0x000001fff5933ae0: ; ImmutableOopMap {rbp=NarrowOop [32]=Oop [40]=Oop [56]=Oop [144]=NarrowOop }
                      ;*ifeq {reexecute=1 rethrow=0 return_oop=0}
                      ; - (reexecute) jdk.internal.loader.Resource::getByteBuffer@9 (line 164)
                      ; - java.net.URLClassLoader::defineClass@132 (line 511)
  0x000001fff5933ae0: 1c2e d8fe | ba76 ffff | ff48 8b6c | 2438 4c8b | 5424 404c | 8954 2420 | 4c8b 5424 | 304c 8954 
  0x000001fff5933b00: 2428 4489 | 4424 3089 | 4424 3848 | 895c 2440 

  0x000001fff5933b10: ;   {runtime_call UncommonTrapBlob}
  0x000001fff5933b10: c5f8 77e8 

  0x000001fff5933b14: ; ImmutableOopMap {rbp=Oop [32]=Oop [48]=NarrowOop [64]=Oop }
                      ;*iflt {reexecute=1 rethrow=0 return_oop=0}
                      ; - (reexecute) java.lang.StringLatin1::lastIndexOf@19 (line 294)
                      ; - java.lang.String::lastIndexOf@13 (line 2489)
                      ; - java.lang.String::lastIndexOf@8 (line 2451)
                      ; - java.net.URLClassLoader::defineClass@7 (line 486)
  0x000001fff5933b14: e82d d8fe | 4c63 cbe9 | dcc4 ffff | 4983 c1fe | 498b c948 | 8bfa 4833 | c048 83f9 | 087f 1048 
  0x000001fff5933b34: ffc9 784f | 4889 04cf | 48ff c97d | f7eb 44c5 | fdef c0e9 | 0d00 0000 | c5fe 7f07 | c5fe 7f47 
  0x000001fff5933b54: 2048 83c7 | 4048 83e9 | 087d ed48 | 83c1 047c | 0cc5 fe7f | 0748 83c7 | 2048 83e9 | 0448 83c1 
  0x000001fff5933b74: 047e 1048 | ffc9 c5f9 | d607 4883 | c708 48ff | c97d f3e9 | 3dc5 ffff | 8b4c 247c | baf6 ffff 
  0x000001fff5933b94: ff48 8b6c | 2438 4c8b | 5424 404c | 8954 2420 | 4c8b 5424 | 304c 8954 | 2428 894c | 2440 6690 
  0x000001fff5933bb4: ;   {runtime_call UncommonTrapBlob}
  0x000001fff5933bb4: c5f8 77e8 

  0x000001fff5933bb8: ; ImmutableOopMap {rbp=Oop [32]=Oop [72]=Oop [96]=Oop }
                      ;*invokestatic arraycopy {reexecute=0 rethrow=0 return_oop=0}
                      ; - java.lang.String::getBytes@27 (line 4479)
                      ; - java.lang.AbstractStringBuilder::putStringAt@30 (line 1720)
                      ; - java.lang.AbstractStringBuilder::putStringAt@8 (line 1724)
                      ; - java.lang.AbstractStringBuilder::append@30 (line 583)
                      ; - java.lang.StringBuilder::append@2 (line 179)
                      ; - sun.net.util.URLUtil::urlNoFragString@31 (line 55)
                      ; - java.security.CodeSource::<init>@30 (line 123)
                      ; - java.net.URLClassLoader::defineClass@198 (line 522)
  0x000001fff5933bb8: 442d d8fe | baf6 ffff | ff48 8b6c | 2438 4c8b | 5424 304c | 8954 2428 

  0x000001fff5933bd0: ;   {runtime_call UncommonTrapBlob}
  0x000001fff5933bd0: c5f8 77e8 

  0x000001fff5933bd4: ; ImmutableOopMap {rbp=Oop [64]=Oop [72]=Oop [96]=Oop }
                      ;*arraylength {reexecute=0 rethrow=0 return_oop=0}
                      ; - java.lang.AbstractStringBuilder::ensureCapacityInternal@4 (line 226)
                      ; - java.lang.AbstractStringBuilder::append@21 (line 582)
                      ; - java.lang.StringBuilder::append@2 (line 179)
                      ; - sun.net.util.URLUtil::urlNoFragString@31 (line 55)
                      ; - java.security.CodeSource::<init>@30 (line 123)
                      ; - java.net.URLClassLoader::defineClass@198 (line 522)
  0x000001fff5933bd4: 282d d8fe | baf6 ffff | ff66 6690 

  0x000001fff5933be0: ;   {runtime_call UncommonTrapBlob}
  0x000001fff5933be0: c5f8 77e8 

  0x000001fff5933be4: ; ImmutableOopMap {rbp=NarrowOop }
                      ;*invokevirtual toExternalForm {reexecute=0 rethrow=0 return_oop=0}
                      ; - java.net.URL::toExternalForm@5 (line 1039)
                      ; - java.net.URL::toString@1 (line 1025)
                      ; - java.lang.ClassLoader::defineClassSourceLocation@22 (line 917)
                      ; - java.lang.ClassLoader::defineClass@12 (line 1016)
                      ; - java.security.SecureClassLoader::defineClass@12 (line 150)
                      ; - java.net.URLClassLoader::defineClass@220 (line 524)
  0x000001fff5933be4: 182d d8fe | bade ffff | ff48 8b6c | 2438 4c8b | 5424 404c | 8954 2420 | 4c8b 5424 | 304c 8954 
  0x000001fff5933c04: 2428 8944 | 2430 4889 | 5c24 4090 

  0x000001fff5933c10: ;   {runtime_call UncommonTrapBlob}
  0x000001fff5933c10: c5f8 77e8 

  0x000001fff5933c14: ; ImmutableOopMap {rbp=Oop [32]=Oop [64]=Oop }
                      ;*invokevirtual getCodeSourceURL {reexecute=0 rethrow=0 return_oop=0}
                      ; - java.net.URLClassLoader::defineClass@13 (line 487)
  0x000001fff5933c14: e82c d8fe | 4c89 6c24 | 584c 8954 | 2448 4889 | 7424 2048 | 8b6c 2440 | 498b d54c | 8d84 24f0 
  0x000001fff5933c34: 0000 0090 

  0x000001fff5933c38: ;   {runtime_call _complete_monitor_locking_Java}
  0x000001fff5933c38: c5f8 77e8 

  0x000001fff5933c3c: ; ImmutableOopMap {rbp=Oop [32]=Oop [56]=Oop [72]=Oop [88]=Oop [144]=NarrowOop }
                      ;*synchronization entry
                      ; - jdk.internal.loader.Resource::cachedInputStream@-1 (line 76)
                      ; - jdk.internal.loader.Resource::getByteBuffer@1 (line 163)
                      ; - java.net.URLClassLoader::defineClass@132 (line 511)
  0x000001fff5933c3c: 4080 e2fe | 4889 6c24 | 4048 8b74 | 2420 4c8b | 5424 484c | 8b6c 2458 | e934 b0ff | ff49 8bda 
  0x000001fff5933c5c: 498b cd48 | 8d94 24f0 | 0000 004d | 8bc7 c5f8 | 7749 ba80 | db55 f6fd | 7f00 0041 | ffd2 4c8b 
  0x000001fff5933c7c: d3e9 9fb2 | ffff ba66 | ffff ff48 | 8b6c 2438 | 4c8b 5424 | 404c 8954 | 2420 4c8b | 5424 304c 
  0x000001fff5933c9c: 8954 2428 | 4c89 6c24 | 4066 6690 

  0x000001fff5933ca8: ;   {runtime_call UncommonTrapBlob}
  0x000001fff5933ca8: c5f8 77e8 

  0x000001fff5933cac: ; ImmutableOopMap {rbp=Oop [32]=Oop [64]=Oop [144]=NarrowOop }
                      ;*invokevirtual getBytes {reexecute=0 rethrow=0 return_oop=0}
                      ; - java.net.URLClassLoader::defineClass@179 (line 519)
  0x000001fff5933cac: 502c d8fe | bacc ffff | ff4c 8b54 | 2438 4c89 | 5424 204c | 8b54 2440 | 4c89 5424 | 284c 8b54 
  0x000001fff5933ccc: 2448 4c89 | 5424 384c | 8b54 2460 | 4c89 5424 | 404c 8b54 | 2458 4c89 | 5424 504c | 8944 2468 
  0x000001fff5933cec: 4c89 4424 | 7089 4c24 | 7c66 6690 

  0x000001fff5933cf8: ;   {runtime_call UncommonTrapBlob}
  0x000001fff5933cf8: c5f8 77e8 

  0x000001fff5933cfc: ; ImmutableOopMap {rbp=NarrowOop [32]=Oop [40]=Oop [56]=Oop [64]=Oop [80]=Oop [104]=Oop [112]=Oop [144]=NarrowOop }
                      ;*invokestatic arraycopy {reexecute=0 rethrow=0 return_oop=0}
                      ; - java.lang.String::getBytes@27 (line 4479)
                      ; - java.lang.AbstractStringBuilder::putStringAt@30 (line 1720)
                      ; - java.lang.AbstractStringBuilder::putStringAt@8 (line 1724)
                      ; - java.lang.AbstractStringBuilder::append@30 (line 583)
                      ; - java.lang.StringBuilder::append@2 (line 179)
                      ; - sun.net.util.URLUtil::urlNoFragString@31 (line 55)
                      ; - java.security.CodeSource::<init>@30 (line 123)
                      ; - java.net.URLClassLoader::defineClass@198 (line 522)
  0x000001fff5933cfc: 002c d8fe | 4c89 4c24 | 2048 8b6c 

  0x000001fff5933d08: ;   {oop(a 'jdk/internal/perf/PerfCounter'{0x00000000a090d238})}
  0x000001fff5933d08: 2460 48ba | 38d2 90a0 | 0000 0000 | 4c8d 8424 | f000 0000 

  0x000001fff5933d1c: ;   {runtime_call _complete_monitor_locking_Java}
  0x000001fff5933d1c: c5f8 77e8 

  0x000001fff5933d20: ; ImmutableOopMap {rbp=Oop [56]=Oop [64]=Oop [72]=Oop [96]=Oop }
                      ;*synchronization entry
                      ; - jdk.internal.perf.PerfCounter::add@-1 (line 98)
                      ; - jdk.internal.perf.PerfCounter::addElapsedTimeFrom@6 (line 120)
                      ; - java.net.URLClassLoader::defineClass@207 (line 523)
  0x000001fff5933d20: 5c7f e2fe | 4c8b 4c24 | 20e9 aec4 

  0x000001fff5933d2c: ;   {oop(a 'jdk/internal/perf/PerfCounter'{0x00000000a090d238})}
  0x000001fff5933d2c: ffff 48b9 | 38d2 90a0 | 0000 0000 | 488d 9424 | f000 0000 | 4d8b c7c5 | f877 49ba | 80db 55f6 
  0x000001fff5933d4c: fd7f 0000 | 41ff d2e9 | 59c5 ffff | bade ffff | ff4c 8954 | 2420 4c8b | 5424 404c | 8954 2428 
  0x000001fff5933d6c: 4c8b 5424 | 484c 8954 | 2430 4c89 | 4424 404c | 894c 2448 

  0x000001fff5933d80: ;   {runtime_call UncommonTrapBlob}
  0x000001fff5933d80: c5f8 77e8 

  0x000001fff5933d84: ; ImmutableOopMap {rbp=NarrowOop [32]=Oop [40]=Oop [48]=Oop [64]=Oop [72]=Oop }
                      ;*invokeinterface computeIfAbsent {reexecute=0 rethrow=0 return_oop=0}
                      ; - java.security.SecureClassLoader::getProtectionDomain@29 (line 222)
                      ; - java.security.SecureClassLoader::defineClass@9 (line 150)
                      ; - java.net.URLClassLoader::defineClass@220 (line 524)
  0x000001fff5933d84: 782b d8fe | ba45 ffff | ff48 8b6c | 2438 4c8b | 5424 484c | 8954 2428 

  0x000001fff5933d9c: ;   {runtime_call UncommonTrapBlob}
  0x000001fff5933d9c: c5f8 77e8 

  0x000001fff5933da0: ; ImmutableOopMap {rbp=Oop [40]=Oop [64]=Oop [88]=Oop }
                      ;*ifeq {reexecute=1 rethrow=0 return_oop=0}
                      ; - (reexecute) java.lang.ClassLoader::checkName@8 (line 1145)
                      ; - java.lang.ClassLoader::preDefineClass@1 (line 890)
                      ; - java.lang.ClassLoader::defineClass@4 (line 1015)
                      ; - java.security.SecureClassLoader::defineClass@12 (line 150)
                      ; - java.net.URLClassLoader::defineClass@220 (line 524)
  0x000001fff5933da0: 5c2b d8fe | bacc ffff | ff48 8b6c | 2438 4c8b | 5424 404c | 8954 2420 | 4c8b 5424 | 304c 8954 
  0x000001fff5933dc0: 2428 4c8b | 5424 484c | 8954 2430 | 4c8b 5424 | 604c 8954 | 2438 4c8b | 5424 584c | 8954 2448 
  0x000001fff5933de0: 4889 7424 | 6089 5c24 | 6c66 6690 

  0x000001fff5933dec: ;   {runtime_call UncommonTrapBlob}
  0x000001fff5933dec: c5f8 77e8 

  0x000001fff5933df0: ; ImmutableOopMap {rbp=Oop [32]=Oop [48]=Oop [56]=Oop [72]=Oop [96]=Oop [124]=NarrowOop }
                      ;*newarray {reexecute=1 rethrow=0 return_oop=0}
                      ; - (reexecute) java.util.Arrays::copyOfRange@41 (line 3822)
                      ; - java.lang.StringLatin1::newString@16 (line 769)
                      ; - java.lang.StringBuilder::toString@16 (line 453)
                      ; - sun.net.util.URLUtil::urlNoFragString@110 (line 80)
                      ; - java.security.CodeSource::<init>@30 (line 123)
                      ; - java.net.URLClassLoader::defineClass@198 (line 522)
  0x000001fff5933df0: 0c2b d8fe | bacc ffff | ff48 8b6c | 2438 4c8b | 5c24 404c | 895c 2420 | 4c8b 5c24 | 304c 895c 
  0x000001fff5933e10: 2428 4c8b | 5c24 484c | 895c 2430 | 4c8b 5c24 | 604c 895c | 2438 4c8b | 5c24 584c | 895c 2448 
  0x000001fff5933e30: 4489 4c24 | 7889 9c24 | 8000 0000 | 4489 9424 | 8400 0000 

  0x000001fff5933e44: ;   {runtime_call UncommonTrapBlob}
  0x000001fff5933e44: c5f8 77e8 

  0x000001fff5933e48: ; ImmutableOopMap {rbp=Oop [32]=Oop [48]=Oop [56]=Oop [72]=Oop [104]=Oop [120]=NarrowOop [136]=NarrowOop [144]=NarrowOop }
                      ;*invokestatic arraycopy {reexecute=0 rethrow=0 return_oop=0}
                      ; - java.lang.String::getBytes@27 (line 4479)
                      ; - java.lang.AbstractStringBuilder::putStringAt@30 (line 1720)
                      ; - java.lang.AbstractStringBuilder::putStringAt@8 (line 1724)
                      ; - java.lang.AbstractStringBuilder::append@30 (line 583)
                      ; - java.lang.StringBuilder::append@2 (line 179)
                      ; - sun.net.util.URLUtil::urlNoFragString@24 (line 54)
                      ; - java.security.CodeSource::<init>@30 (line 123)
                      ; - java.net.URLClassLoader::defineClass@198 (line 522)
  0x000001fff5933e48: b42a d8fe | bacc ffff | ff48 8b6c | 2438 4c8b | 5c24 404c | 895c 2420 | 4c8b 5c24 | 304c 895c 
  0x000001fff5933e68: 2428 4c8b | 5c24 484c | 895c 2430 | 4c8b 5c24 | 604c 895c | 2438 4c8b | 5c24 584c | 895c 2448 
  0x000001fff5933e88: 4c8b 5c24 | 684c 895c | 2460 4489 | 4c24 7889 | 7424 7c89 | 9c24 8000 | 0000 4489 | 9424 8400 
  0x000001fff5933ea8: 0000 6690 

  0x000001fff5933eac: ;   {runtime_call UncommonTrapBlob}
  0x000001fff5933eac: c5f8 77e8 

  0x000001fff5933eb0: ; ImmutableOopMap {rbp=Oop [32]=Oop [48]=Oop [56]=Oop [72]=Oop [96]=Oop [104]=Oop [120]=NarrowOop [124]=NarrowOop [144]=NarrowOop }
                      ;*invokestatic arraycopy {reexecute=0 rethrow=0 return_oop=0}
                      ; - java.lang.String::getBytes@27 (line 4479)
                      ; - java.lang.AbstractStringBuilder::putStringAt@30 (line 1720)
                      ; - java.lang.AbstractStringBuilder::putStringAt@8 (line 1724)
                      ; - java.lang.AbstractStringBuilder::append@30 (line 583)
                      ; - java.lang.StringBuilder::append@2 (line 179)
                      ; - sun.net.util.URLUtil::urlNoFragString@51 (line 62)
                      ; - java.security.CodeSource::<init>@30 (line 123)
                      ; - java.net.URLClassLoader::defineClass@198 (line 522)
  0x000001fff5933eb0: 4c2a d8fe | bacc ffff | ff4c 8b4c | 2438 498b | e94c 8b4c | 2440 4c89 | 4c24 204c | 8b4c 2430 
  0x000001fff5933ed0: 4c89 4c24 | 284c 8b4c | 2448 4c89 | 4c24 304c | 8b4c 2460 | 4c89 4c24 | 384c 8b4c | 2458 4c89 
  0x000001fff5933ef0: 4c24 4889 | 5c24 7044 | 8954 2474 | 897c 2478 | 4489 5c24 | 7c44 8984 | 2480 0000 | 0066 6690 
  0x000001fff5933f10: ;   {runtime_call UncommonTrapBlob}
  0x000001fff5933f10: c5f8 77e8 

  0x000001fff5933f14: ; ImmutableOopMap {rbp=Oop [32]=Oop [48]=Oop [56]=Oop [72]=Oop [104]=Oop [116]=NarrowOop [120]=NarrowOop }
                      ;*invokestatic arraycopy {reexecute=0 rethrow=0 return_oop=0}
                      ; - java.lang.String::getBytes@27 (line 4479)
                      ; - java.lang.AbstractStringBuilder::putStringAt@30 (line 1720)
                      ; - java.lang.AbstractStringBuilder::putStringAt@8 (line 1724)
                      ; - java.lang.AbstractStringBuilder::append@30 (line 583)
                      ; - java.lang.StringBuilder::append@2 (line 179)
                      ; - sun.net.util.URLUtil::urlNoFragString@105 (line 77)
                      ; - java.security.CodeSource::<init>@30 (line 123)
                      ; - java.net.URLClassLoader::defineClass@198 (line 522)
  0x000001fff5933f14: e829 d8fe | ba76 ffff | ff48 8b6c | 2438 4c8b | 5424 404c | 8954 2420 | 4c8b 5424 | 304c 8954 
  0x000001fff5933f34: 2428 4c8b | 5424 484c | 8954 2430 | 4889 5c24 | 404c 8b54 | 2458 4c89 | 5424 4848 | 895c 2450 
  0x000001fff5933f54: 4889 7c24 | 5844 8b5c | 2470 4489 | 5c24 6044 | 8b54 247c | 4489 5424 | 6866 6690 

  0x000001fff5933f70: ;   {runtime_call UncommonTrapBlob}
  0x000001fff5933f70: c5f8 77e8 

  0x000001fff5933f74: ; ImmutableOopMap {rbp=Oop [32]=Oop [48]=Oop [64]=Oop [72]=Oop [80]=Oop [88]=Oop [96]=NarrowOop [136]=NarrowOop [140]=NarrowOop [144]=NarrowOop }
                      ;*if_icmpge {reexecute=1 rethrow=0 return_oop=0}
                      ; - (reexecute) java.lang.StringLatin1::toLowerCase@21 (line 441)
                      ; - java.lang.String::toLowerCase@13 (line 3393)
                      ; - java.lang.String::toLowerCase@4 (line 3417)
                      ; - sun.net.util.URLUtil::urlNoFragString@18 (line 53)
                      ; - java.security.CodeSource::<init>@30 (line 123)
                      ; - java.net.URLClassLoader::defineClass@198 (line 522)
  0x000001fff5933f74: 8829 d8fe | ba76 ffff | ff48 8b6c | 2438 4c8b | 5424 404c | 8954 2420 | 4c8b 5424 | 304c 8954 
  0x000001fff5933f94: 2428 4c8b | 5424 484c | 8954 2430 | 4c8b 5424 | 604c 8954 | 2438 4c8b | 5424 584c | 8954 2448 
  0x000001fff5933fb4: 4c89 4424 | 5844 8b5c | 2470 4489 | 5c24 6044 | 8b54 247c | 4489 5424 | 6866 6690 

  0x000001fff5933fd0: ;   {runtime_call UncommonTrapBlob}
  0x000001fff5933fd0: c5f8 77e8 

  0x000001fff5933fd4: ; ImmutableOopMap {rbp=Oop [32]=Oop [48]=Oop [56]=Oop [72]=Oop [88]=Oop [96]=NarrowOop [136]=NarrowOop [140]=NarrowOop [144]=NarrowOop }
                      ;*if_icmpge {reexecute=1 rethrow=0 return_oop=0}
                      ; - (reexecute) java.lang.StringLatin1::toLowerCase@21 (line 441)
                      ; - java.lang.String::toLowerCase@13 (line 3393)
                      ; - java.lang.String::toLowerCase@4 (line 3417)
                      ; - sun.net.util.URLUtil::urlNoFragString@45 (line 61)
                      ; - java.security.CodeSource::<init>@30 (line 123)
                      ; - java.net.URLClassLoader::defineClass@198 (line 522)
  0x000001fff5933fd4: 2829 d8fe | bade ffff | ff48 8b6c | 2438 4c8b | 5424 404c | 8954 2420 | 4c8b 5424 | 304c 8954 
  0x000001fff5933ff4: 2428 4889 | 7424 4844 | 8944 243c | 4489 5c24 | 5066 6690 

  0x000001fff5934008: ;   {runtime_call UncommonTrapBlob}
  0x000001fff5934008: c5f8 77e8 

  0x000001fff593400c: ; ImmutableOopMap {rbp=Oop [32]=Oop [60]=NarrowOop [72]=Oop [80]=NarrowOop [120]=Oop [144]=NarrowOop }
                      ;*invokeinterface ensureInitialization {reexecute=0 rethrow=0 return_oop=0}
                      ; - jdk.internal.loader.URLClassPath$JarLoader$2::getManifest@10 (line 883)
                      ; - java.net.URLClassLoader::defineClass@34 (line 491)
  0x000001fff593400c: f028 d8fe | 4c89 4424 | 5844 895c | 244c 4c89 | 5424 5048 | 8974 2428 | 4c8b 5424 | 404c 8954 
  0x000001fff593402c: 2420 498b | d04c 8d84 | 24f0 0000 | 0066 6690 

  0x000001fff593403c: ;   {runtime_call _complete_monitor_locking_Java}
  0x000001fff593403c: c5f8 77e8 

  0x000001fff5934040: ; ImmutableOopMap {[32]=Oop [40]=Oop [56]=Oop [76]=NarrowOop [80]=Oop [88]=Oop [120]=Oop [144]=NarrowOop }
                      ;*synchronization entry
                      ; - java.util.jar.JarFile::ensureInitialization@-1 (line 1028)
                      ; - java.util.jar.JavaUtilJarAccessImpl::ensureInitialization@1 (line 72)
                      ; - jdk.internal.loader.URLClassPath$JarLoader$2::getManifest@10 (line 883)
                      ; - java.net.URLClassLoader::defineClass@34 (line 491)
  0x000001fff5934040: 3c7c e2fe | 4c8b 5424 | 204c 8954 | 2440 488b | 7424 284c | 8b54 2450 | 448b 5c24 | 4c4c 8b44 
  0x000001fff5934060: 2458 e98a | aaff ff49 | 8bea 498b | c848 8d94 | 24f0 0000 | 004d 8bc7 | c5f8 7749 | ba80 db55 
  0x000001fff5934080: f6fd 7f00 | 0041 ffd2 | 4c8b d5e9 | 1dab ffff | bade ffff | ff4c 8b54 | 2438 4c89 | 5424 204c 
  0x000001fff59340a0: 8b54 2440 | 4c89 5424 | 2848 8974 | 2438 6690 

  0x000001fff59340b0: ;   {runtime_call UncommonTrapBlob}
  0x000001fff59340b0: c5f8 77e8 

  0x000001fff59340b4: ; ImmutableOopMap {rbp=NarrowOop [32]=Oop [40]=Oop [56]=Oop [120]=Oop [144]=NarrowOop }
                      ;*invokevirtual getManifest {reexecute=0 rethrow=0 return_oop=0}
                      ; - jdk.internal.loader.URLClassPath$JarLoader$2::getManifest@22 (line 884)
                      ; - java.net.URLClassLoader::defineClass@34 (line 491)
  0x000001fff59340b4: 4828 d8fe | 4c8b d949 | 83c3 fe49 | 8bcb 498b | fa48 33c0 | 4883 f908 | 7f10 48ff | c978 4f48 
  0x000001fff59340d4: 8904 cf48 | ffc9 7df7 | eb44 c5fd | efc0 e90d | 0000 00c5 | fe7f 07c5 | fe7f 4720 | 4883 c740 
  0x000001fff59340f4: 4883 e908 | 7ded 4883 | c104 7c0c | c5fe 7f07 | 4883 c720 | 4883 e904 | 4883 c104 | 7e10 48ff 
  0x000001fff5934114: c9c5 f9d6 | 0748 83c7 | 0848 ffc9 | 7df3 e9c2 | b2ff ff4c | 8bd9 4983 | c3fe 498b | cb49 8bfa 
  0x000001fff5934134: 4833 c048 | 83f9 087f | 1048 ffc9 | 784f 4889 | 04cf 48ff | c97d f7eb | 44c5 fdef | c0e9 0d00 
  0x000001fff5934154: 0000 c5fe | 7f07 c5fe | 7f47 2048 | 83c7 4048 | 83e9 087d | ed48 83c1 | 047c 0cc5 | fe7f 0748 
  0x000001fff5934174: 83c7 2048 | 83e9 0448 | 83c1 047e | 1048 ffc9 | c5f9 d607 | 4883 c708 | 48ff c97d | f3e9 91b9 
  0x000001fff5934194: ffff ba76 | ffff ff48 | 8b6c 2438 | 4c8b 5424 | 404c 8954 | 2420 4c8b | 5424 304c | 8954 2428 
  0x000001fff59341b4: 4c8b 5424 | 484c 8954 | 2430 4c8b | 5424 604c | 8954 2438 | 4c8b 5424 | 584c 8954 | 2448 4c8b 
  0x000001fff59341d4: 5424 684c | 8954 2458 | 448b 5c24 | 7044 895c | 2460 448b | 9424 8800 | 0000 4489 | 9424 8400 
  0x000001fff59341f4: 0000 6690 

  0x000001fff59341f8: ;   {runtime_call UncommonTrapBlob}
  0x000001fff59341f8: c5f8 77e8 

  0x000001fff59341fc: ; ImmutableOopMap {rbp=Oop [32]=Oop [48]=Oop [56]=Oop [72]=Oop [88]=Oop [96]=NarrowOop [132]=NarrowOop [140]=NarrowOop [144]=NarrowOop [168]=Oop }
                      ;*if_icmpge {reexecute=1 rethrow=0 return_oop=0}
                      ; - (reexecute) java.lang.StringLatin1::toLowerCase@121 (line 456)
                      ; - java.lang.String::toLowerCase@13 (line 3393)
                      ; - java.lang.String::toLowerCase@4 (line 3417)
                      ; - sun.net.util.URLUtil::urlNoFragString@18 (line 53)
                      ; - java.security.CodeSource::<init>@30 (line 123)
                      ; - java.net.URLClassLoader::defineClass@198 (line 522)
  0x000001fff59341fc: 0027 d8fe | ba76 ffff | ff48 8b6c | 2438 4c8b | 5424 404c | 8954 2420 | 4c8b 5424 | 304c 8954 
  0x000001fff593421c: 2428 4c8b | 5424 484c | 8954 2430 | 4c8b 5424 | 604c 8954 | 2438 4c8b | 5424 584c | 8954 2448 
  0x000001fff593423c: 4c8b 5424 | 684c 8954 | 2458 448b | 5c24 7044 | 895c 2460 | 4889 7424 | 7044 8b9c | 2488 0000 
  0x000001fff593425c: 0044 899c | 2480 0000 | 0066 6690 

  0x000001fff5934268: ;   {runtime_call UncommonTrapBlob}
  0x000001fff5934268: c5f8 77e8 

  0x000001fff593426c: ; ImmutableOopMap {rbp=Oop [32]=Oop [48]=Oop [56]=Oop [72]=Oop [88]=Oop [96]=NarrowOop [112]=Oop [128]=NarrowOop [140]=NarrowOop [144]=NarrowOop }
                      ;*if_icmpge {reexecute=1 rethrow=0 return_oop=0}
                      ; - (reexecute) java.lang.StringLatin1::toLowerCase@121 (line 456)
                      ; - java.lang.String::toLowerCase@13 (line 3393)
                      ; - java.lang.String::toLowerCase@4 (line 3417)
                      ; - sun.net.util.URLUtil::urlNoFragString@45 (line 61)
                      ; - java.security.CodeSource::<init>@30 (line 123)
                      ; - java.net.URLClassLoader::defineClass@198 (line 522)
  0x000001fff593426c: 9026 d8fe | bacc ffff | ff48 8b6c | 2438 4c8b | 5424 404c | 8954 2420 | 4c8b 5424 | 304c 8954 
  0x000001fff593428c: 2428 4c8b | 5424 484c | 8954 2430 | 4c8b 5424 | 604c 8954 | 2438 4c8b | 5424 584c | 8954 2448 
  0x000001fff59342ac: 4c8b 5424 | 684c 8954 | 2458 448b | 5c24 7044 | 895c 2460 | 448b 5c24 | 7c44 895c | 246c 6690 
  0x000001fff59342cc: ;   {runtime_call UncommonTrapBlob}
  0x000001fff59342cc: c5f8 77e8 

  0x000001fff59342d0: ; ImmutableOopMap {rbp=Oop [32]=Oop [48]=Oop [56]=Oop [72]=Oop [88]=Oop [96]=NarrowOop [136]=NarrowOop [140]=NarrowOop [144]=NarrowOop }
                      ;*newarray {reexecute=1 rethrow=0 return_oop=0}
                      ; - (reexecute) java.lang.StringLatin1::toLowerCase@101 (line 453)
                      ; - java.lang.String::toLowerCase@13 (line 3393)
                      ; - java.lang.String::toLowerCase@4 (line 3417)
                      ; - sun.net.util.URLUtil::urlNoFragString@18 (line 53)
                      ; - java.security.CodeSource::<init>@30 (line 123)
                      ; - java.net.URLClassLoader::defineClass@198 (line 522)
  0x000001fff59342d0: 2c26 d8fe | bacc ffff | ff48 8b6c | 2438 4c8b | 5424 404c | 8954 2420 | 4c8b 5424 | 304c 8954 
  0x000001fff59342f0: 2428 4c8b | 5424 484c | 8954 2430 | 4c8b 5424 | 604c 8954 | 2438 4c8b | 5424 584c | 8954 2448 
  0x000001fff5934310: 4c8b 5424 | 684c 8954 | 2458 448b | 5c24 7044 | 895c 2460 | 448b 5c24 | 7c44 895c | 246c 6690 
  0x000001fff5934330: ;   {runtime_call UncommonTrapBlob}
  0x000001fff5934330: c5f8 77e8 

  0x000001fff5934334: ; ImmutableOopMap {rbp=Oop [32]=Oop [48]=Oop [56]=Oop [72]=Oop [88]=Oop [96]=NarrowOop [136]=NarrowOop [140]=NarrowOop [144]=NarrowOop }
                      ;*newarray {reexecute=1 rethrow=0 return_oop=0}
                      ; - (reexecute) java.lang.StringLatin1::toLowerCase@101 (line 453)
                      ; - java.lang.String::toLowerCase@13 (line 3393)
                      ; - java.lang.String::toLowerCase@4 (line 3417)
                      ; - sun.net.util.URLUtil::urlNoFragString@45 (line 61)
                      ; - java.security.CodeSource::<init>@30 (line 123)
                      ; - java.net.URLClassLoader::defineClass@198 (line 522)
  0x000001fff5934334: c825 d8fe | 4c63 d8e9 | 0da6 ffff | 4983 c3fe | 498b cb48 | 8bfa 4833 | c048 83f9 | 087f 1048 
  0x000001fff5934354: ffc9 784f | 4889 04cf | 48ff c97d | f7eb 44c5 | fdef c0e9 | 0d00 0000 | c5fe 7f07 | c5fe 7f47 
  0x000001fff5934374: 2048 83c7 | 4048 83e9 | 087d ed48 | 83c1 047c | 0cc5 fe7f | 0748 83c7 | 2048 83e9 | 0448 83c1 
  0x000001fff5934394: 047e 1048 | ffc9 c5f9 | d607 4883 | c708 48ff | c97d f3e9 | 66a6 ffff | bacc ffff | ff48 8b6c 
  0x000001fff59343b4: 2438 4c8b | 5424 404c | 8954 2420 | 4c8b 5424 | 304c 8954 | 2428 4489 | 4424 3089 | 4424 3848 
  0x000001fff59343d4: 8974 2440 | 4c89 6c24 | 5066 6690 

  0x000001fff59343e0: ;   {runtime_call UncommonTrapBlob}
  0x000001fff59343e0: c5f8 77e8 

  0x000001fff59343e4: ; ImmutableOopMap {rbp=Oop [32]=Oop [48]=NarrowOop [64]=Oop [80]=Oop [144]=NarrowOop }
                      ;*newarray {reexecute=1 rethrow=0 return_oop=0}
                      ; - (reexecute) java.util.Arrays::copyOfRange@41 (line 3822)
                      ; - java.lang.StringLatin1::newString@16 (line 769)
                      ; - java.lang.String::substring@41 (line 2714)
                      ; - java.net.URLClassLoader::defineClass@28 (line 489)
  0x000001fff59343e4: 1825 d8fe | ba66 ffff | ff48 8b6c | 2438 4c8b | 5424 404c | 8954 2420 | 4c8b 5424 | 304c 8954 
  0x000001fff5934404: 2428 4c89 | 6c24 404c | 896c 2448 

  0x000001fff5934410: ;   {runtime_call UncommonTrapBlob}
  0x000001fff5934410: c5f8 77e8 

  0x000001fff5934414: ; ImmutableOopMap {rbp=Oop [32]=Oop [64]=Oop [72]=Oop [144]=NarrowOop }
                      ;*invokevirtual getInputStream {reexecute=0 rethrow=0 return_oop=0}
                      ; - jdk.internal.loader.Resource::cachedInputStream@9 (line 77)
                      ; - jdk.internal.loader.Resource::getByteBuffer@1 (line 163)
                      ; - java.net.URLClassLoader::defineClass@132 (line 511)
  0x000001fff5934414: e824 d8fe | 4889 7c24 | 7844 895c | 2474 4489 | 4c24 704c | 8944 2468 | 4489 7424 | 4c4c 896c 
  0x000001fff5934434: 2460 4c8b | 5424 504c | 8954 2458 | 4c8b 5424 | 284c 8954 | 2450 448b | 9c24 9000 | 0000 4489 
  0x000001fff5934454: 5c24 4848 | 8974 2428 | 4c8b 5424 | 404c 8954 | 2420 488b | d74c 8d84 | 24f8 0000 | 0066 6690 
  0x000001fff5934474: ;   {runtime_call _complete_monitor_locking_Java}
  0x000001fff5934474: c5f8 77e8 

  0x000001fff5934478: ; ImmutableOopMap {[32]=Oop [40]=Oop [56]=Oop [72]=NarrowOop [80]=Oop [96]=Oop [104]=Oop [112]=NarrowOop [116]=NarrowOop [120]=Oop }
                      ;*synchronization entry
                      ; - java.util.jar.JarFile::getInputStream@-1 (line 842)
                      ; - jdk.internal.loader.URLClassPath$JarLoader$2::getInputStream@11 (line 879)
                      ; - jdk.internal.loader.Resource::cachedInputStream@9 (line 77)
                      ; - jdk.internal.loader.Resource::getByteBuffer@1 (line 163)
                      ; - java.net.URLClassLoader::defineClass@132 (line 511)
  0x000001fff5934478: 0478 e2fe | 4c8b 5424 | 204c 8954 | 2440 488b | 7424 2844 | 8b54 2448 | 4489 9424 | 9000 0000 
  0x000001fff5934498: 4c8b 5424 | 504c 8954 | 2428 4c8b | 5424 584c | 8954 2450 | 4c8b 6c24 | 6044 8b74 | 244c 4c8b 
  0x000001fff59344b8: 4424 6844 | 8b4c 2470 | 448b 5c24 | 7448 8b7c | 2478 e95e | a8ff ff49 | 8bcb 488d | 9424 f800 
  0x000001fff59344d8: 0000 4d8b | c7c5 f877 | 49ba 80db | 55f6 fd7f | 0000 41ff | d2e9 30a9 | ffff 85c9 | 400f 95c5 
  0x000001fff59344f8: 400f b6ed | 83f5 01ba | 45ff ffff | 4c8b 5c24 | 384c 895c | 2420 4c8b | 5c24 404c | 895c 2438 
  0x000001fff5934518: 4889 5c24 | 4044 8954 | 2448 6690 

  0x000001fff5934524: ;   {runtime_call UncommonTrapBlob}
  0x000001fff5934524: c5f8 77e8 

  0x000001fff5934528: ; ImmutableOopMap {[32]=Oop [56]=Oop [64]=Oop }
                      ;*ifeq {reexecute=1 rethrow=0 return_oop=0}
                      ; - (reexecute) java.lang.String::lastIndexOf@4 (line 2489)
                      ; - java.lang.String::lastIndexOf@8 (line 2451)
                      ; - java.net.URLClassLoader::defineClass@7 (line 486)
  0x000001fff5934528: d423 d8fe | 4585 c040 | 0f95 c540 | 0fb6 ed83 | f501 ba45 | ffff ff4c | 8b54 2438 | 4c89 5424 
  0x000001fff5934548: 204c 8b54 | 2440 4c89 | 5424 284c | 8b54 2448 | 4c89 5424 | 3848 895c | 2448 4c8b | 5424 584c 
  0x000001fff5934568: 8954 2450 | 4889 5c24 | 5848 897c | 2460 4489 | 5c24 6c44 | 894c 2470 

  0x000001fff5934580: ;   {runtime_call UncommonTrapBlob}
  0x000001fff5934580: c5f8 77e8 

  0x000001fff5934584: ; ImmutableOopMap {[32]=Oop [40]=Oop [56]=Oop [72]=Oop [80]=Oop [88]=Oop [96]=Oop [108]=NarrowOop [112]=NarrowOop [144]=NarrowOop }
                      ;*ifeq {reexecute=1 rethrow=0 return_oop=0}
                      ; - (reexecute) java.lang.String::toLowerCase@4 (line 3393)
                      ; - java.lang.String::toLowerCase@4 (line 3417)
                      ; - sun.net.util.URLUtil::urlNoFragString@18 (line 53)
                      ; - java.security.CodeSource::<init>@30 (line 123)
                      ; - java.net.URLClassLoader::defineClass@198 (line 522)
  0x000001fff5934584: 7823 d8fe | 4585 c940 | 0f95 c540 | 0fb6 ed83 | f501 ba45 | ffff ff4c | 8b54 2438 | 4c89 5424 
  0x000001fff59345a4: 204c 8b54 | 2440 4c89 | 5424 284c | 8b54 2448 | 4c89 5424 | 384c 8b54 | 2460 4c89 | 5424 404c 
  0x000001fff59345c4: 8b54 2458 | 4c89 5424 | 504c 8944 | 2460 4489 | 5c24 6c89 | 5c24 7090 

  0x000001fff59345dc: ;   {runtime_call UncommonTrapBlob}
  0x000001fff59345dc: c5f8 77e8 

  0x000001fff59345e0: ; ImmutableOopMap {[32]=Oop [40]=Oop [56]=Oop [64]=Oop [80]=Oop [96]=Oop [108]=NarrowOop [112]=NarrowOop [144]=NarrowOop }
                      ;*ifeq {reexecute=1 rethrow=0 return_oop=0}
                      ; - (reexecute) java.lang.String::toLowerCase@4 (line 3393)
                      ; - java.lang.String::toLowerCase@4 (line 3417)
                      ; - sun.net.util.URLUtil::urlNoFragString@45 (line 61)
                      ; - java.security.CodeSource::<init>@30 (line 123)
                      ; - java.net.URLClassLoader::defineClass@198 (line 522)
  0x000001fff59345e0: 1c23 d8fe | ba45 ffff | ff4c 8b5c | 2438 4c89 | 5c24 204c | 8b5c 2440 | 4c89 5c24 | 284c 8b5c 
  0x000001fff5934600: 2448 4c89 | 5c24 384c | 8b5c 2460 | 4c89 5c24 | 404c 8b5c | 2458 4c89 | 5c24 504c | 8b5c 2468 
  0x000001fff5934620: 4c89 5c24 | 6066 6690 

  0x000001fff5934628: ;   {runtime_call UncommonTrapBlob}
  0x000001fff5934628: c5f8 77e8 

  0x000001fff593462c: ; ImmutableOopMap {[32]=Oop [40]=Oop [56]=Oop [64]=Oop [80]=Oop [96]=Oop [144]=NarrowOop }
                      ;*if_icmpne {reexecute=1 rethrow=0 return_oop=0}
                      ; - (reexecute) sun.net.util.URLUtil::urlNoFragString@64 (line 65)
                      ; - java.security.CodeSource::<init>@30 (line 123)
                      ; - java.net.URLClassLoader::defineClass@198 (line 522)
  0x000001fff593462c: d022 d8fe | 85c0 400f | 95c5 400f | b6ed 83f5 | 01ba 45ff | ffff 4c8b | 5424 384c | 8954 2420 
  0x000001fff593464c: 4c8b 5424 | 404c 8954 | 2428 4c8b | 5424 484c | 8954 2438 | 4c8b 5424 | 604c 8954 | 2440 4c8b 
  0x000001fff593466c: 5424 584c | 8954 2450 

  0x000001fff5934674: ;   {runtime_call UncommonTrapBlob}
  0x000001fff5934674: c5f8 77e8 

  0x000001fff5934678: ; ImmutableOopMap {[32]=Oop [40]=Oop [56]=Oop [64]=Oop [80]=Oop [104]=Oop }
                      ;*ifeq {reexecute=1 rethrow=0 return_oop=0}
                      ; - (reexecute) java.lang.StringBuilder::toString@4 (line 453)
                      ; - sun.net.util.URLUtil::urlNoFragString@110 (line 80)
                      ; - java.security.CodeSource::<init>@30 (line 123)
                      ; - java.net.URLClassLoader::defineClass@198 (line 522)
  0x000001fff5934678: 8422 d8fe | 498b d7c5 | f877 49ba | 7093 14f6 | fd7f 0000 | 41ff d2e9 | 74ba ffff | 85f6 400f 
  0x000001fff5934698: 95c5 400f | b6ed 83f5 | 01ba 45ff | ffff 4c8b | 5424 484c | 8954 2430 

  0x000001fff59346b0: ;   {runtime_call UncommonTrapBlob}
  0x000001fff59346b0: c5f8 77e8 

  0x000001fff59346b4: ; ImmutableOopMap {[48]=Oop [56]=Oop [64]=Oop [88]=Oop }
                      ;*ifeq {reexecute=1 rethrow=0 return_oop=0}
                      ; - (reexecute) java.lang.String::indexOf@4 (line 2423)
                      ; - java.lang.String::indexOf@3 (line 2380)
                      ; - java.lang.ClassLoader::checkName@16 (line 1147)
                      ; - java.lang.ClassLoader::preDefineClass@1 (line 890)
                      ; - java.lang.ClassLoader::defineClass@4 (line 1015)
                      ; - java.security.SecureClassLoader::defineClass@12 (line 150)
                      ; - java.net.URLClassLoader::defineClass@220 (line 524)
  0x000001fff59346b4: 4822 d8fe | ba45 ffff | ff48 8b6c | 2438 4c8b | 5424 484c | 8954 2428 | 895c 244c 

  0x000001fff59346d0: ;   {runtime_call UncommonTrapBlob}
  0x000001fff59346d0: c5f8 77e8 

  0x000001fff59346d4: ; ImmutableOopMap {rbp=Oop [40]=Oop [64]=Oop [88]=Oop }
                      ;*if_icmpne {reexecute=1 rethrow=0 return_oop=0}
                      ; - (reexecute) java.lang.ClassLoader::checkName@20 (line 1147)
                      ; - java.lang.ClassLoader::preDefineClass@1 (line 890)
                      ; - java.lang.ClassLoader::defineClass@4 (line 1015)
                      ; - java.security.SecureClassLoader::defineClass@12 (line 150)
                      ; - java.net.URLClassLoader::defineClass@220 (line 524)
  0x000001fff59346d4: 2822 d8fe | ba45 ffff | ff4c 8b54 | 2438 4c89 | 5424 204c | 8b54 2440 | 4c89 5424 | 284c 8b54 
  0x000001fff59346f4: 2448 4c89 | 5424 384c | 8b54 2460 | 4c89 5424 | 404c 8b54 | 2458 4c89 | 5424 504c | 8b54 2468 
  0x000001fff5934714: 4c89 5424 | 6044 8b5c | 2470 4489 | 5c24 6844 | 8b5c 247c | 4489 5c24 | 7044 8944 | 2478 4489 
  0x000001fff5934734: 4424 7c89 | 8c24 8000 | 0000 6690 

  0x000001fff5934740: ;   {runtime_call UncommonTrapBlob}
  0x000001fff5934740: c5f8 77e8 

  0x000001fff5934744: ; ImmutableOopMap {[32]=Oop [40]=Oop [56]=Oop [64]=Oop [80]=Oop [96]=Oop [104]=NarrowOop [136]=NarrowOop [140]=NarrowOop [144]=NarrowOop }
                      ;*if_icmpeq {reexecute=1 rethrow=0 return_oop=0}
                      ; - (reexecute) java.lang.CharacterDataLatin1::toLowerCase@21 (line 142)
                      ; - java.lang.StringLatin1::toLowerCase@40 (line 443)
                      ; - java.lang.String::toLowerCase@13 (line 3393)
                      ; - java.lang.String::toLowerCase@4 (line 3417)
                      ; - sun.net.util.URLUtil::urlNoFragString@18 (line 53)
                      ; - java.security.CodeSource::<init>@30 (line 123)
                      ; - java.net.URLClassLoader::defineClass@198 (line 522)
  0x000001fff5934744: b821 d8fe | ba45 ffff | ff4c 8b54 | 2438 4c89 | 5424 204c | 8b54 2440 | 4c89 5424 | 284c 8b54 
  0x000001fff5934764: 2448 4c89 | 5424 384c | 8b54 2460 | 4c89 5424 | 404c 8b54 | 2458 4c89 | 5424 504c | 8b54 2468 
  0x000001fff5934784: 4c89 5424 | 6044 8b54 | 2470 4489 | 5424 6844 | 8b54 247c | 4489 5424 | 7044 894c | 2478 4489 
  0x000001fff59347a4: 4c24 7c44 | 8984 2480 | 0000 0044 | 8b9c 2488 | 0000 0044 | 899c 2484 | 0000 0044 | 8b94 248c 
  0x000001fff59347c4: 0000 0044 | 8994 2488 | 0000 0090 

  0x000001fff59347d0: ;   {runtime_call UncommonTrapBlob}
  0x000001fff59347d0: c5f8 77e8 

  0x000001fff59347d4: ; ImmutableOopMap {[32]=Oop [40]=Oop [56]=Oop [64]=Oop [80]=Oop [96]=Oop [104]=NarrowOop [132]=NarrowOop [136]=NarrowOop [144]=NarrowOop }
                      ;*if_icmpeq {reexecute=1 rethrow=0 return_oop=0}
                      ; - (reexecute) java.lang.CharacterDataLatin1::toLowerCase@21 (line 142)
                      ; - java.lang.StringLatin1::toLowerCase@40 (line 443)
                      ; - java.lang.String::toLowerCase@13 (line 3393)
                      ; - java.lang.String::toLowerCase@4 (line 3417)
                      ; - sun.net.util.URLUtil::urlNoFragString@45 (line 61)
                      ; - java.security.CodeSource::<init>@30 (line 123)
                      ; - java.net.URLClassLoader::defineClass@198 (line 522)
  0x000001fff59347d4: 2821 d8fe | ba45 ffff | ff48 8b6c | 2438 4c8b | 5424 404c | 8954 2420 | 4c8b 5424 | 304c 8954 
  0x000001fff59347f4: 2428 8944 | 243c 8944 | 2440 4889 | 7424 4844 | 894c 2454 

  0x000001fff5934808: ;   {runtime_call UncommonTrapBlob}
  0x000001fff5934808: c5f8 77e8 

  0x000001fff593480c: ; ImmutableOopMap {rbp=Oop [32]=Oop [72]=Oop [144]=NarrowOop }
                      ;*if_icmpgt {reexecute=1 rethrow=0 return_oop=0}
                      ; - (reexecute) java.lang.String::checkBoundsBeginEnd@6 (line 4605)
                      ; - java.lang.String::substring@8 (line 2709)
                      ; - java.net.URLClassLoader::defineClass@28 (line 489)
  0x000001fff593480c: f020 d8fe | ba45 ffff | ff48 8b6c | 2438 4c8b | 5c24 404c | 895c 2420 | 4c8b 5c24 | 304c 895c 
  0x000001fff593482c: 2428 4889 | 4424 3848 | 8944 2440 | 4489 5424 | 6044 8954 | 2464 6690 

  0x000001fff5934844: ;   {runtime_call UncommonTrapBlob}
  0x000001fff5934844: c5f8 77e8 

  0x000001fff5934848: ; ImmutableOopMap {rbp=Oop [32]=Oop [56]=Oop [64]=Oop [88]=Oop [144]=NarrowOop }
                      ;*ifgt {reexecute=1 rethrow=0 return_oop=0}
                      ; - (reexecute) java.util.zip.CRC32::updateBytesCheck@1 (line 146)
                      ; - java.util.zip.CRC32::updateBytes@3 (line 138)
                      ; - java.util.zip.CRC32::update@44 (line 79)
                      ; - java.util.zip.Checksum::update@5 (line 58)
                      ; - jdk.internal.loader.URLClassPath$JarLoader$2::getBytes@15 (line 895)
                      ; - java.net.URLClassLoader::defineClass@179 (line 519)
  0x000001fff5934848: b420 d8fe | bae5 ffff | ff4c 8b5c | 2438 4c89 | 5c24 204c | 8b5c 2440 | 4c89 5c24 | 2848 8944 
  0x000001fff5934868: 2440 4489 | 5424 6490 

  0x000001fff5934870: ;   {runtime_call UncommonTrapBlob}
  0x000001fff5934870: c5f8 77e8 

  0x000001fff5934874: ; ImmutableOopMap {[32]=Oop [40]=Oop [64]=Oop [72]=Oop [88]=Oop [144]=NarrowOop }
                      ;*iflt {reexecute=1 rethrow=0 return_oop=0}
                      ; - (reexecute) java.util.zip.CRC32::updateBytesCheck@36 (line 157)
                      ; - java.util.zip.CRC32::updateBytes@3 (line 138)
                      ; - java.util.zip.CRC32::update@44 (line 79)
                      ; - java.util.zip.Checksum::update@5 (line 58)
                      ; - jdk.internal.loader.URLClassPath$JarLoader$2::getBytes@15 (line 895)
                      ; - java.net.URLClassLoader::defineClass@179 (line 519)
  0x000001fff5934874: 8820 d8fe | 4d3b dabd | ffff ffff | 7c08 400f | 95c5 400f | b6ed ba45 | ffff ff4c | 8b54 2438 
  0x000001fff5934894: 4c89 5424 | 204c 8b54 | 2440 4c89 | 5424 284c | 8b54 2448 | 4c89 5424 | 384c 8b54 | 2458 4c89 
  0x000001fff59348b4: 5424 4090 

  0x000001fff59348b8: ;   {runtime_call UncommonTrapBlob}
  0x000001fff59348b8: c5f8 77e8 

  0x000001fff59348bc: ; ImmutableOopMap {[32]=Oop [40]=Oop [56]=Oop [64]=Oop [144]=NarrowOop }
                      ;*ifeq {reexecute=1 rethrow=0 return_oop=0}
                      ; - (reexecute) jdk.internal.loader.URLClassPath$JarLoader$2::getBytes@30 (line 896)
                      ; - java.net.URLClassLoader::defineClass@179 (line 519)
  0x000001fff59348bc: 4020 d8fe | ba45 ffff | ff48 8b6c | 2438 4c8b | 5424 404c | 8954 2420 | 4c8b 5424 | 304c 8954 
  0x000001fff59348dc: 2428 4c8b | 5424 484c | 8954 2430 | 4889 5c24 | 4066 6690 

  0x000001fff59348f0: ;   {runtime_call UncommonTrapBlob}
  0x000001fff59348f0: c5f8 77e8 

  0x000001fff59348f4: ; ImmutableOopMap {rbp=Oop [32]=Oop [48]=Oop [64]=Oop [88]=Oop [144]=NarrowOop }
                      ;*ifnull {reexecute=1 rethrow=0 return_oop=0}
                      ; - (reexecute) java.security.CodeSource::<init>@25 (line 122)
                      ; - java.net.URLClassLoader::defineClass@198 (line 522)
  0x000001fff59348f4: 0820 d8fe | ba45 ffff | ff48 8b6c | 2438 4c8b | 5424 404c | 8954 2420 | 4c8b 5424 | 304c 8954 
  0x000001fff5934914: 2428 4c8b | 5424 484c | 8954 2430 | 4889 5c24 | 404c 8b54 | 2458 4c89 | 5424 4848 | 895c 2450 
  0x000001fff5934934: 4889 7c24 | 5844 895c | 2468 6690 

  0x000001fff5934940: ;   {runtime_call UncommonTrapBlob}
  0x000001fff5934940: c5f8 77e8 

  0x000001fff5934944: ; ImmutableOopMap {rbp=Oop [32]=Oop [48]=Oop [64]=Oop [72]=Oop [80]=Oop [88]=Oop [104]=NarrowOop [144]=NarrowOop }
                      ;*ifnull {reexecute=1 rethrow=0 return_oop=0}
                      ; - (reexecute) sun.net.util.URLUtil::urlNoFragString@14 (line 51)
                      ; - java.security.CodeSource::<init>@30 (line 123)
                      ; - java.net.URLClassLoader::defineClass@198 (line 522)
  0x000001fff5934944: b81f d8fe | ba45 ffff | ff48 8b6c | 2438 4c8b | 5424 404c | 8954 2420 | 4c8b 5424 | 304c 8954 
  0x000001fff5934964: 2428 4c8b | 5424 484c | 8954 2430 | 4c8b 5424 | 604c 8954 | 2438 4c8b | 5424 584c | 8954 2448 
  0x000001fff5934984: 4c89 4424 | 5844 895c | 2468 6690 

  0x000001fff5934990: ;   {runtime_call UncommonTrapBlob}
  0x000001fff5934990: c5f8 77e8 

  0x000001fff5934994: ; ImmutableOopMap {rbp=Oop [32]=Oop [48]=Oop [56]=Oop [72]=Oop [88]=Oop [104]=NarrowOop [144]=NarrowOop }
                      ;*ifnull {reexecute=1 rethrow=0 return_oop=0}
                      ; - (reexecute) sun.net.util.URLUtil::urlNoFragString@41 (line 59)
                      ; - java.security.CodeSource::<init>@30 (line 123)
                      ; - java.net.URLClassLoader::defineClass@198 (line 522)
  0x000001fff5934994: 681f d8fe | ba45 ffff | ff4c 8b54 | 2438 4c89 | 5424 204c | 8b54 2440 | 4c89 5424 | 284c 8b54 
  0x000001fff59349b4: 2448 4c89 | 5424 304c | 894c 2440 | 4489 5c24 | 4c66 6690 

  0x000001fff59349c8: ;   {runtime_call UncommonTrapBlob}
  0x000001fff59349c8: c5f8 77e8 

  0x000001fff59349cc: ; ImmutableOopMap {rbp=NarrowOop [32]=Oop [40]=Oop [48]=Oop [76]=NarrowOop [96]=Oop }
                      ;*ifnull {reexecute=1 rethrow=0 return_oop=0}
                      ; - (reexecute) java.nio.Buffer::scope@4 (line 763)
                      ; - java.nio.DirectLongBufferU::get@4 (line 339)
                      ; - jdk.internal.perf.PerfCounter::get@5 (line 84)
                      ; - jdk.internal.perf.PerfCounter::add@1 (line 98)
                      ; - jdk.internal.perf.PerfCounter::addElapsedTimeFrom@6 (line 120)
                      ; - java.net.URLClassLoader::defineClass@207 (line 523)
  0x000001fff59349cc: 301f d8fe | ba45 ffff | ff4c 8b54 | 2438 4c89 | 5424 204c | 8b54 2440 | 4c89 5424 | 284c 8b54 
  0x000001fff59349ec: 2448 4c89 | 5424 304c | 894c 2440 | 4489 5c24 | 4c66 6690 

  0x000001fff5934a00: ;   {runtime_call UncommonTrapBlob}
  0x000001fff5934a00: c5f8 77e8 

  0x000001fff5934a04: ; ImmutableOopMap {[32]=Oop [40]=Oop [48]=Oop [76]=NarrowOop [96]=Oop }
                      ;*if_icmplt {reexecute=1 rethrow=0 return_oop=0}
                      ; - (reexecute) java.nio.Buffer::checkIndex@9 (line 742)
                      ; - java.nio.DirectLongBufferU::get@11 (line 339)
                      ; - jdk.internal.perf.PerfCounter::get@5 (line 84)
                      ; - jdk.internal.perf.PerfCounter::add@1 (line 98)
                      ; - jdk.internal.perf.PerfCounter::addElapsedTimeFrom@6 (line 120)
                      ; - java.net.URLClassLoader::defineClass@207 (line 523)
  0x000001fff5934a04: f81e d8fe | ba45 ffff | ff4c 8b54 | 2448 4c89 | 5424 3090 

  0x000001fff5934a18: ;   {runtime_call UncommonTrapBlob}
  0x000001fff5934a18: c5f8 77e8 

  0x000001fff5934a1c: ; ImmutableOopMap {[48]=Oop [56]=Oop [64]=Oop [88]=Oop }
                      ;*if_icmpne {reexecute=1 rethrow=0 return_oop=0}
                      ; - (reexecute) java.lang.ClassLoader::checkName@30 (line 1147)
                      ; - java.lang.ClassLoader::preDefineClass@1 (line 890)
                      ; - java.lang.ClassLoader::defineClass@4 (line 1015)
                      ; - java.security.SecureClassLoader::defineClass@12 (line 150)
                      ; - java.net.URLClassLoader::defineClass@220 (line 524)
  0x000001fff5934a1c: e01e d8fe | ba45 ffff | ff48 8b6c | 2438 4c8b | 5424 404c | 8954 2420 | 4c8b 5424 | 304c 8954 
  0x000001fff5934a3c: 2428 4c8b | 5424 484c | 8954 2430 | 4c8b 5424 | 604c 8954 | 2438 4c8b | 5424 584c | 8954 2448 
  0x000001fff5934a5c: 4889 7424 | 6089 5c24 | 6c89 5c24 | 7066 6690 

  0x000001fff5934a6c: ;   {runtime_call UncommonTrapBlob}
  0x000001fff5934a6c: c5f8 77e8 

  0x000001fff5934a70: ; ImmutableOopMap {rbp=Oop [32]=Oop [48]=Oop [56]=Oop [72]=Oop [96]=Oop [124]=NarrowOop }
                      ;*ifge {reexecute=1 rethrow=0 return_oop=0}
                      ; - (reexecute) java.util.Arrays::copyOfRange@5 (line 3820)
                      ; - java.lang.StringLatin1::newString@16 (line 769)
                      ; - java.lang.StringBuilder::toString@16 (line 453)
                      ; - sun.net.util.URLUtil::urlNoFragString@110 (line 80)
                      ; - java.security.CodeSource::<init>@30 (line 123)
                      ; - java.net.URLClassLoader::defineClass@198 (line 522)
  0x000001fff5934a70: 8c1e d8fe | ba45 ffff | ff48 8b6c | 2438 4c8b | 5424 404c | 8954 2420 | 4c8b 5424 | 304c 8954 
  0x000001fff5934a90: 2428 8944 | 243c 8944 | 2440 4889 | 7424 4844 | 894c 2454 | 4489 4c24 | 5866 6690 

  0x000001fff5934aac: ;   {runtime_call UncommonTrapBlob}
  0x000001fff5934aac: c5f8 77e8 

  0x000001fff5934ab0: ; ImmutableOopMap {rbp=Oop [32]=Oop [72]=Oop [144]=NarrowOop }
                      ;*if_icmple {reexecute=1 rethrow=0 return_oop=0}
                      ; - (reexecute) java.lang.String::checkBoundsBeginEnd@11 (line 4605)
                      ; - java.lang.String::substring@8 (line 2709)
                      ; - java.net.URLClassLoader::defineClass@28 (line 489)
  0x000001fff5934ab0: 4c1e d8fe | bae4 ffff | ff48 8b6c | 2438 4c8b | 5424 484c | 8954 2428 | 4c8b 5424 | 404c 8954 
  0x000001fff5934ad0: 2438 4489 | 4424 5090 

  0x000001fff5934ad8: ;   {runtime_call UncommonTrapBlob}
  0x000001fff5934ad8: c5f8 77e8 

  0x000001fff5934adc: ; ImmutableOopMap {rbp=Oop [40]=Oop [56]=Oop [80]=NarrowOop [88]=Oop }
                      ;*baload {reexecute=0 rethrow=0 return_oop=0}
                      ; - java.lang.String::startsWith@80 (line 2270)
                      ; - java.lang.String::startsWith@3 (line 2302)
                      ; - java.lang.ClassLoader::preDefineClass@43 (line 896)
                      ; - java.lang.ClassLoader::defineClass@4 (line 1015)
                      ; - java.security.SecureClassLoader::defineClass@12 (line 150)
                      ; - java.net.URLClassLoader::defineClass@220 (line 524)
  0x000001fff5934adc: 201e d8fe | ba45 ffff | ff4c 8b54 | 2438 4c89 | 5424 204c | 8b54 2440 | 4c89 5424 | 284c 8b54 
  0x000001fff5934afc: 2448 4c89 | 5424 384c | 8b54 2460 | 4c89 5424 | 404c 8b54 | 2458 4c89 | 5424 504c | 8b54 2468 
  0x000001fff5934b1c: 4c89 5424 | 6044 8b5c | 2470 4489 | 5c24 6844 | 8b5c 247c | 4489 5c24 | 7066 6690 

  0x000001fff5934b38: ;   {runtime_call UncommonTrapBlob}
  0x000001fff5934b38: c5f8 77e8 

  0x000001fff5934b3c: ; ImmutableOopMap {rbp=NarrowOop [32]=Oop [40]=Oop [56]=Oop [64]=Oop [80]=Oop [96]=Oop [104]=NarrowOop [136]=NarrowOop [140]=NarrowOop [144]=NarrowOop }
                      ;*if_acmpeq {reexecute=1 rethrow=0 return_oop=0}
                      ; - (reexecute) java.lang.StringLatin1::toLowerCase@73 (line 450)
                      ; - java.lang.String::toLowerCase@13 (line 3393)
                      ; - java.lang.String::toLowerCase@4 (line 3417)
                      ; - sun.net.util.URLUtil::urlNoFragString@18 (line 53)
                      ; - java.security.CodeSource::<init>@30 (line 123)
                      ; - java.net.URLClassLoader::defineClass@198 (line 522)
  0x000001fff5934b3c: c01d d8fe | ba45 ffff | ff4c 8b54 | 2438 4c89 | 5424 204c | 8b54 2440 | 4c89 5424 | 284c 8b54 
  0x000001fff5934b5c: 2448 4c89 | 5424 384c | 8b54 2460 | 4c89 5424 | 404c 8b54 | 2458 4c89 | 5424 504c | 8b54 2468 
  0x000001fff5934b7c: 4c89 5424 | 6044 8b5c | 2470 4489 | 5c24 6844 | 8b5c 247c | 4489 5c24 | 7066 6690 

  0x000001fff5934b98: ;   {runtime_call UncommonTrapBlob}
  0x000001fff5934b98: c5f8 77e8 

  0x000001fff5934b9c: ; ImmutableOopMap {rbp=NarrowOop [32]=Oop [40]=Oop [56]=Oop [64]=Oop [80]=Oop [96]=Oop [104]=NarrowOop [136]=NarrowOop [140]=NarrowOop [144]=NarrowOop }
                      ;*if_acmpeq {reexecute=1 rethrow=0 return_oop=0}
                      ; - (reexecute) java.lang.StringLatin1::toLowerCase@80 (line 450)
                      ; - java.lang.String::toLowerCase@13 (line 3393)
                      ; - java.lang.String::toLowerCase@4 (line 3417)
                      ; - sun.net.util.URLUtil::urlNoFragString@18 (line 53)
                      ; - java.security.CodeSource::<init>@30 (line 123)
                      ; - java.net.URLClassLoader::defineClass@198 (line 522)
  0x000001fff5934b9c: 601d d8fe | ba45 ffff | ff4c 8b54 | 2438 4c89 | 5424 204c | 8b54 2440 | 4c89 5424 | 284c 8b54 
  0x000001fff5934bbc: 2448 4c89 | 5424 384c | 8b54 2460 | 4c89 5424 | 404c 8b54 | 2458 4c89 | 5424 504c | 8b54 2468 
  0x000001fff5934bdc: 4c89 5424 | 6044 8b5c | 2470 4489 | 5c24 6844 | 8b5c 247c | 4489 5c24 | 7066 6690 

  0x000001fff5934bf8: ;   {runtime_call UncommonTrapBlob}
  0x000001fff5934bf8: c5f8 77e8 

  0x000001fff5934bfc: ; ImmutableOopMap {rbp=NarrowOop [32]=Oop [40]=Oop [56]=Oop [64]=Oop [80]=Oop [96]=Oop [104]=NarrowOop [136]=NarrowOop [140]=NarrowOop [144]=NarrowOop }
                      ;*if_acmpne {reexecute=1 rethrow=0 return_oop=0}
                      ; - (reexecute) java.lang.StringLatin1::toLowerCase@87 (line 450)
                      ; - java.lang.String::toLowerCase@13 (line 3393)
                      ; - java.lang.String::toLowerCase@4 (line 3417)
                      ; - sun.net.util.URLUtil::urlNoFragString@18 (line 53)
                      ; - java.security.CodeSource::<init>@30 (line 123)
                      ; - java.net.URLClassLoader::defineClass@198 (line 522)
  0x000001fff5934bfc: 001d d8fe | ba45 ffff | ff4c 8b54 | 2438 4c89 | 5424 204c | 8b54 2440 | 4c89 5424 | 284c 8b54 
  0x000001fff5934c1c: 2448 4c89 | 5424 384c | 8b54 2460 | 4c89 5424 | 404c 8b54 | 2458 4c89 | 5424 504c | 8b54 2468 
  0x000001fff5934c3c: 4c89 5424 | 6044 8b5c | 2470 4489 | 5c24 6844 | 8b5c 247c | 4489 5c24 | 7066 6690 

  0x000001fff5934c58: ;   {runtime_call UncommonTrapBlob}
  0x000001fff5934c58: c5f8 77e8 

  0x000001fff5934c5c: ; ImmutableOopMap {rbp=NarrowOop [32]=Oop [40]=Oop [56]=Oop [64]=Oop [80]=Oop [96]=Oop [104]=NarrowOop [136]=NarrowOop [140]=NarrowOop [144]=NarrowOop }
                      ;*if_acmpeq {reexecute=1 rethrow=0 return_oop=0}
                      ; - (reexecute) java.lang.StringLatin1::toLowerCase@73 (line 450)
                      ; - java.lang.String::toLowerCase@13 (line 3393)
                      ; - java.lang.String::toLowerCase@4 (line 3417)
                      ; - sun.net.util.URLUtil::urlNoFragString@45 (line 61)
                      ; - java.security.CodeSource::<init>@30 (line 123)
                      ; - java.net.URLClassLoader::defineClass@198 (line 522)
  0x000001fff5934c5c: a01c d8fe | ba45 ffff | ff4c 8b54 | 2438 4c89 | 5424 204c | 8b54 2440 | 4c89 5424 | 284c 8b54 
  0x000001fff5934c7c: 2448 4c89 | 5424 384c | 8b54 2460 | 4c89 5424 | 404c 8b54 | 2458 4c89 | 5424 504c | 8b54 2468 
  0x000001fff5934c9c: 4c89 5424 | 6044 8b5c | 2470 4489 | 5c24 6844 | 8b5c 247c | 4489 5c24 | 7066 6690 

  0x000001fff5934cb8: ;   {runtime_call UncommonTrapBlob}
  0x000001fff5934cb8: c5f8 77e8 

  0x000001fff5934cbc: ; ImmutableOopMap {rbp=NarrowOop [32]=Oop [40]=Oop [56]=Oop [64]=Oop [80]=Oop [96]=Oop [104]=NarrowOop [136]=NarrowOop [140]=NarrowOop [144]=NarrowOop }
                      ;*if_acmpeq {reexecute=1 rethrow=0 return_oop=0}
                      ; - (reexecute) java.lang.StringLatin1::toLowerCase@80 (line 450)
                      ; - java.lang.String::toLowerCase@13 (line 3393)
                      ; - java.lang.String::toLowerCase@4 (line 3417)
                      ; - sun.net.util.URLUtil::urlNoFragString@45 (line 61)
                      ; - java.security.CodeSource::<init>@30 (line 123)
                      ; - java.net.URLClassLoader::defineClass@198 (line 522)
  0x000001fff5934cbc: 401c d8fe | ba45 ffff | ff4c 8b54 | 2438 4c89 | 5424 204c | 8b54 2440 | 4c89 5424 | 284c 8b54 
  0x000001fff5934cdc: 2448 4c89 | 5424 384c | 8b54 2460 | 4c89 5424 | 404c 8b54 | 2458 4c89 | 5424 504c | 8b54 2468 
  0x000001fff5934cfc: 4c89 5424 | 6044 8b5c | 2470 4489 | 5c24 6844 | 8b5c 247c | 4489 5c24 | 7066 6690 

  0x000001fff5934d18: ;   {runtime_call UncommonTrapBlob}
  0x000001fff5934d18: c5f8 77e8 

  0x000001fff5934d1c: ; ImmutableOopMap {rbp=NarrowOop [32]=Oop [40]=Oop [56]=Oop [64]=Oop [80]=Oop [96]=Oop [104]=NarrowOop [136]=NarrowOop [140]=NarrowOop [144]=NarrowOop }
                      ;*if_acmpne {reexecute=1 rethrow=0 return_oop=0}
                      ; - (reexecute) java.lang.StringLatin1::toLowerCase@87 (line 450)
                      ; - java.lang.String::toLowerCase@13 (line 3393)
                      ; - java.lang.String::toLowerCase@4 (line 3417)
                      ; - sun.net.util.URLUtil::urlNoFragString@45 (line 61)
                      ; - java.security.CodeSource::<init>@30 (line 123)
                      ; - java.net.URLClassLoader::defineClass@198 (line 522)
  0x000001fff5934d1c: e01b d8fe | 4c8b 5424 | 6045 8b52 | 1045 85d2 | 0f84 77d7 | ffff 4d8b | 5f20 498b | ca4d 85db 
  0x000001fff5934d3c: 0f84 c211 | 0000 4d8b | 5730 4b89 | 4c1a f849 | 83c3 f84d | 895f 20e9 | 51d7 ffff | 498b d7c5 
  0x000001fff5934d5c: f877 49ba | 7093 14f6 | fd7f 0000 | 41ff d2e9 | c2a0 ffff | 4c8b 4c24 | 7045 8b59 | 0c45 85db 
  0x000001fff5934d7c: 0f84 e1da | ffff 498b | 7f20 498b | cb48 85ff | 0f84 e411 | 0000 4d8b | 5f30 4989 | 4c3b f848 
  0x000001fff5934d9c: 83c7 f849 | 897f 20e9 | bbda ffff | 458b 5918 | 4585 db0f | 84ef daff | ff49 8b5f | 2049 8bcb 
  0x000001fff5934dbc: 4885 db0f | 8487 1100 | 004d 8b5f | 3049 894c | 1bf8 4883 | c3f8 4989 | 5f20 e9c9 | daff ff4d 
  0x000001fff5934ddc: 8bd9 e901 | deff ff45 | 8b51 2445 | 85d2 0f84 | 68dd ffff | 4d8b 5f20 | 498b ca4d | 85db 0f84 
  0x000001fff5934dfc: ee11 0000 | 4d8b 5730 | 4b89 4c1a | f849 83c3 | f84d 895f | 20e9 42dd | ffff 498b | fa4c 8b54 
  0x000001fff5934e1c: 2470 458b | 5a18 4585 | db74 214d | 8b57 2049 | 8bcb 4d85 | d20f 846f | 1100 004d | 8b5f 304b 
  0x000001fff5934e3c: 894c 13f8 | 4983 c2f8 | 4d89 5720 | 4c8b d7e9 | 7bdc ffff | 4c8b 4c24 | 7045 8b59 | 2045 85db 
  0x000001fff5934e5c: 0f84 aedc | ffff 4d8b | 5720 498b | cb4d 85d2 | 0f84 4c11 | 0000 4d8b | 5f30 4b89 | 4c13 f849 
  0x000001fff5934e7c: 83c2 f84d | 8957 204c | 8b4c 2470 | e983 dcff | ff4c 8b44 | 2468 458b | 581c 4585 | db0f 840e 
  0x000001fff5934e9c: ddff ff4d | 8b57 2049 | 8bcb 4d85 | d20f 845d | 1100 004d | 8b5f 304b | 894c 13f8 | 4983 c2f8 
  0x000001fff5934ebc: 4d89 5720 | e9e8 dcff | ff49 8bfa | 4c8b 5424 | 7045 8b52 | 1445 85d2 | 7421 4d8b | 5f20 498b 
  0x000001fff5934edc: ca4d 85db | 0f84 f010 | 0000 4d8b | 5730 4b89 | 4c1a f849 | 83c3 f84d | 895f 204c | 8bd7 e946 
  0x000001fff5934efc: dbff ff4d | 8b5f 4049 | 8b5f 50f0 | 8344 24c0 | 0080 3900 | 0f84 83d9 | ffff 4488 | 214d 85db 
  0x000001fff5934f1c: 752a 418b | f249 8bd9 | 418b f849 | 8bd7 c5f8 | 7749 ba50 | 9314 f6fd | 7f00 0041 | ffd2 448b 
  0x000001fff5934f3c: c74c 8bcb | 448b d6e9 | 51d9 ffff | 4a89 4c1b | f849 83c3 | f84d 895f | 40e9 3fd9 | ffff 4d8b 
  0x000001fff5934f5c: 5740 4d8b | 5f50 f083 | 4424 c000 | 8039 0074 | 3044 8821 | 4d85 d274 | 0f4b 894c | 13f8 4983 
  0x000001fff5934f7c: c2f8 4d89 | 5740 eb19 | 498b d849 | 8bd7 c5f8 | 7749 ba50 | 9314 f6fd | 7f00 0041 | ffd2 4c8b 
  0x000001fff5934f9c: c345 8b50 | 1c4d 8bca | e938 dcff | ff4d 8b57 | 504d 8b5f | 40f0 8344 | 24c0 0080 | 3900 0f84 
  0x000001fff5934fbc: 40db ffff | 4488 214d | 85db 7518 | 498b d7c5 | f877 49ba | 5093 14f6 | fd7f 0000 | 41ff d2e9 
  0x000001fff5934fdc: 20db ffff | 4b89 4c1a | f849 83c3 | f84d 895f | 40e9 0edb | ffff 4d8b | 5750 4d8b | 5f40 f083 
  0x000001fff5934ffc: 4424 c000 | 8039 000f | 846e daff | ff44 8821 | 4d85 db75 | 1849 8bd7 | c5f8 7749 | ba50 9314 
  0x000001fff593501c: f6fd 7f00 | 0041 ffd2 | e94e daff | ff4b 894c | 1af8 4983 | c3f8 4d89 | 5f40 e93c | daff ff4d 
  0x000001fff593503c: 8b57 504d | 8b5f 40f0 | 8344 24c0 | 0080 3900 | 0f84 9fd9 | ffff 4488 | 214d 85db | 7518 498b 
  0x000001fff593505c: d7c5 f877 | 49ba 5093 | 14f6 fd7f | 0000 41ff | d2e9 7fd9 | ffff 4b89 | 4c1a f849 | 83c3 f84d 
  0x000001fff593507c: 895f 40e9 | 6dd9 ffff | 4d8b 5f40 | 498b 5f50 | f083 4424 | c000 8039 | 000f 843e | d8ff ff44 
  0x000001fff593509c: 8821 4d85 | db75 2a41 | 8bf2 498b | d941 8bf8 | 498b d7c5 | f877 49ba | 5093 14f6 | fd7f 0000 
  0x000001fff59350bc: 41ff d244 | 8bc7 4c8b | cb44 8bd6 | e90c d8ff | ff4a 894c | 1bf8 4983 | c3f8 4d89 | 5f40 e9fa 
  0x000001fff59350dc: d7ff ff4d | 8b57 504d | 8b5f 40f0 | 8344 24c0 | 0080 3900 | 0f84 a7da | ffff 4488 | 214d 85db 
  0x000001fff59350fc: 751e 498b | f949 8bd7 | c5f8 7749 | ba50 9314 | f6fd 7f00 | 0041 ffd2 | 4c8b cfe9 

  0x000001fff5935118: ;   {no_reloc}
  0x000001fff5935118: 81da ffff | 4b89 4c1a | f849 83c3 | f84d 895f | 40e9 6fda | ffff 4d8b | 5740 4d8b | 5f50 f083 
  0x000001fff5935138: 4424 c000 | 8039 000f | 8408 daff | ff44 8821 | 4d85 d275 | 1e49 8bf9 | 498b d7c5 | f877 49ba 
  0x000001fff5935158: 5093 14f6 | fd7f 0000 | 41ff d24c | 8bcf e9e2 | d9ff ff4b | 894c 13f8 | 4983 c2f8 | 4d89 5740 
  0x000001fff5935178: e9d0 d9ff | ffba 7500 | 0000 488b | 6c24 384c | 8b54 2440 | 4c89 5424 | 204c 8b54 | 2430 4c89 
  0x000001fff5935198: 5424 284c | 8b54 2448 | 4c89 5424 | 304c 8b54 | 2460 4c89 | 5424 384c | 8b54 2458 | 4c89 5424 
  0x000001fff59351b8: 484c 8b54 | 2468 4c89 | 5424 6044 | 8b94 2490 | 0000 0044 | 8994 2480 | 0000 0090 

  0x000001fff59351d4: ;   {runtime_call UncommonTrapBlob}
  0x000001fff59351d4: c5f8 77e8 

  0x000001fff59351d8: ; ImmutableOopMap {rbp=Oop [32]=Oop [48]=Oop [56]=Oop [72]=Oop [96]=Oop [104]=Oop [128]=NarrowOop [148]=NarrowOop [152]=Oop }
                      ;*new {reexecute=0 rethrow=0 return_oop=0}
                      ; - java.lang.AbstractStringBuilder::newCapacity@41 (line 259)
                      ; - java.lang.AbstractStringBuilder::ensureCapacityInternal@24 (line 229)
                      ; - java.lang.AbstractStringBuilder::append@21 (line 582)
                      ; - java.lang.StringBuilder::append@2 (line 179)
                      ; - sun.net.util.URLUtil::urlNoFragString@24 (line 54)
                      ; - java.security.CodeSource::<init>@30 (line 123)
                      ; - java.net.URLClassLoader::defineClass@198 (line 522)
  0x000001fff59351d8: 2417 d8fe | 4d63 d24d | 8bc2 e9ff | b3ff ffba | f6ff ffff | 488b 6c24 | 384c 8b54 | 2430 4c89 
  0x000001fff59351f8: 5424 2890 

  0x000001fff59351fc: ;   {runtime_call UncommonTrapBlob}
  0x000001fff59351fc: c5f8 77e8 

  0x000001fff5935200: ; ImmutableOopMap {rbp=Oop [64]=Oop [72]=Oop [96]=Oop }
                      ;*arraylength {reexecute=0 rethrow=0 return_oop=0}
                      ; - java.lang.String::length@4 (line 1481)
                      ; - java.lang.AbstractStringBuilder::putStringAt@5 (line 1724)
                      ; - java.lang.AbstractStringBuilder::append@30 (line 583)
                      ; - java.lang.StringBuilder::append@2 (line 179)
                      ; - sun.net.util.URLUtil::urlNoFragString@24 (line 54)
                      ; - java.security.CodeSource::<init>@30 (line 123)
                      ; - java.net.URLClassLoader::defineClass@198 (line 522)
  0x000001fff5935200: fc16 d8fe | 4c8b d149 | 83c2 fe49 | 8bca 498b | fb48 33c0 | 4883 f908 | 7f10 48ff | c978 4f48 
  0x000001fff5935220: 8904 cf48 | ffc9 7df7 | eb44 c5fd | efc0 e90d | 0000 00c5 | fe7f 07c5 | fe7f 4720 | 4883 c740 
  0x000001fff5935240: 4883 e908 | 7ded 4883 | c104 7c0c | c5fe 7f07 | 4883 c720 | 4883 e904 | 4883 c104 | 7e10 48ff 
  0x000001fff5935260: c9c5 f9d6 | 0748 83c7 | 0848 ffc9 | 7df3 e965 | b4ff ffba | 7500 0000 | 488b 6c24 | 384c 8b54 
  0x000001fff5935280: 2440 4c89 | 5424 204c | 8b54 2430 | 4c89 5424 | 284c 8b54 | 2448 4c89 | 5424 304c | 8b54 2460 
  0x000001fff59352a0: 4c89 5424 | 384c 8b54 | 2458 4c89 | 5424 484c | 8b54 2468 | 4c89 5424 | 6066 6690 

  0x000001fff59352bc: ;   {runtime_call UncommonTrapBlob}
  0x000001fff59352bc: c5f8 77e8 

  0x000001fff59352c0: ; ImmutableOopMap {rbp=Oop [32]=Oop [48]=Oop [56]=Oop [72]=Oop [96]=Oop [104]=Oop [136]=NarrowOop [144]=NarrowOop }
                      ;*new {reexecute=0 rethrow=0 return_oop=0}
                      ; - java.lang.AbstractStringBuilder::newCapacity@41 (line 259)
                      ; - java.lang.AbstractStringBuilder::ensureCapacityInternal@24 (line 229)
                      ; - java.lang.AbstractStringBuilder::append@21 (line 582)
                      ; - java.lang.StringBuilder::append@2 (line 179)
                      ; - sun.net.util.URLUtil::urlNoFragString@31 (line 55)
                      ; - java.security.CodeSource::<init>@30 (line 123)
                      ; - java.net.URLClassLoader::defineClass@198 (line 522)
  0x000001fff59352c0: 3c16 d8fe | 4d63 c2e9 | ddb4 ffff | 4c8b d149 | 83c2 fe49 | 8bca 498b | f948 33c0 | 4883 f908 
  0x000001fff59352e0: 7f10 48ff | c978 4f48 | 8904 cf48 | ffc9 7df7 | eb44 c5fd | efc0 e90d | 0000 00c5 | fe7f 07c5 
  0x000001fff5935300: fe7f 4720 | 4883 c740 | 4883 e908 | 7ded 4883 | c104 7c0c | c5fe 7f07 | 4883 c720 | 4883 e904 
  0x000001fff5935320: 4883 c104 | 7e10 48ff | c9c5 f9d6 | 0748 83c7 | 0848 ffc9 | 7df3 e963 | b5ff ffba | 7500 0000 
  0x000001fff5935340: 488b 6c24 | 384c 8b54 | 2440 4c89 | 5424 204c | 8b54 2430 | 4c89 5424 | 284c 8b54 | 2448 4c89 
  0x000001fff5935360: 5424 304c | 8b54 2460 | 4c89 5424 | 384c 8b54 | 2458 4c89 | 5424 484c | 8b54 2468 | 4c89 5424 
  0x000001fff5935380: 6044 8b94 | 2490 0000 | 0044 8994 | 2480 0000 | 0066 6690 

  0x000001fff5935394: ;   {runtime_call UncommonTrapBlob}
  0x000001fff5935394: c5f8 77e8 

  0x000001fff5935398: ; ImmutableOopMap {rbp=Oop [32]=Oop [48]=Oop [56]=Oop [72]=Oop [96]=Oop [104]=Oop [128]=NarrowOop [148]=NarrowOop [152]=Oop }
                      ;*new {reexecute=0 rethrow=0 return_oop=0}
                      ; - java.lang.AbstractStringBuilder::newCapacity@41 (line 259)
                      ; - java.lang.AbstractStringBuilder::ensureCapacityInternal@24 (line 229)
                      ; - java.lang.AbstractStringBuilder::append@21 (line 582)
                      ; - java.lang.StringBuilder::append@2 (line 179)
                      ; - sun.net.util.URLUtil::urlNoFragString@51 (line 62)
                      ; - java.security.CodeSource::<init>@30 (line 123)
                      ; - java.net.URLClassLoader::defineClass@198 (line 522)
  0x000001fff5935398: 6415 d8fe | 4d63 dae9 | e2b5 ffff | baf6 ffff | ff48 8b6c | 2438 4c8b | 5424 304c | 8954 2428 
  0x000001fff59353b8: ;   {runtime_call UncommonTrapBlob}
  0x000001fff59353b8: c5f8 77e8 

  0x000001fff59353bc: ; ImmutableOopMap {rbp=Oop [64]=Oop [72]=Oop [96]=Oop }
                      ;*arraylength {reexecute=0 rethrow=0 return_oop=0}
                      ; - java.lang.String::length@4 (line 1481)
                      ; - java.lang.AbstractStringBuilder::putStringAt@5 (line 1724)
                      ; - java.lang.AbstractStringBuilder::append@30 (line 583)
                      ; - java.lang.StringBuilder::append@2 (line 179)
                      ; - sun.net.util.URLUtil::urlNoFragString@51 (line 62)
                      ; - java.security.CodeSource::<init>@30 (line 123)
                      ; - java.net.URLClassLoader::defineClass@198 (line 522)
  0x000001fff59353bc: 4015 d8fe | 4983 c3fe | 498b cb48 | 8bfa 4833 | c048 83f9 | 087f 1048 | ffc9 784f | 4889 04cf 
  0x000001fff59353dc: 48ff c97d | f7eb 44c5 | fdef c0e9 | 0d00 0000 | c5fe 7f07 | c5fe 7f47 | 2048 83c7 | 4048 83e9 
  0x000001fff59353fc: 087d ed48 | 83c1 047c | 0cc5 fe7f | 0748 83c7 | 2048 83e9 | 0448 83c1 | 047e 1048 | ffc9 c5f9 
  0x000001fff593541c: d607 4883 | c708 48ff | c97d f3e9 | 23b6 ffff | ba75 0000 | 0048 8b6c | 2438 4c8b | 5424 404c 
  0x000001fff593543c: 8954 2420 | 4c8b 5424 | 304c 8954 | 2428 4c8b | 5424 484c | 8954 2430 | 4c8b 5424 | 604c 8954 
  0x000001fff593545c: 2438 4c8b | 5424 584c | 8954 2448 | 4c8b 5424 | 684c 8954 | 2460 4489 | b424 8000 | 0000 899c 
  0x000001fff593547c: 2484 0000 | 0044 899c | 2488 0000 | 0066 6690 

  0x000001fff593548c: ;   {runtime_call UncommonTrapBlob}
  0x000001fff593548c: c5f8 77e8 

  0x000001fff5935490: ; ImmutableOopMap {rbp=Oop [32]=Oop [48]=Oop [56]=Oop [72]=Oop [96]=Oop [104]=Oop [128]=NarrowOop [136]=NarrowOop }
                      ;*new {reexecute=0 rethrow=0 return_oop=0}
                      ; - java.lang.AbstractStringBuilder::newCapacity@41 (line 259)
                      ; - java.lang.AbstractStringBuilder::ensureCapacityInternal@24 (line 229)
                      ; - java.lang.AbstractStringBuilder::append@21 (line 582)
                      ; - java.lang.StringBuilder::append@2 (line 179)
                      ; - sun.net.util.URLUtil::urlNoFragString@105 (line 77)
                      ; - java.security.CodeSource::<init>@30 (line 123)
                      ; - java.net.URLClassLoader::defineClass@198 (line 522)
  0x000001fff5935490: 6c14 d8fe | 4d63 cae9 | 74b6 ffff | 4983 c1fe | 498b c948 | 8bfa 4833 | c048 83f9 | 087f 1048 
  0x000001fff59354b0: ffc9 784f | 4889 04cf | 48ff c97d | f7eb 44c5 | fdef c0e9 | 0d00 0000 | c5fe 7f07 | c5fe 7f47 
  0x000001fff59354d0: 2048 83c7 | 4048 83e9 | 087d ed48 | 83c1 047c | 0cc5 fe7f | 0748 83c7 | 2048 83e9 | 0448 83c1 
  0x000001fff59354f0: 047e 1048 | ffc9 c5f9 | d607 4883 | c708 48ff | c97d f3e9 | c7b6 ffff | bacc ffff | ff48 8b6c 
  0x000001fff5935510: 2438 4c8b | 5424 404c | 8954 2420 | 4c8b 5424 | 304c 8954 | 2428 4c8b | 5424 484c | 8954 2430 
  0x000001fff5935530: 4c8b 5424 | 604c 8954 | 2438 4c8b | 5424 584c | 8954 2448 | 4c8b 5424 | 684c 8954 | 2460 448b 
  0x000001fff5935550: 9c24 9000 | 0000 4489 | 5c24 7890 

  0x000001fff593555c: ;   {runtime_call UncommonTrapBlob}
  0x000001fff593555c: c5f8 77e8 

  0x000001fff5935560: ; ImmutableOopMap {rbp=Oop [32]=Oop [48]=Oop [56]=Oop [72]=Oop [96]=Oop [104]=Oop [120]=NarrowOop [148]=NarrowOop [152]=Oop }
                      ;*newarray {reexecute=1 rethrow=0 return_oop=0}
                      ; - (reexecute) java.util.Arrays::copyOf@1 (line 3537)
                      ; - java.lang.AbstractStringBuilder::ensureCapacityInternal@32 (line 228)
                      ; - java.lang.AbstractStringBuilder::append@21 (line 582)
                      ; - java.lang.StringBuilder::append@2 (line 179)
                      ; - sun.net.util.URLUtil::urlNoFragString@24 (line 54)
                      ; - java.security.CodeSource::<init>@30 (line 123)
                      ; - java.net.URLClassLoader::defineClass@198 (line 522)
  0x000001fff5935560: 9c13 d8fe | bacc ffff | ff48 8b6c | 2438 4c8b | 5c24 404c | 895c 2420 | 4c8b 5c24 | 304c 895c 
  0x000001fff5935580: 2428 4c8b | 5c24 484c | 895c 2430 | 4c8b 5c24 | 604c 895c | 2438 4c8b | 5c24 584c | 895c 2448 
  0x000001fff59355a0: 4c8b 5c24 | 684c 895c | 2460 4489 | 9424 8400 | 0000 6690 

  0x000001fff59355b4: ;   {runtime_call UncommonTrapBlob}
  0x000001fff59355b4: c5f8 77e8 

  0x000001fff59355b8: ; ImmutableOopMap {rbp=Oop [32]=Oop [48]=Oop [56]=Oop [72]=Oop [96]=Oop [104]=Oop [136]=NarrowOop [144]=NarrowOop }
                      ;*newarray {reexecute=1 rethrow=0 return_oop=0}
                      ; - (reexecute) java.util.Arrays::copyOf@1 (line 3537)
                      ; - java.lang.AbstractStringBuilder::ensureCapacityInternal@32 (line 228)
                      ; - java.lang.AbstractStringBuilder::append@21 (line 582)
                      ; - java.lang.StringBuilder::append@2 (line 179)
                      ; - sun.net.util.URLUtil::urlNoFragString@31 (line 55)
                      ; - java.security.CodeSource::<init>@30 (line 123)
                      ; - java.net.URLClassLoader::defineClass@198 (line 522)
  0x000001fff59355b8: 4413 d8fe | bacc ffff | ff48 8b6c | 2438 4c8b | 5c24 404c | 895c 2420 | 4c8b 5c24 | 304c 895c 
  0x000001fff59355d8: 2428 4c8b | 5c24 484c | 895c 2430 | 4c8b 5c24 | 604c 895c | 2438 4c8b | 5c24 584c | 895c 2448 
  0x000001fff59355f8: 4c8b 5c24 | 684c 895c | 2460 448b | 8424 9000 | 0000 4489 | 4424 7844 | 8994 2490 | 0000 0090 
  0x000001fff5935618: ;   {runtime_call UncommonTrapBlob}
  0x000001fff5935618: c5f8 77e8 

  0x000001fff593561c: ; ImmutableOopMap {rbp=Oop [32]=Oop [48]=Oop [56]=Oop [72]=Oop [96]=Oop [104]=Oop [120]=NarrowOop [148]=NarrowOop [152]=Oop }
                      ;*newarray {reexecute=1 rethrow=0 return_oop=0}
                      ; - (reexecute) java.util.Arrays::copyOf@1 (line 3537)
                      ; - java.lang.AbstractStringBuilder::ensureCapacityInternal@32 (line 228)
                      ; - java.lang.AbstractStringBuilder::append@21 (line 582)
                      ; - java.lang.StringBuilder::append@2 (line 179)
                      ; - sun.net.util.URLUtil::urlNoFragString@51 (line 62)
                      ; - java.security.CodeSource::<init>@30 (line 123)
                      ; - java.net.URLClassLoader::defineClass@198 (line 522)
  0x000001fff593561c: e012 d8fe | bacc ffff | ff48 8b6c | 2438 4c8b | 4424 404c | 8944 2420 | 4c8b 4424 | 304c 8944 
  0x000001fff593563c: 2428 4c8b | 4424 484c | 8944 2430 | 4c8b 4424 | 604c 8944 | 2438 4c8b | 4424 584c | 8944 2448 
  0x000001fff593565c: 4c8b 4424 | 684c 8944 | 2460 4489 | 7424 7889 | 5c24 7c44 | 899c 2480 | 0000 0044 | 8994 2488 
  0x000001fff593567c: 0000 0090 

  0x000001fff5935680: ;   {runtime_call UncommonTrapBlob}
  0x000001fff5935680: c5f8 77e8 

  0x000001fff5935684: ; ImmutableOopMap {rbp=Oop [32]=Oop [48]=Oop [56]=Oop [72]=Oop [96]=Oop [104]=Oop [120]=NarrowOop [128]=NarrowOop }
                      ;*newarray {reexecute=1 rethrow=0 return_oop=0}
                      ; - (reexecute) java.util.Arrays::copyOf@1 (line 3537)
                      ; - java.lang.AbstractStringBuilder::ensureCapacityInternal@32 (line 228)
                      ; - java.lang.AbstractStringBuilder::append@21 (line 582)
                      ; - java.lang.StringBuilder::append@2 (line 179)
                      ; - sun.net.util.URLUtil::urlNoFragString@105 (line 77)
                      ; - java.security.CodeSource::<init>@30 (line 123)
                      ; - java.net.URLClassLoader::defineClass@198 (line 522)
  0x000001fff5935684: 7812 d8fe | 498b d7c5 | f877 49ba | 7093 14f6 | fd7f 0000 | 41ff d2e9 | 43b0 ffff | 498b f849 
  0x000001fff59356a4: 8bd7 c5f8 | 7749 ba70 | 9314 f6fd | 7f00 0041 | ffd2 e929 | d8ff ff48 | 8bfb 498b | d7c5 f877 
  0x000001fff59356c4: 49ba 7093 | 14f6 fd7f | 0000 41ff | d248 8bdf | e981 b3ff | ff49 8bd7 | c5f8 7749 | ba70 9314 
  0x000001fff59356e4: f6fd 7f00 | 0041 ffd2 | e9e9 b4ff | ffba 3dff | ffff 4c8b | 5c24 384c | 895c 2420 | 4c8b 5c24 
  0x000001fff5935704: 404c 895c | 2428 4c8b | 5c24 484c | 895c 2438 | 4c8b 5c24 | 604c 895c | 2440 4c8b | 5c24 584c 
  0x000001fff5935724: 895c 2450 | 8984 24a4 | 0000 0044 | 8994 24ac | 0000 0090 

  0x000001fff5935738: ;   {runtime_call UncommonTrapBlob}
  0x000001fff5935738: c5f8 77e8 

  0x000001fff593573c: ; ImmutableOopMap {[32]=Oop [40]=Oop [56]=Oop [64]=Oop [80]=Oop [104]=Oop [144]=NarrowOop [148]=NarrowOop [152]=Oop }
                      ;*if_icmpge {reexecute=1 rethrow=0 return_oop=0}
                      ; - (reexecute) jdk.internal.util.ArraysSupport::newLength@10 (line 638)
                      ; - java.lang.AbstractStringBuilder::newCapacity@29 (line 257)
                      ; - java.lang.AbstractStringBuilder::ensureCapacityInternal@24 (line 229)
                      ; - java.lang.AbstractStringBuilder::append@21 (line 582)
                      ; - java.lang.StringBuilder::append@2 (line 179)
                      ; - sun.net.util.URLUtil::urlNoFragString@24 (line 54)
                      ; - java.security.CodeSource::<init>@30 (line 123)
                      ; - java.net.URLClassLoader::defineClass@198 (line 522)
  0x000001fff593573c: c011 d8fe | ba3d ffff | ff48 8b6c | 2438 4c8b | 4c24 404c | 894c 2420 | 4c8b 4c24 | 304c 894c 
  0x000001fff593575c: 2428 4c8b | 4c24 484c | 894c 2430 | 4c8b 4c24 | 604c 894c | 2438 4c8b | 4c24 584c | 894c 2448 
  0x000001fff593577c: 4c8b 4c24 | 684c 894c | 2460 8b8c | 2490 0000 | 0089 8c24 | 8c00 0000 | 4489 9c24 | 9000 0000 
  0x000001fff593579c: 899c 2494 | 0000 0044 | 8994 249c | 0000 0090 

  0x000001fff59357ac: ;   {runtime_call UncommonTrapBlob}
  0x000001fff59357ac: c5f8 77e8 

  0x000001fff59357b0: ; ImmutableOopMap {rbp=Oop [32]=Oop [48]=Oop [56]=Oop [72]=Oop [96]=Oop [104]=Oop [136]=NarrowOop [140]=NarrowOop }
                      ;*if_icmpge {reexecute=1 rethrow=0 return_oop=0}
                      ; - (reexecute) jdk.internal.util.ArraysSupport::newLength@10 (line 638)
                      ; - java.lang.AbstractStringBuilder::newCapacity@29 (line 257)
                      ; - java.lang.AbstractStringBuilder::ensureCapacityInternal@24 (line 229)
                      ; - java.lang.AbstractStringBuilder::append@21 (line 582)
                      ; - java.lang.StringBuilder::append@2 (line 179)
                      ; - sun.net.util.URLUtil::urlNoFragString@31 (line 55)
                      ; - java.security.CodeSource::<init>@30 (line 123)
                      ; - java.net.URLClassLoader::defineClass@198 (line 522)
  0x000001fff59357b0: 4c11 d8fe | ba3d ffff | ff4c 8b5c | 2438 4c89 | 5c24 204c | 8b5c 2440 | 4c89 5c24 | 284c 8b5c 
  0x000001fff59357d0: 2448 4c89 | 5c24 384c | 8b5c 2460 | 4c89 5c24 | 404c 8b5c | 2458 4c89 | 5c24 5089 | b424 a400 
  0x000001fff59357f0: 0000 4489 | 9424 ac00 | 0000 6690 

  0x000001fff59357fc: ;   {runtime_call UncommonTrapBlob}
  0x000001fff59357fc: c5f8 77e8 

  0x000001fff5935800: ; ImmutableOopMap {[32]=Oop [40]=Oop [56]=Oop [64]=Oop [80]=Oop [104]=Oop [144]=NarrowOop [148]=NarrowOop [152]=Oop }
                      ;*if_icmpge {reexecute=1 rethrow=0 return_oop=0}
                      ; - (reexecute) jdk.internal.util.ArraysSupport::newLength@10 (line 638)
                      ; - java.lang.AbstractStringBuilder::newCapacity@29 (line 257)
                      ; - java.lang.AbstractStringBuilder::ensureCapacityInternal@24 (line 229)
                      ; - java.lang.AbstractStringBuilder::append@21 (line 582)
                      ; - java.lang.StringBuilder::append@2 (line 179)
                      ; - sun.net.util.URLUtil::urlNoFragString@51 (line 62)
                      ; - java.security.CodeSource::<init>@30 (line 123)
                      ; - java.net.URLClassLoader::defineClass@198 (line 522)
  0x000001fff5935800: fc10 d8fe | ba3d ffff | ff48 8b6c | 2438 488b | 4c24 4048 | 894c 2420 | 488b 4c24 | 3048 894c 
  0x000001fff5935820: 2428 488b | 4c24 4848 | 894c 2430 | 488b 4c24 | 6048 894c | 2438 488b | 4c24 5848 | 894c 2448 
  0x000001fff5935840: 488b 4c24 | 6848 894c | 2460 4489 | b424 8800 | 0000 899c | 248c 0000 | 0044 899c | 2490 0000 
  0x000001fff5935860: 0044 8984 | 2494 0000 | 0044 898c | 2498 0000 | 0044 8994 | 24a0 0000 | 0066 6690 

  0x000001fff593587c: ;   {runtime_call UncommonTrapBlob}
  0x000001fff593587c: c5f8 77e8 

  0x000001fff5935880: ; ImmutableOopMap {rbp=Oop [32]=Oop [48]=Oop [56]=Oop [72]=Oop [96]=Oop [104]=Oop [136]=NarrowOop [144]=NarrowOop }
                      ;*if_icmpge {reexecute=1 rethrow=0 return_oop=0}
                      ; - (reexecute) jdk.internal.util.ArraysSupport::newLength@10 (line 638)
                      ; - java.lang.AbstractStringBuilder::newCapacity@29 (line 257)
                      ; - java.lang.AbstractStringBuilder::ensureCapacityInternal@24 (line 229)
                      ; - java.lang.AbstractStringBuilder::append@21 (line 582)
                      ; - java.lang.StringBuilder::append@2 (line 179)
                      ; - sun.net.util.URLUtil::urlNoFragString@105 (line 77)
                      ; - java.security.CodeSource::<init>@30 (line 123)
                      ; - java.net.URLClassLoader::defineClass@198 (line 522)
  0x000001fff5935880: 7c10 d8fe | baf6 ffff | ff48 8b6c | 2428 4c8b | 5424 404c | 8954 2420 | 4c8b 5424 | 304c 8954 
  0x000001fff59358a0: 2428 4c8b | 5424 484c | 8954 2430 

  0x000001fff59358ac: ;   {runtime_call UncommonTrapBlob}
  0x000001fff59358ac: c5f8 77e8 

  0x000001fff59358b0: ; ImmutableOopMap {rbp=Oop [32]=Oop [48]=Oop [80]=Oop [120]=Oop [144]=NarrowOop }
                      ;*invokevirtual concat {reexecute=0 rethrow=0 return_oop=0}
                      ; - java.net.URLClassLoader::definePackage@39 (line 552)
                      ; - java.net.URLClassLoader::defineClass@64 (line 495)
  0x000001fff59358b0: 4c10 d8fe | badf ffff | ff48 8b6c | 2428 4c8b | 5424 404c | 8954 2420 | 4c8b 5424 | 304c 8954 
  0x000001fff59358d0: 2428 4c8b | 5424 484c | 8954 2438 | 448b 9424 | 9000 0000 | 4489 5424 | 404c 8b54 | 2478 4c89 
  0x000001fff59358f0: 5424 6890 

  0x000001fff59358f4: ;   {runtime_call UncommonTrapBlob}
  0x000001fff59358f4: c5f8 77e8 

  0x000001fff59358f8: ; ImmutableOopMap {rbp=Oop [32]=Oop [56]=Oop [64]=NarrowOop [80]=Oop [88]=NarrowOop [96]=Oop [104]=Oop }
                      ;*invokeinterface getTrustedAttributes {reexecute=0 rethrow=0 return_oop=0}
                      ; - java.net.URLClassLoader::definePackage@42 (line 552)
                      ; - java.net.URLClassLoader::defineClass@64 (line 495)
  0x000001fff59358f8: 0410 d8fe | bade ffff | ff4c 8b54 | 2440 4c89 | 5424 284c | 8b54 2448 | 4c89 5424 | 4044 8b9c 
  0x000001fff5935918: 2490 0000 | 004c 8b54 | 2478 4c89 | 5424 684c | 8944 2470 | 4489 5c24 | 4c4c 8944 | 2478 6690 
  0x000001fff5935938: ;   {runtime_call UncommonTrapBlob}
  0x000001fff5935938: c5f8 77e8 

  0x000001fff593593c: ; ImmutableOopMap {rbp=NarrowOop [40]=Oop [56]=Oop [64]=Oop [76]=NarrowOop [96]=Oop [104]=Oop [112]=Oop [120]=Oop [144]=NarrowOop }
                      ;*invokeinterface get {reexecute=0 rethrow=0 return_oop=0}
                      ; - java.util.jar.Manifest::getAttributes@5 (line 159)
                      ; - java.util.jar.Manifest::getTrustedAttributes@2 (line 176)
                      ; - java.util.jar.JavaUtilJarAccessImpl::getTrustedAttributes@2 (line 68)
                      ; - java.net.URLClassLoader::definePackage@42 (line 552)
                      ; - java.net.URLClassLoader::defineClass@64 (line 495)
  0x000001fff593593c: c00f d8fe | 418b dae9 | ebcb ffff | 418b dae9 | 63cc ffff | 418b dae9 | dbcc ffff | 418b dae9 
  0x000001fff593595c: 57cd ffff 

  0x000001fff5935960: ;   {metadata('java/security/CodeSigner'[])}
  0x000001fff5935960: 498b eb48 | ba90 c800 | 0001 0000 | 0045 8bc1 

  0x000001fff5935970: ;   {runtime_call _new_array_Java}
  0x000001fff5935970: c5f8 77e8 

  0x000001fff5935974: ; ImmutableOopMap {[56]=Oop [64]=Oop [72]=Oop [88]=Oop [96]=Oop }
                      ;*invokevirtual clone {reexecute=1 rethrow=0 return_oop=1}
                      ; - (reexecute) java.security.CodeSource::<init>@42 (line 128)
                      ; - java.net.URLClassLoader::defineClass@198 (line 522)
  0x000001fff5935974: 8892 e2fe | 4c8b 4424 | 584c 8bdd | 488b d8e9 | edca ffff | ba76 ffff | ff4c 8b54 | 2440 4c89 
  0x000001fff5935994: 5424 2844 | 8974 2440 | 448b 9424 | 9000 0000 | 4489 5424 | 444c 8b54 | 2478 4c89 | 5424 68c5 
  0x000001fff59359b4: fa11 4424 | 7cc5 fa11 | 9424 9000 | 0000 6690 

  0x000001fff59359c4: ;   {runtime_call UncommonTrapBlob}
  0x000001fff59359c4: c5f8 77e8 

  0x000001fff59359c8: ; ImmutableOopMap {[40]=Oop [56]=Oop [64]=NarrowOop [68]=NarrowOop [72]=Oop [80]=Oop [96]=Oop [104]=Oop [124]=NarrowOop }
                      ;*if_icmpge {reexecute=1 rethrow=0 return_oop=0}
                      ; - (reexecute) java.lang.StringLatin1::hashCode@13 (line 196)
                      ; - java.lang.String::hashCode@27 (line 2344)
                      ; - java.util.HashMap::hash@9 (line 338)
                      ; - java.util.HashMap::getNode@23 (line 568)
                      ; - java.util.HashMap::get@2 (line 556)
                      ; - java.util.jar.Manifest::getAttributes@5 (line 159)
                      ; - java.util.jar.Manifest::getTrustedAttributes@2 (line 176)
                      ; - java.util.jar.JavaUtilJarAccessImpl::getTrustedAttributes@2 (line 68)
                      ; - java.net.URLClassLoader::definePackage@42 (line 552)
                      ; - java.net.URLClassLoader::defineClass@64 (line 495)
  0x000001fff59359c8: 340f d8fe | bb01 0000 | 0049 bb00 | 0048 fcff | 0100 004c | 899c 24e8 | 0000 00e9 | 8eb5 ffff 
  0x000001fff59359e8: ba45 ffff | ff48 8b6c | 2428 4c8b | 5424 404c | 8954 2420 | 4c8b 5424 | 304c 8954 | 2428 4c8b 
  0x000001fff5935a08: 5424 484c | 8954 2438 | 448b 9424 | 9000 0000 | 4489 5424 | 404c 8b54 | 2478 4c89 | 5424 58c5 
  0x000001fff5935a28: fa11 8424 | 8000 0000 | 4489 9c24 | 8800 0000 

  0x000001fff5935a38: ;   {runtime_call UncommonTrapBlob}
  0x000001fff5935a38: c5f8 77e8 

  0x000001fff5935a3c: ; ImmutableOopMap {rbp=Oop [32]=Oop [56]=Oop [64]=NarrowOop [80]=Oop [88]=Oop [96]=Oop [128]=NarrowOop }
                      ;*ifle {reexecute=1 rethrow=0 return_oop=0}
                      ; - (reexecute) java.util.HashMap::getNode@14 (line 567)
                      ; - java.util.HashMap::get@2 (line 556)
                      ; - java.util.jar.Manifest::getAttributes@5 (line 159)
                      ; - java.util.jar.Manifest::getTrustedAttributes@2 (line 176)
                      ; - java.util.jar.JavaUtilJarAccessImpl::getTrustedAttributes@2 (line 68)
                      ; - java.net.URLClassLoader::definePackage@42 (line 552)
                      ; - java.net.URLClassLoader::defineClass@64 (line 495)
  0x000001fff5935a3c: c00e d8fe | ba3f 0000 | 0048 8b6c | 2428 4c8b | 5424 404c | 8954 2420 | 4c8b 5424 | 304c 8954 
  0x000001fff5935a5c: 2428 4c8b | 5424 484c | 8954 2438 | 448b 9424 | 9000 0000 | 4489 5424 | 4066 6690 

  0x000001fff5935a78: ;   {runtime_call UncommonTrapBlob}
  0x000001fff5935a78: c5f8 77e8 

  0x000001fff5935a7c: ; ImmutableOopMap {rbp=Oop [32]=Oop [56]=Oop [64]=NarrowOop [80]=Oop [96]=Oop [120]=Oop }
                      ;*new {reexecute=0 rethrow=0 return_oop=0}
                      ; - java.util.jar.Manifest::getTrustedAttributes@28 (line 178)
                      ; - java.util.jar.JavaUtilJarAccessImpl::getTrustedAttributes@2 (line 68)
                      ; - java.net.URLClassLoader::definePackage@42 (line 552)
                      ; - java.net.URLClassLoader::defineClass@64 (line 495)
  0x000001fff5935a7c: 800e d8fe | 4889 4c24 | 6848 897c | 2478 4489 | 5c24 4c41 | 8be9 4c89 | 4424 5844 | 8974 2448 
  0x000001fff5935a9c: 4c89 6c24 | 6048 8974 

  0x000001fff5935aa4: ;   {metadata('java/util/jar/JarVerifier$VerifierStream')}
  0x000001fff5935aa4: 2420 48ba | 08f3 8500 | 0100 0000 

  0x000001fff5935ab0: ;   {runtime_call _new_instance_Java}
  0x000001fff5935ab0: c5f8 77e8 

  0x000001fff5935ab4: ; ImmutableOopMap {rbp=NarrowOop [32]=Oop [40]=Oop [56]=Oop [64]=Oop [76]=NarrowOop [88]=Oop [96]=Oop [104]=Oop [120]=Oop [144]=NarrowOop }
                      ;*new {reexecute=0 rethrow=0 return_oop=1}
                      ; - java.util.jar.JarFile::getInputStream@46 (line 857)
                      ; - jdk.internal.loader.URLClassPath$JarLoader$2::getInputStream@11 (line 879)
                      ; - jdk.internal.loader.Resource::cachedInputStream@9 (line 77)
                      ; - jdk.internal.loader.Resource::getByteBuffer@1 (line 163)
                      ; - java.net.URLClassLoader::defineClass@132 (line 511)
  0x000001fff5935ab4: 488e e2fe | e933 cdff | ff44 8954 | 2470 4c89 | 4c24 6844 | 8944 244c 

  0x000001fff5935acc: ;   {metadata('sun/security/util/ManifestEntryVerifier')}
  0x000001fff5935acc: 48ba d0e4 | 0000 0100 | 0000 6690 

  0x000001fff5935ad8: ;   {runtime_call _new_instance_Java}
  0x000001fff5935ad8: c5f8 77e8 

  0x000001fff5935adc: ; ImmutableOopMap {rbp=Oop [32]=Oop [40]=Oop [56]=Oop [64]=Oop [76]=NarrowOop [88]=Oop [96]=Oop [104]=Oop [112]=NarrowOop [120]=Oop [128]=Oop [136]=Oop [144]=NarrowOop }
                      ;*new {reexecute=0 rethrow=0 return_oop=1}
                      ; - java.util.jar.JarVerifier$VerifierStream::<init>@22 (line 453)
                      ; - java.util.jar.JarFile::getInputStream@68 (line 860)
                      ; - jdk.internal.loader.URLClassPath$JarLoader$2::getInputStream@11 (line 879)
                      ; - jdk.internal.loader.Resource::cachedInputStream@9 (line 77)
                      ; - jdk.internal.loader.Resource::getByteBuffer@1 (line 163)
                      ; - java.net.URLClassLoader::defineClass@132 (line 511)
  0x000001fff5935adc: 208e e2fe | 448b 4424 | 4c4c 8b4c | 2468 448b | 5424 7048 | 8bc8 e92e | ceff ff89 | 9c24 d000 
  0x000001fff5935afc: 0000 4889 | ac24 c800 

  0x000001fff5935b04: ;   {metadata('java/util/ArrayList')}
  0x000001fff5935b04: 0000 48ba | 4054 0500 | 0100 0000 | 488b 6c24 | 3866 6690 

  0x000001fff5935b18: ;   {runtime_call _new_instance_Java}
  0x000001fff5935b18: c5f8 77e8 

  0x000001fff5935b1c: ; ImmutableOopMap {rbp=Oop [32]=Oop [40]=Oop [56]=Oop [64]=Oop [76]=NarrowOop [88]=Oop [96]=Oop [104]=Oop [112]=Oop [120]=Oop [128]=Oop [136]=Oop [144]=NarrowOop [148]=NarrowOop [200]=Oop [208]=NarrowOop [212]=NarrowOop }
                      ;*new {reexecute=0 rethrow=0 return_oop=1}
                      ; - sun.security.util.ManifestEntryVerifier::<init>@33 (line 82)
                      ; - java.util.jar.JarVerifier$VerifierStream::<init>@32 (line 453)
                      ; - java.util.jar.JarFile::getInputStream@68 (line 860)
                      ; - jdk.internal.loader.URLClassPath$JarLoader$2::getInputStream@11 (line 879)
                      ; - jdk.internal.loader.Resource::cachedInputStream@9 (line 77)
                      ; - jdk.internal.loader.Resource::getByteBuffer@1 (line 163)
                      ; - java.net.URLClassLoader::defineClass@132 (line 511)
  0x000001fff5935b1c: e08d e2fe | 4c8b d048 | 8bac 24c8 | 0000 008b | 9c24 d000 | 0000 e9fb | ceff ff89 | 9c24 d000 
  0x000001fff5935b3c: 0000 4889 | ac24 c800 

  0x000001fff5935b44: ;   {metadata('java/util/ArrayList')}
  0x000001fff5935b44: 0000 48ba | 4054 0500 | 0100 0000 | 488b 6c24 | 3866 6690 

  0x000001fff5935b58: ;   {runtime_call _new_instance_Java}
  0x000001fff5935b58: c5f8 77e8 

  0x000001fff5935b5c: ; ImmutableOopMap {rbp=Oop [32]=Oop [40]=Oop [56]=Oop [64]=Oop [76]=NarrowOop [88]=Oop [96]=Oop [104]=Oop [112]=Oop [120]=Oop [128]=Oop [136]=Oop [144]=NarrowOop [148]=NarrowOop [200]=Oop [208]=NarrowOop [212]=NarrowOop }
                      ;*new {reexecute=0 rethrow=0 return_oop=1}
                      ; - sun.security.util.ManifestEntryVerifier::<init>@44 (line 83)
                      ; - java.util.jar.JarVerifier$VerifierStream::<init>@32 (line 453)
                      ; - java.util.jar.JarFile::getInputStream@68 (line 860)
                      ; - jdk.internal.loader.URLClassPath$JarLoader$2::getInputStream@11 (line 879)
                      ; - jdk.internal.loader.Resource::cachedInputStream@9 (line 77)
                      ; - jdk.internal.loader.Resource::getByteBuffer@1 (line 163)
                      ; - java.net.URLClassLoader::defineClass@132 (line 511)
  0x000001fff5935b5c: a08d e2fe | 4c8b d048 | 8bac 24c8 | 0000 008b | 9c24 d000 | 0000 e941 | cfff ff44 | 899c 2494 
  0x000001fff5935b7c: 0000 0048 | 894c 2470 | 4c89 4c24 | 6844 8944 

  0x000001fff5935b8c: ;   {metadata('java/util/HashMap')}
  0x000001fff5935b8c: 244c 48ba | 101b 0600 | 0100 0000 

  0x000001fff5935b98: ;   {runtime_call _new_instance_Java}
  0x000001fff5935b98: c5f8 77e8 

  0x000001fff5935b9c: ; ImmutableOopMap {rbp=Oop [32]=Oop [40]=Oop [56]=Oop [64]=Oop [76]=NarrowOop [88]=Oop [96]=Oop [104]=Oop [112]=Oop [120]=Oop [128]=Oop [136]=Oop [144]=NarrowOop [148]=NarrowOop }
                      ;*new {reexecute=0 rethrow=0 return_oop=1}
                      ; - sun.security.util.ManifestEntryVerifier::<init>@20 (line 81)
                      ; - java.util.jar.JarVerifier$VerifierStream::<init>@32 (line 453)
                      ; - java.util.jar.JarFile::getInputStream@68 (line 860)
                      ; - jdk.internal.loader.URLClassPath$JarLoader$2::getInputStream@11 (line 879)
                      ; - jdk.internal.loader.Resource::cachedInputStream@9 (line 77)
                      ; - jdk.internal.loader.Resource::getByteBuffer@1 (line 163)
                      ; - java.net.URLClassLoader::defineClass@132 (line 511)
  0x000001fff5935b9c: 608d e2fe | e9e6 cdff | ffba f6ff | ffff 4c8b | 5424 404c | 8954 2420 | 4c8b 5424 | 304c 8954 
  0x000001fff5935bbc: 2428 4c8b | 5424 484c | 8954 2430 | 4c8b 5424 | 504c 8954 | 2448 6690 

  0x000001fff5935bd4: ;   {runtime_call UncommonTrapBlob}
  0x000001fff5935bd4: c5f8 77e8 

  0x000001fff5935bd8: ; ImmutableOopMap {rbp=Oop [32]=Oop [48]=Oop [72]=Oop [120]=Oop [144]=NarrowOop [168]=Oop }
                      ;*invokevirtual find {reexecute=0 rethrow=0 return_oop=0}
                      ; - java.util.HashMap$TreeNode::getTreeNode@18 (line 2040)
                      ; - java.util.HashMap::getNode@95 (line 574)
                      ; - java.util.HashMap::get@2 (line 556)
                      ; - java.util.jar.Manifest::getAttributes@5 (line 159)
                      ; - java.util.jar.Manifest::getTrustedAttributes@2 (line 176)
                      ; - java.util.jar.JavaUtilJarAccessImpl::getTrustedAttributes@2 (line 68)
                      ; - java.net.URLClassLoader::definePackage@42 (line 552)
                      ; - java.net.URLClassLoader::defineClass@64 (line 495)
  0x000001fff5935bd8: 240d d8fe | ba45 ffff | ff4c 8b54 | 2440 4c89 | 5424 284c | 8b54 2448 | 4c89 5424 | 4044 8b94 
  0x000001fff5935bf8: 2490 0000 | 0044 8954 | 2448 4c8b | 5424 784c | 8954 2468 | 4489 8424 | 8800 0000 | 448b 9424 
  0x000001fff5935c18: a000 0000 | 4489 9424 | 8c00 0000 | 4c89 8c24 | 9800 0000 | 899c 24a0 | 0000 0090 

  0x000001fff5935c34: ;   {runtime_call UncommonTrapBlob}
  0x000001fff5935c34: c5f8 77e8 

  0x000001fff5935c38: ; ImmutableOopMap {[40]=Oop [56]=Oop [64]=Oop [72]=NarrowOop [80]=Oop [96]=Oop [104]=Oop [136]=NarrowOop [152]=Oop }
                      ;*if_icmpne {reexecute=1 rethrow=0 return_oop=0}
                      ; - (reexecute) java.lang.String::equals@33 (line 1830)
                      ; - java.util.HashMap::getNode@63 (line 570)
                      ; - java.util.HashMap::get@2 (line 556)
                      ; - java.util.jar.Manifest::getAttributes@5 (line 159)
                      ; - java.util.jar.Manifest::getTrustedAttributes@2 (line 176)
                      ; - java.util.jar.JavaUtilJarAccessImpl::getTrustedAttributes@2 (line 68)
                      ; - java.net.URLClassLoader::definePackage@42 (line 552)
                      ; - java.net.URLClassLoader::defineClass@64 (line 495)
  0x000001fff5935c38: c40c d8fe | bace ffff | ff48 8b6c | 2438 4c8b | 5424 404c | 8954 2420 | 4c8b 5424 | 304c 8954 
  0x000001fff5935c58: 2428 4c8b | 5424 484c | 8954 2430 | 4c8b 5424 | 604c 8954 | 2438 4c8b | 5424 584c | 8954 2448 
  0x000001fff5935c78: 4489 8c24 | 8000 0000 

  0x000001fff5935c80: ;   {runtime_call UncommonTrapBlob}
  0x000001fff5935c80: c5f8 77e8 

  0x000001fff5935c84: ; ImmutableOopMap {rbp=Oop [32]=Oop [48]=Oop [56]=Oop [72]=Oop [104]=Oop [128]=NarrowOop [136]=NarrowOop [144]=NarrowOop }
                      ;*invokestatic inflate {reexecute=0 rethrow=0 return_oop=0}
                      ; - java.lang.String::getBytes@42 (line 4481)
                      ; - java.lang.AbstractStringBuilder::putStringAt@30 (line 1720)
                      ; - java.lang.AbstractStringBuilder::putStringAt@8 (line 1724)
                      ; - java.lang.AbstractStringBuilder::append@30 (line 583)
                      ; - java.lang.StringBuilder::append@2 (line 179)
                      ; - sun.net.util.URLUtil::urlNoFragString@24 (line 54)
                      ; - java.security.CodeSource::<init>@30 (line 123)
                      ; - java.net.URLClassLoader::defineClass@198 (line 522)
  0x000001fff5935c84: 780c d8fe | bace ffff | ff48 8b6c | 2438 4c8b | 5424 404c | 8954 2420 | 4c8b 5424 | 304c 8954 
  0x000001fff5935ca4: 2428 4c8b | 5424 484c | 8954 2430 | 4c8b 5424 | 604c 8954 | 2438 4c8b | 5424 584c | 8954 2448 
  0x000001fff5935cc4: 4489 8c24 | 8000 0000 

  0x000001fff5935ccc: ;   {runtime_call UncommonTrapBlob}
  0x000001fff5935ccc: c5f8 77e8 

  0x000001fff5935cd0: ; ImmutableOopMap {rbp=Oop [32]=Oop [48]=Oop [56]=Oop [72]=Oop [104]=Oop [128]=NarrowOop [136]=NarrowOop [144]=NarrowOop }
                      ;*invokestatic inflate {reexecute=0 rethrow=0 return_oop=0}
                      ; - java.lang.String::getBytes@42 (line 4481)
                      ; - java.lang.AbstractStringBuilder::putStringAt@30 (line 1720)
                      ; - java.lang.AbstractStringBuilder::putStringAt@8 (line 1724)
                      ; - java.lang.AbstractStringBuilder::append@30 (line 583)
                      ; - java.lang.StringBuilder::append@2 (line 179)
                      ; - sun.net.util.URLUtil::urlNoFragString@24 (line 54)
                      ; - java.security.CodeSource::<init>@30 (line 123)
                      ; - java.net.URLClassLoader::defineClass@198 (line 522)
  0x000001fff5935cd0: 2c0c d8fe | bace ffff | ff48 8b6c | 2438 4c8b | 5424 404c | 8954 2420 | 4c8b 5424 | 304c 8954 
  0x000001fff5935cf0: 2428 4c8b | 5424 484c | 8954 2430 | 4c8b 5424 | 604c 8954 | 2438 4c8b | 5424 584c | 8954 2448 
  0x000001fff5935d10: 4c8b 5424 | 684c 8954 | 2460 4489 | 4c24 7889 | 7424 7c89 | 9c24 8000 | 0000 4489 | 8424 8400 
  0x000001fff5935d30: 0000 6690 

  0x000001fff5935d34: ;   {runtime_call UncommonTrapBlob}
  0x000001fff5935d34: c5f8 77e8 

  0x000001fff5935d38: ; ImmutableOopMap {rbp=Oop [32]=Oop [48]=Oop [56]=Oop [72]=Oop [96]=Oop [104]=Oop [120]=NarrowOop [124]=NarrowOop [144]=NarrowOop }
                      ;*invokestatic inflate {reexecute=0 rethrow=0 return_oop=0}
                      ; - java.lang.String::getBytes@42 (line 4481)
                      ; - java.lang.AbstractStringBuilder::putStringAt@30 (line 1720)
                      ; - java.lang.AbstractStringBuilder::putStringAt@8 (line 1724)
                      ; - java.lang.AbstractStringBuilder::append@30 (line 583)
                      ; - java.lang.StringBuilder::append@2 (line 179)
                      ; - sun.net.util.URLUtil::urlNoFragString@51 (line 62)
                      ; - java.security.CodeSource::<init>@30 (line 123)
                      ; - java.net.URLClassLoader::defineClass@198 (line 522)
  0x000001fff5935d38: c40b d8fe | bace ffff | ff48 8b6c | 2438 4c8b | 5424 404c | 8954 2420 | 4c8b 5424 | 304c 8954 
  0x000001fff5935d58: 2428 4c8b | 5424 484c | 8954 2430 | 4c8b 5424 | 604c 8954 | 2438 4c8b | 5424 584c | 8954 2448 
  0x000001fff5935d78: 4c8b 5424 | 684c 8954 | 2460 4489 | 4c24 7889 | 7424 7c89 | 9c24 8000 | 0000 4489 | 8424 8400 
  0x000001fff5935d98: 0000 6690 

  0x000001fff5935d9c: ;   {runtime_call UncommonTrapBlob}
  0x000001fff5935d9c: c5f8 77e8 

  0x000001fff5935da0: ; ImmutableOopMap {rbp=Oop [32]=Oop [48]=Oop [56]=Oop [72]=Oop [96]=Oop [104]=Oop [120]=NarrowOop [124]=NarrowOop [144]=NarrowOop }
                      ;*invokestatic inflate {reexecute=0 rethrow=0 return_oop=0}
                      ; - java.lang.String::getBytes@42 (line 4481)
                      ; - java.lang.AbstractStringBuilder::putStringAt@30 (line 1720)
                      ; - java.lang.AbstractStringBuilder::putStringAt@8 (line 1724)
                      ; - java.lang.AbstractStringBuilder::append@30 (line 583)
                      ; - java.lang.StringBuilder::append@2 (line 179)
                      ; - sun.net.util.URLUtil::urlNoFragString@51 (line 62)
                      ; - java.security.CodeSource::<init>@30 (line 123)
                      ; - java.net.URLClassLoader::defineClass@198 (line 522)
  0x000001fff5935da0: 5c0b d8fe | bace ffff | ff4c 8b4c | 2438 498b | e94c 8b4c | 2440 4c89 | 4c24 204c | 8b4c 2430 
  0x000001fff5935dc0: 4c89 4c24 | 284c 8b4c | 2448 4c89 | 4c24 304c | 8b4c 2460 | 4c89 4c24 | 384c 8b4c | 2458 4c89 
  0x000001fff5935de0: 4c24 4889 | 5c24 7044 | 8954 2474 | 897c 2478 | 4489 5c24 | 7c44 8984 | 2480 0000 | 0066 6690 
  0x000001fff5935e00: ;   {runtime_call UncommonTrapBlob}
  0x000001fff5935e00: c5f8 77e8 

  0x000001fff5935e04: ; ImmutableOopMap {rbp=Oop [32]=Oop [48]=Oop [56]=Oop [72]=Oop [104]=Oop [116]=NarrowOop [120]=NarrowOop }
                      ;*invokestatic inflate {reexecute=0 rethrow=0 return_oop=0}
                      ; - java.lang.String::getBytes@42 (line 4481)
                      ; - java.lang.AbstractStringBuilder::putStringAt@30 (line 1720)
                      ; - java.lang.AbstractStringBuilder::putStringAt@8 (line 1724)
                      ; - java.lang.AbstractStringBuilder::append@30 (line 583)
                      ; - java.lang.StringBuilder::append@2 (line 179)
                      ; - sun.net.util.URLUtil::urlNoFragString@105 (line 77)
                      ; - java.security.CodeSource::<init>@30 (line 123)
                      ; - java.net.URLClassLoader::defineClass@198 (line 522)
  0x000001fff5935e04: f80a d8fe | bace ffff | ff4c 8b4c | 2438 498b | e94c 8b4c | 2440 4c89 | 4c24 204c | 8b4c 2430 
  0x000001fff5935e24: 4c89 4c24 | 284c 8b4c | 2448 4c89 | 4c24 304c | 8b4c 2460 | 4c89 4c24 | 384c 8b4c | 2458 4c89 
  0x000001fff5935e44: 4c24 4889 | 5c24 7044 | 8954 2474 | 897c 2478 | 4489 5c24 | 7c44 8984 | 2480 0000 | 0066 6690 
  0x000001fff5935e64: ;   {runtime_call UncommonTrapBlob}
  0x000001fff5935e64: c5f8 77e8 

  0x000001fff5935e68: ; ImmutableOopMap {rbp=Oop [32]=Oop [48]=Oop [56]=Oop [72]=Oop [104]=Oop [116]=NarrowOop [120]=NarrowOop }
                      ;*invokestatic inflate {reexecute=0 rethrow=0 return_oop=0}
                      ; - java.lang.String::getBytes@42 (line 4481)
                      ; - java.lang.AbstractStringBuilder::putStringAt@30 (line 1720)
                      ; - java.lang.AbstractStringBuilder::putStringAt@8 (line 1724)
                      ; - java.lang.AbstractStringBuilder::append@30 (line 583)
                      ; - java.lang.StringBuilder::append@2 (line 179)
                      ; - sun.net.util.URLUtil::urlNoFragString@105 (line 77)
                      ; - java.security.CodeSource::<init>@30 (line 123)
                      ; - java.net.URLClassLoader::defineClass@198 (line 522)
  0x000001fff5935e68: 940a d8fe | ba45 ffff | ff4c 8b5c | 2440 4c89 | 5c24 284c | 8b5c 2448 | 4c89 5c24 | 4044 8b9c 
  0x000001fff5935e88: 2490 0000 | 0044 895c | 2448 4c8b | 5c24 784c | 895c 2468 | 4c89 9424 | 8800 0000 | 448b 9c24 
  0x000001fff5935ea8: a000 0000 | 4489 9c24 | 9000 0000 | 4889 8c24 | a000 0000 | 4489 8c24 | 9400 0000 

  0x000001fff5935ec4: ;   {runtime_call UncommonTrapBlob}
  0x000001fff5935ec4: c5f8 77e8 

  0x000001fff5935ec8: ; ImmutableOopMap {[40]=Oop [56]=Oop [64]=Oop [72]=NarrowOop [80]=Oop [96]=Oop [104]=Oop [136]=Oop [160]=Oop [168]=Oop }
                      ;*if_icmpne {reexecute=1 rethrow=0 return_oop=0}
                      ; - (reexecute) java.lang.String::equals@33 (line 1830)
                      ; - java.util.HashMap::getNode@128 (line 577)
                      ; - java.util.HashMap::get@2 (line 556)
                      ; - java.util.jar.Manifest::getAttributes@5 (line 159)
                      ; - java.util.jar.Manifest::getTrustedAttributes@2 (line 176)
                      ; - java.util.jar.JavaUtilJarAccessImpl::getTrustedAttributes@2 (line 68)
                      ; - java.net.URLClassLoader::definePackage@42 (line 552)
                      ; - java.net.URLClassLoader::defineClass@64 (line 495)
  0x000001fff5935ec8: 340a d8fe | baf6 ffff | ff48 8b6c | 2438 4c8b | 5424 404c | 8954 2420 | 4c8b 5424 | 304c 8954 
  0x000001fff5935ee8: 2428 448b | 5424 4c44 | 8954 243c | 4c89 5c24 | 5066 6690 

  0x000001fff5935efc: ;   {runtime_call UncommonTrapBlob}
  0x000001fff5935efc: c5f8 77e8 

  0x000001fff5935f00: ; ImmutableOopMap {rbp=Oop [32]=Oop [60]=NarrowOop [80]=Oop [88]=Oop [96]=Oop [136]=Oop [144]=NarrowOop }
                      ;*invokevirtual beginEntry {reexecute=0 rethrow=0 return_oop=0}
                      ; - java.util.jar.JarVerifier$VerifierStream::<init>@47 (line 454)
                      ; - java.util.jar.JarFile::getInputStream@68 (line 860)
                      ; - jdk.internal.loader.URLClassPath$JarLoader$2::getInputStream@11 (line 879)
                      ; - jdk.internal.loader.Resource::cachedInputStream@9 (line 77)
                      ; - jdk.internal.loader.Resource::getByteBuffer@1 (line 163)
                      ; - java.net.URLClassLoader::defineClass@132 (line 511)
  0x000001fff5935f00: fc09 d8fe | 498b d7c5 | f877 49ba | 7093 14f6 | fd7f 0000 | 41ff d2e9 | 8dc5 ffff | ba66 ffff 
  0x000001fff5935f20: ff48 8b6c | 2438 4c8b | 5424 284c | 8954 2420 | 4c8b 5424 | 304c 8954 | 2428 448b | 5c24 5444 
  0x000001fff5935f40: 895c 2450 

  0x000001fff5935f44: ;   {runtime_call UncommonTrapBlob}
  0x000001fff5935f44: c5f8 77e8 

  0x000001fff5935f48: ; ImmutableOopMap {rbp=Oop [32]=Oop [72]=Oop [80]=NarrowOop [84]=NarrowOop [120]=Oop [144]=NarrowOop }
                      ;*invokevirtual getManifest {reexecute=0 rethrow=0 return_oop=0}
                      ; - java.util.jar.JarFile::maybeInstantiateVerifier@31 (line 724)
                      ; - java.util.jar.JarFile::ensureInitialization@1 (line 1028)
                      ; - java.util.jar.JavaUtilJarAccessImpl::ensureInitialization@1 (line 72)
                      ; - jdk.internal.loader.URLClassPath$JarLoader$2::getManifest@10 (line 883)
                      ; - java.net.URLClassLoader::defineClass@34 (line 491)
  0x000001fff5935f48: b409 d8fe | 418b f249 | 8bd9 418b | f849 8bd7 | c5f8 7749 | ba70 9314 | f6fd 7f00 | 0041 ffd2 
  0x000001fff5935f68: 448b c74c | 8bcb 448b | d6e9 2ec9 | ffff 418b | ea48 8bf0 | 498b d941 | 8bf8 498b | d7c5 f877 
  0x000001fff5935f88: 49ba 7093 | 14f6 fd7f | 0000 41ff | d244 8bc7 | 4c8b cb48 | 8bde 448b | d5e9 bdc8 | ffff 498b 
  0x000001fff5935fa8: d7c5 f877 | 49ba 7093 | 14f6 fd7f | 0000 41ff | d2e9 8aee | ffff 498b | d7c5 f877 | 49ba 7093 
  0x000001fff5935fc8: 14f6 fd7f | 0000 41ff | d2e9 adee | ffff 498b | d7c5 f877 | 49ba 7093 | 14f6 fd7f | 0000 41ff 
  0x000001fff5935fe8: d2e9 09ef | ffff 498b | f949 8bd7 | c5f8 7749 | ba70 9314 | f6fd 7f00 | 0041 ffd2 | 4c8b cfe9 
  0x000001fff5936008: 4ccb ffff | 498b f149 | 8bd7 c5f8 | 7749 ba70 | 9314 f6fd | 7f00 0041 | ffd2 4c8b | 4424 684c 
  0x000001fff5936028: 8bce e97e | cbff ffba | 45ff ffff | 488b 6c24 | 384c 8b5c | 2440 4c89 | 5c24 204c | 8b5c 2430 
  0x000001fff5936048: 4c89 5c24 | 284c 8b5c | 2460 4c89 | 5c24 3044 | 8b9c 2490 | 0000 0044 | 895c 2438 | 4c8b 5c24 
  0x000001fff5936068: 584c 895c | 2448 4c89 | 5c24 504c | 8b5c 2470 | 4489 4424 | 3c4c 895c | 2460 4c8b | 9c24 8000 
  0x000001fff5936088: 0000 4c89 | 5c24 684c | 8b9c 2488 | 0000 004c | 895c 2478 | 4489 9424 | 8000 0000 | 4889 8424 
  0x000001fff59360a8: 9000 0000 

  0x000001fff59360ac: ;   {runtime_call UncommonTrapBlob}
  0x000001fff59360ac: c5f8 77e8 

  0x000001fff59360b0: ; ImmutableOopMap {rbp=Oop [32]=Oop [48]=Oop [56]=NarrowOop [60]=NarrowOop [72]=Oop [80]=Oop [96]=Oop [104]=Oop [112]=Oop [120]=Oop [128]=NarrowOop [144]=Oop }
                      ;*ifnonnull {reexecute=1 rethrow=0 return_oop=0}
                      ; - (reexecute) java.util.Objects::requireNonNull@1 (line 208)
                      ; - java.util.jar.JarVerifier$VerifierStream::<init>@6 (line 451)
                      ; - java.util.jar.JarFile::getInputStream@68 (line 860)
                      ; - jdk.internal.loader.URLClassPath$JarLoader$2::getInputStream@11 (line 879)
                      ; - jdk.internal.loader.Resource::cachedInputStream@9 (line 77)
                      ; - jdk.internal.loader.Resource::getByteBuffer@1 (line 163)
                      ; - java.net.URLClassLoader::defineClass@132 (line 511)
  0x000001fff59360b0: 4c08 d8fe | ba66 ffff | ff48 8b6c | 2438 4c8b | 5424 304c | 8954 2428 | 4c8b 5424 | 604c 8954 
  0x000001fff59360d0: 2430 448b | 5424 4844 | 8954 2438 | 4c8b 5424 | 684c 8954 | 2448 4c89 | 5424 5044 | 8b5c 2470 
  0x000001fff59360f0: 4489 5c24 | 5c44 895c | 2460 6690 

  0x000001fff59360fc: ;   {runtime_call UncommonTrapBlob}
  0x000001fff59360fc: c5f8 77e8 

  0x000001fff5936100: ; ImmutableOopMap {rbp=Oop [32]=Oop [48]=Oop [56]=NarrowOop [72]=Oop [80]=Oop [92]=NarrowOop [96]=NarrowOop [116]=NarrowOop }
                      ;*invokevirtual getManifest {reexecute=0 rethrow=0 return_oop=0}
                      ; - java.util.jar.JarFile::maybeInstantiateVerifier@31 (line 724)
                      ; - java.util.jar.JarFile::getInputStream@1 (line 842)
                      ; - jdk.internal.loader.URLClassPath$JarLoader$2::getInputStream@11 (line 879)
                      ; - jdk.internal.loader.Resource::cachedInputStream@9 (line 77)
                      ; - jdk.internal.loader.Resource::getByteBuffer@1 (line 163)
                      ; - java.net.URLClassLoader::defineClass@132 (line 511)
  0x000001fff5936100: fc07 d8fe | baf6 ffff | ff4c 8b54 | 2438 4c89 | 5424 204c | 8b54 2440 | 4c89 5424 | 2866 6690 
  0x000001fff5936120: ;   {runtime_call UncommonTrapBlob}
  0x000001fff5936120: c5f8 77e8 

  0x000001fff5936124: ; ImmutableOopMap {rbp=NarrowOop [32]=Oop [40]=Oop [76]=NarrowOop [88]=Oop [96]=Oop [144]=NarrowOop }
                      ;*invokevirtual update {reexecute=0 rethrow=0 return_oop=0}
                      ; - java.util.jar.JarVerifier$VerifierStream::<init>@76 (line 457)
                      ; - java.util.jar.JarFile::getInputStream@68 (line 860)
                      ; - jdk.internal.loader.URLClassPath$JarLoader$2::getInputStream@11 (line 879)
                      ; - jdk.internal.loader.Resource::cachedInputStream@9 (line 77)
                      ; - jdk.internal.loader.Resource::getByteBuffer@1 (line 163)
                      ; - java.net.URLClassLoader::defineClass@132 (line 511)
  0x000001fff5936124: d807 d8fe | 448b d9ba | 0100 0000 | 49ba 0000 | 48fc ff01 | 0000 4c89 | 9424 e800 | 0000 e962 
  0x000001fff5936144: d7ff ffba | ceff ffff | 4c8b 5424 | 384c 8954 | 2420 4c8b | 5424 404c | 8954 2428 | 4c8b 5424 
  0x000001fff5936164: 484c 8954 | 2438 4c8b | 5424 604c | 8954 2440 | 4c8b 5424 | 584c 8954 | 2450 4c89 | 4424 684c 
  0x000001fff5936184: 8944 2470 

  0x000001fff5936188: ;   {runtime_call UncommonTrapBlob}
  0x000001fff5936188: c5f8 77e8 

  0x000001fff593618c: ; ImmutableOopMap {rbp=NarrowOop [32]=Oop [40]=Oop [56]=Oop [64]=Oop [80]=Oop [104]=Oop [112]=Oop [144]=NarrowOop }
                      ;*invokestatic inflate {reexecute=0 rethrow=0 return_oop=0}
                      ; - java.lang.String::getBytes@42 (line 4481)
                      ; - java.lang.AbstractStringBuilder::putStringAt@30 (line 1720)
                      ; - java.lang.AbstractStringBuilder::putStringAt@8 (line 1724)
                      ; - java.lang.AbstractStringBuilder::append@30 (line 583)
                      ; - java.lang.StringBuilder::append@2 (line 179)
                      ; - sun.net.util.URLUtil::urlNoFragString@31 (line 55)
                      ; - java.security.CodeSource::<init>@30 (line 123)
                      ; - java.net.URLClassLoader::defineClass@198 (line 522)
  0x000001fff593618c: 7007 d8fe | bade ffff | ff48 8b6c | 2438 4889 | 4424 3890 

  0x000001fff59361a0: ;   {runtime_call UncommonTrapBlob}
  0x000001fff59361a0: c5f8 77e8 

  0x000001fff59361a4: ; ImmutableOopMap {rbp=Oop [56]=Oop [64]=Oop [72]=Oop }
                      ;*checkcast {reexecute=0 rethrow=0 return_oop=0}
                      ; - java.security.SecureClassLoader::getProtectionDomain@34 (line 222)
                      ; - java.security.SecureClassLoader::defineClass@9 (line 150)
                      ; - java.net.URLClassLoader::defineClass@220 (line 524)
  0x000001fff59361a4: 5807 d8fe | bade ffff | ff4c 8b54 | 2440 4c89 | 5424 284c | 8b54 2448 | 4c89 5424 | 4044 8b9c 
  0x000001fff59361c4: 2490 0000 | 004c 8b54 | 2478 4c89 | 5424 6844 | 895c 244c 

  0x000001fff59361d8: ;   {runtime_call UncommonTrapBlob}
  0x000001fff59361d8: c5f8 77e8 

  0x000001fff59361dc: ; ImmutableOopMap {rbp=NarrowOop [40]=Oop [56]=Oop [64]=Oop [76]=NarrowOop [80]=Oop [96]=Oop [104]=Oop [144]=NarrowOop }
                      ;*checkcast {reexecute=0 rethrow=0 return_oop=0}
                      ; - java.util.jar.Manifest::getAttributes@10 (line 159)
                      ; - java.util.jar.Manifest::getTrustedAttributes@2 (line 176)
                      ; - java.util.jar.JavaUtilJarAccessImpl::getTrustedAttributes@2 (line 68)
                      ; - java.net.URLClassLoader::definePackage@42 (line 552)
                      ; - java.net.URLClassLoader::defineClass@64 (line 495)
  0x000001fff59361dc: 2007 d8fe | bade ffff | ff48 8b6c | 2438 4c8b | 5c24 404c | 895c 2420 | 4c8b 5c24 | 304c 895c 
  0x000001fff59361fc: 2428 4c8b | 5c24 484c | 895c 2438 | 448b 8c24 | 9000 0000 | 4c8b 5c24 | 784c 895c | 2458 458b 
  0x000001fff593621c: d944 895c | 2444 4c89 | 9424 8000 | 0000 4489 | 8424 9800 | 0000 6690 

  0x000001fff5936234: ;   {runtime_call UncommonTrapBlob}
  0x000001fff5936234: c5f8 77e8 

  0x000001fff5936238: ; ImmutableOopMap {rbp=Oop [32]=Oop [56]=Oop [68]=NarrowOop [80]=Oop [88]=Oop [96]=Oop [128]=Oop [152]=NarrowOop [168]=Oop }
                      ;*instanceof {reexecute=0 rethrow=0 return_oop=0}
                      ; - java.lang.String::equals@8 (line 1832)
                      ; - java.util.HashMap::getNode@128 (line 577)
                      ; - java.util.HashMap::get@2 (line 556)
                      ; - java.util.jar.Manifest::getAttributes@5 (line 159)
                      ; - java.util.jar.Manifest::getTrustedAttributes@2 (line 176)
                      ; - java.util.jar.JavaUtilJarAccessImpl::getTrustedAttributes@2 (line 68)
                      ; - java.net.URLClassLoader::definePackage@42 (line 552)
                      ; - java.net.URLClassLoader::defineClass@64 (line 495)
  0x000001fff5936238: c406 d8fe | bade ffff | ff48 8b6c | 2438 4c8b | 5424 404c | 8954 2420 | 4c8b 5424 | 304c 8954 
  0x000001fff5936258: 2428 4c8b | 5424 484c | 8954 2438 | 448b 9c24 | 9000 0000 | 4c8b 5424 | 784c 8954 | 2458 4489 
  0x000001fff5936278: 5c24 4444 | 8984 2480 | 0000 0089 | 8c24 9400 | 0000 6690 

  0x000001fff593628c: ;   {runtime_call UncommonTrapBlob}
  0x000001fff593628c: c5f8 77e8 

  0x000001fff5936290: ; ImmutableOopMap {rbp=Oop [32]=Oop [56]=Oop [68]=NarrowOop [80]=Oop [88]=Oop [96]=Oop [128]=NarrowOop [148]=NarrowOop }
                      ;*instanceof {reexecute=0 rethrow=0 return_oop=0}
                      ; - java.lang.String::equals@8 (line 1832)
                      ; - java.util.HashMap::getNode@63 (line 570)
                      ; - java.util.HashMap::get@2 (line 556)
                      ; - java.util.jar.Manifest::getAttributes@5 (line 159)
                      ; - java.util.jar.Manifest::getTrustedAttributes@2 (line 176)
                      ; - java.util.jar.JavaUtilJarAccessImpl::getTrustedAttributes@2 (line 68)
                      ; - java.net.URLClassLoader::definePackage@42 (line 552)
                      ; - java.net.URLClassLoader::defineClass@64 (line 495)
  0x000001fff5936290: 6c06 d8fe | baf6 ffff | ff48 8b6c | 2438 4889 | 5c24 2890 

  0x000001fff59362a4: ;   {runtime_call UncommonTrapBlob}
  0x000001fff59362a4: c5f8 77e8 

  0x000001fff59362a8: ; ImmutableOopMap {rbp=Oop [40]=Oop }
                      ;*invokevirtual lastIndexOf {reexecute=0 rethrow=0 return_oop=0}
                      ; - java.net.URLClassLoader::defineClass@7 (line 486)
  0x000001fff59362a8: 5406 d8fe | baf6 ffff | ff48 8b6c | 2438 4889 | 4424 2848 | 895c 2430 

  0x000001fff59362c0: ;   {runtime_call UncommonTrapBlob}
  0x000001fff59362c0: c5f8 77e8 

  0x000001fff59362c4: ; ImmutableOopMap {rbp=Oop [48]=Oop [64]=Oop }
                      ;*arraylength {reexecute=0 rethrow=0 return_oop=0}
                      ; - java.lang.String::length@4 (line 1481)
                      ; - java.lang.String::lastIndexOf@3 (line 2451)
                      ; - java.net.URLClassLoader::defineClass@7 (line 486)
  0x000001fff59362c4: 3806 d8fe | baf6 ffff | ff48 8b6c | 2438 4c8b | 5424 304c | 8954 2428 | 8944 2430 

  0x000001fff59362e0: ;   {runtime_call UncommonTrapBlob}
  0x000001fff59362e0: c5f8 77e8 

  0x000001fff59362e4: ; ImmutableOopMap {rbp=Oop [64]=Oop }
                      ;*invokevirtual getCodeSourceURL {reexecute=0 rethrow=0 return_oop=0}
                      ; - java.net.URLClassLoader::defineClass@13 (line 487)
  0x000001fff59362e4: 1806 d8fe | baf6 ffff | ff48 8b6c | 2438 4c8b | 5424 304c | 8954 2428 | 8944 2430 | 4889 7424 
  0x000001fff5936304: 3866 6690 

  0x000001fff5936308: ;   {runtime_call UncommonTrapBlob}
  0x000001fff5936308: c5f8 77e8 

  0x000001fff593630c: ; ImmutableOopMap {rbp=Oop [56]=Oop [64]=Oop }
                      ;*getfield csu {reexecute=1 rethrow=0 return_oop=0}
                      ; - (reexecute) jdk.internal.loader.URLClassPath$JarLoader$2::getCodeSourceURL@4 (line 877)
                      ; - java.net.URLClassLoader::defineClass@13 (line 487)
  0x000001fff593630c: f005 d8fe | baf4 ffff | ff48 8b6c | 2438 4c8b | 5424 304c | 8954 2428 | 4c89 6c24 | 3066 6690 
  0x000001fff593632c: ;   {runtime_call UncommonTrapBlob}
  0x000001fff593632c: c5f8 77e8 

  0x000001fff5936330: ; ImmutableOopMap {rbp=Oop [48]=Oop [64]=Oop [144]=NarrowOop }
                      ;*instanceof {reexecute=0 rethrow=0 return_oop=0}
                      ; - jdk.internal.loader.Resource::getByteBuffer@6 (line 164)
                      ; - java.net.URLClassLoader::defineClass@132 (line 511)
  0x000001fff5936330: cc05 d8fe | baf6 ffff | ff48 8b6c | 2438 4c8b | 5424 304c | 8954 2428 

  0x000001fff5936348: ;   {runtime_call UncommonTrapBlob}
  0x000001fff5936348: c5f8 77e8 

  0x000001fff593634c: ; ImmutableOopMap {rbp=Oop [64]=Oop [88]=Oop [144]=NarrowOop }
                      ;*arraylength {reexecute=0 rethrow=0 return_oop=0}
                      ; - java.util.zip.Checksum::update@4 (line 58)
                      ; - jdk.internal.loader.URLClassPath$JarLoader$2::getBytes@15 (line 895)
                      ; - java.net.URLClassLoader::defineClass@179 (line 519)
  0x000001fff593634c: b005 d8fe | baf6 ffff | ff48 8b6c | 2438 4c8b | 5424 304c | 8954 2428 

  0x000001fff5936364: ;   {runtime_call UncommonTrapBlob}
  0x000001fff5936364: c5f8 77e8 

  0x000001fff5936368: ; ImmutableOopMap {rbp=Oop [64]=Oop [88]=Oop [144]=NarrowOop }
                      ;*invokevirtual getCrc {reexecute=0 rethrow=0 return_oop=0}
                      ; - jdk.internal.loader.URLClassPath$JarLoader$2::getBytes@26 (line 896)
                      ; - java.net.URLClassLoader::defineClass@179 (line 519)
  0x000001fff5936368: 9405 d8fe | baf6 ffff | ff48 8b6c | 2438 4c8b | 5424 304c | 8954 2428 | 4889 5c24 | 3866 6690 
  0x000001fff5936388: ;   {runtime_call UncommonTrapBlob}
  0x000001fff5936388: c5f8 77e8 

  0x000001fff593638c: ; ImmutableOopMap {rbp=Oop [56]=Oop [64]=Oop [72]=Oop }
                      ;*arraylength {reexecute=0 rethrow=0 return_oop=0}
                      ; - java.lang.StringLatin1::toLowerCase@13 (line 439)
                      ; - java.lang.String::toLowerCase@13 (line 3393)
                      ; - java.lang.String::toLowerCase@4 (line 3417)
                      ; - sun.net.util.URLUtil::urlNoFragString@18 (line 53)
                      ; - java.security.CodeSource::<init>@30 (line 123)
                      ; - java.net.URLClassLoader::defineClass@198 (line 522)
  0x000001fff593638c: 7005 d8fe | baf6 ffff | ff48 8b6c | 2438 4c8b | 5424 304c | 8954 2428 | 4889 5c24 | 3866 6690 
  0x000001fff59363ac: ;   {runtime_call UncommonTrapBlob}
  0x000001fff59363ac: c5f8 77e8 

  0x000001fff59363b0: ; ImmutableOopMap {rbp=Oop [56]=Oop [64]=Oop [72]=Oop }
                      ;*arraylength {reexecute=0 rethrow=0 return_oop=0}
                      ; - java.lang.AbstractStringBuilder::ensureCapacityInternal@4 (line 226)
                      ; - java.lang.AbstractStringBuilder::append@21 (line 582)
                      ; - java.lang.StringBuilder::append@2 (line 179)
                      ; - sun.net.util.URLUtil::urlNoFragString@24 (line 54)
                      ; - java.security.CodeSource::<init>@30 (line 123)
                      ; - java.net.URLClassLoader::defineClass@198 (line 522)
  0x000001fff59363b0: 4c05 d8fe | baf6 ffff | ff48 8b6c | 2438 4c8b | 5424 304c | 8954 2428 

  0x000001fff59363c8: ;   {runtime_call UncommonTrapBlob}
  0x000001fff59363c8: c5f8 77e8 

  0x000001fff59363cc: ; ImmutableOopMap {rbp=Oop [64]=Oop [72]=Oop [96]=Oop }
                      ;*arraylength {reexecute=0 rethrow=0 return_oop=0}
                      ; - java.lang.StringLatin1::toLowerCase@13 (line 439)
                      ; - java.lang.String::toLowerCase@13 (line 3393)
                      ; - java.lang.String::toLowerCase@4 (line 3417)
                      ; - sun.net.util.URLUtil::urlNoFragString@45 (line 61)
                      ; - java.security.CodeSource::<init>@30 (line 123)
                      ; - java.net.URLClassLoader::defineClass@198 (line 522)
  0x000001fff59363cc: 3005 d8fe | baf6 ffff | ff48 8b6c | 2438 4c8b | 5424 304c | 8954 2428 

  0x000001fff59363e4: ;   {runtime_call UncommonTrapBlob}
  0x000001fff59363e4: c5f8 77e8 

  0x000001fff59363e8: ; ImmutableOopMap {rbp=Oop [64]=Oop [72]=Oop [96]=Oop }
                      ;*arraylength {reexecute=0 rethrow=0 return_oop=0}
                      ; - java.lang.AbstractStringBuilder::ensureCapacityInternal@4 (line 226)
                      ; - java.lang.AbstractStringBuilder::append@21 (line 582)
                      ; - java.lang.StringBuilder::append@2 (line 179)
                      ; - sun.net.util.URLUtil::urlNoFragString@51 (line 62)
                      ; - java.security.CodeSource::<init>@30 (line 123)
                      ; - java.net.URLClassLoader::defineClass@198 (line 522)
  0x000001fff59363e8: 1405 d8fe | baf6 ffff | ff48 8b6c | 2438 4c8b | 5424 304c | 8954 2428 

  0x000001fff5936400: ;   {runtime_call UncommonTrapBlob}
  0x000001fff5936400: c5f8 77e8 

  0x000001fff5936404: ; ImmutableOopMap {rbp=Oop [64]=Oop [72]=Oop [96]=Oop }
                      ;*invokevirtual getDefaultPort {reexecute=0 rethrow=0 return_oop=0}
                      ; - java.net.URL::getDefaultPort@4 (line 901)
                      ; - sun.net.util.URLUtil::urlNoFragString@68 (line 68)
                      ; - java.security.CodeSource::<init>@30 (line 123)
                      ; - java.net.URLClassLoader::defineClass@198 (line 522)
  0x000001fff5936404: f804 d8fe | baf6 ffff | ff48 8b6c | 2438 4c8b | 5424 304c | 8954 2428 

  0x000001fff593641c: ;   {runtime_call UncommonTrapBlob}
  0x000001fff593641c: c5f8 77e8 

  0x000001fff5936420: ; ImmutableOopMap {rbp=Oop [64]=Oop [72]=Oop [96]=Oop }
                      ;*arraylength {reexecute=0 rethrow=0 return_oop=0}
                      ; - java.lang.String::length@4 (line 1481)
                      ; - java.lang.AbstractStringBuilder::append@10 (line 581)
                      ; - java.lang.StringBuilder::append@2 (line 179)
                      ; - sun.net.util.URLUtil::urlNoFragString@105 (line 77)
                      ; - java.security.CodeSource::<init>@30 (line 123)
                      ; - java.net.URLClassLoader::defineClass@198 (line 522)
  0x000001fff5936420: dc04 d8fe | baf6 ffff | ff48 8b6c | 2438 4c8b | 5424 304c | 8954 2428 

  0x000001fff5936438: ;   {runtime_call UncommonTrapBlob}
  0x000001fff5936438: c5f8 77e8 

  0x000001fff593643c: ; ImmutableOopMap {rbp=Oop [64]=Oop [72]=Oop [96]=Oop }
                      ;*arraylength {reexecute=0 rethrow=0 return_oop=0}
                      ; - java.lang.AbstractStringBuilder::ensureCapacityInternal@4 (line 226)
                      ; - java.lang.AbstractStringBuilder::append@21 (line 582)
                      ; - java.lang.StringBuilder::append@2 (line 179)
                      ; - sun.net.util.URLUtil::urlNoFragString@105 (line 77)
                      ; - java.security.CodeSource::<init>@30 (line 123)
                      ; - java.net.URLClassLoader::defineClass@198 (line 522)
  0x000001fff593643c: c004 d8fe | baf6 ffff | ff48 8b6c | 2438 4c8b | 5424 304c | 8954 2428 

  0x000001fff5936454: ;   {runtime_call UncommonTrapBlob}
  0x000001fff5936454: c5f8 77e8 

  0x000001fff5936458: ; ImmutableOopMap {rbp=Oop [64]=Oop [72]=Oop [96]=Oop }
                      ;*arraylength {reexecute=0 rethrow=0 return_oop=0}
                      ; - java.lang.String::length@4 (line 1481)
                      ; - java.lang.AbstractStringBuilder::putStringAt@5 (line 1724)
                      ; - java.lang.AbstractStringBuilder::append@30 (line 583)
                      ; - java.lang.StringBuilder::append@2 (line 179)
                      ; - sun.net.util.URLUtil::urlNoFragString@105 (line 77)
                      ; - java.security.CodeSource::<init>@30 (line 123)
                      ; - java.net.URLClassLoader::defineClass@198 (line 522)
  0x000001fff5936458: a404 d8fe | baf6 ffff | ff48 8b6c | 2438 6690 

  0x000001fff5936468: ;   {runtime_call UncommonTrapBlob}
  0x000001fff5936468: c5f8 77e8 

  0x000001fff593646c: ; ImmutableOopMap {rbp=Oop [64]=Oop [72]=Oop [96]=Oop }
                      ;*invokevirtual get {reexecute=0 rethrow=0 return_oop=0}
                      ; - jdk.internal.perf.PerfCounter::get@5 (line 84)
                      ; - jdk.internal.perf.PerfCounter::add@1 (line 98)
                      ; - jdk.internal.perf.PerfCounter::addElapsedTimeFrom@6 (line 120)
                      ; - java.net.URLClassLoader::defineClass@207 (line 523)
  0x000001fff593646c: 9004 d8fe | baf6 ffff | ff49 8be8 | 4c89 4c24 | 2066 6690 

  0x000001fff5936480: ;   {runtime_call UncommonTrapBlob}
  0x000001fff5936480: c5f8 77e8 

  0x000001fff5936484: ; ImmutableOopMap {rbp=Oop [32]=Oop }
                      ;*invokeinterface computeIfAbsent {reexecute=0 rethrow=0 return_oop=0}
                      ; - java.security.SecureClassLoader::getProtectionDomain@29 (line 222)
                      ; - java.security.SecureClassLoader::defineClass@9 (line 150)
                      ; - java.net.URLClassLoader::defineClass@220 (line 524)
  0x000001fff5936484: 7804 d8fe | baf4 ffff | ff66 6690 

  0x000001fff5936490: ;   {runtime_call UncommonTrapBlob}
  0x000001fff5936490: c5f8 77e8 

  0x000001fff5936494: ; ImmutableOopMap {[56]=Oop [64]=Oop [72]=Oop }
                      ;*checkcast {reexecute=0 rethrow=0 return_oop=0}
                      ; - java.security.SecureClassLoader::getProtectionDomain@34 (line 222)
                      ; - java.security.SecureClassLoader::defineClass@9 (line 150)
                      ; - java.net.URLClassLoader::defineClass@220 (line 524)
  0x000001fff5936494: 6804 d8fe | baf6 ffff | ff66 6690 

  0x000001fff59364a0: ;   {runtime_call UncommonTrapBlob}
  0x000001fff59364a0: c5f8 77e8 

  0x000001fff59364a4: ; ImmutableOopMap {}
                      ;*arraylength {reexecute=0 rethrow=0 return_oop=0}
                      ; - java.lang.String::isEmpty@4 (line 1494)
                      ; - java.lang.ClassLoader::checkName@5 (line 1145)
                      ; - java.lang.ClassLoader::preDefineClass@1 (line 890)
                      ; - java.lang.ClassLoader::defineClass@4 (line 1015)
                      ; - java.security.SecureClassLoader::defineClass@12 (line 150)
                      ; - java.net.URLClassLoader::defineClass@220 (line 524)
  0x000001fff59364a4: 5804 d8fe | baf6 ffff | ff48 8b6c | 2438 4c8b | 5424 404c | 8954 2420 | 4c8b 5424 | 304c 8954 
  0x000001fff59364c4: 2428 4c8b | 5424 484c | 8954 2430 | 4c8b 5424 | 604c 8954 | 2438 4c8b | 5424 584c | 8954 2448 
  0x000001fff59364e4: 4889 7424 | 6089 5c24 | 6c66 6690 

  0x000001fff59364f0: ;   {runtime_call UncommonTrapBlob}
  0x000001fff59364f0: c5f8 77e8 

  0x000001fff59364f4: ; ImmutableOopMap {rbp=Oop [32]=Oop [48]=Oop [56]=Oop [72]=Oop [96]=Oop [124]=NarrowOop }
                      ;*newarray {reexecute=1 rethrow=0 return_oop=0}
                      ; - (reexecute) java.util.Arrays::copyOfRange@41 (line 3822)
                      ; - java.lang.StringLatin1::newString@16 (line 769)
                      ; - java.lang.StringBuilder::toString@16 (line 453)
                      ; - sun.net.util.URLUtil::urlNoFragString@110 (line 80)
                      ; - java.security.CodeSource::<init>@30 (line 123)
                      ; - java.net.URLClassLoader::defineClass@198 (line 522)
  0x000001fff59364f4: 0804 d8fe | baf6 ffff | ff48 8b6c | 2438 4c8b | 5c24 404c | 895c 2420 | 4c8b 5c24 | 304c 895c 
  0x000001fff5936514: 2428 4c8b | 5c24 484c | 895c 2430 | 895c 2444 | 4489 5424 | 4866 6690 

  0x000001fff593652c: ;   {runtime_call UncommonTrapBlob}
  0x000001fff593652c: c5f8 77e8 

  0x000001fff5936530: ; ImmutableOopMap {rbp=Oop [32]=Oop [48]=Oop [96]=Oop [136]=NarrowOop }
                      ;*invokestatic arraycopy {reexecute=0 rethrow=0 return_oop=0}
                      ; - java.lang.String::getBytes@27 (line 4479)
                      ; - java.lang.AbstractStringBuilder::putStringAt@30 (line 1720)
                      ; - java.lang.AbstractStringBuilder::putStringAt@8 (line 1724)
                      ; - java.lang.AbstractStringBuilder::append@30 (line 583)
                      ; - java.lang.StringBuilder::append@2 (line 179)
                      ; - sun.net.util.URLUtil::urlNoFragString@24 (line 54)
                      ; - java.security.CodeSource::<init>@30 (line 123)
                      ; - java.net.URLClassLoader::defineClass@198 (line 522)
  0x000001fff5936530: cc03 d8fe | baf6 ffff | ff48 8b6c | 2438 4c8b | 5c24 404c | 895c 2420 | 4c8b 5c24 | 304c 895c 
  0x000001fff5936550: 2428 4c8b | 5c24 484c | 895c 2430 | 4489 4c24 | 4089 5c24 | 4444 8954 | 2448 6690 

  0x000001fff593656c: ;   {runtime_call UncommonTrapBlob}
  0x000001fff593656c: c5f8 77e8 

  0x000001fff5936570: ; ImmutableOopMap {rbp=Oop [32]=Oop [48]=Oop [64]=NarrowOop [96]=Oop }
                      ;*invokestatic arraycopy {reexecute=0 rethrow=0 return_oop=0}
                      ; - java.lang.String::getBytes@27 (line 4479)
                      ; - java.lang.AbstractStringBuilder::putStringAt@30 (line 1720)
                      ; - java.lang.AbstractStringBuilder::putStringAt@8 (line 1724)
                      ; - java.lang.AbstractStringBuilder::append@30 (line 583)
                      ; - java.lang.StringBuilder::append@2 (line 179)
                      ; - sun.net.util.URLUtil::urlNoFragString@24 (line 54)
                      ; - java.security.CodeSource::<init>@30 (line 123)
                      ; - java.net.URLClassLoader::defineClass@198 (line 522)
  0x000001fff5936570: 8c03 d8fe | baf6 ffff | ff48 8b6c | 2438 4c8b | 5c24 404c | 895c 2420 | 4c8b 5c24 | 304c 895c 
  0x000001fff5936590: 2428 4c8b | 5c24 484c | 895c 2430 | 8974 2440 | 895c 2444 | 4489 5424 | 4866 6690 

  0x000001fff59365ac: ;   {runtime_call UncommonTrapBlob}
  0x000001fff59365ac: c5f8 77e8 

  0x000001fff59365b0: ; ImmutableOopMap {rbp=Oop [32]=Oop [48]=Oop [64]=NarrowOop [96]=Oop }
                      ;*invokestatic arraycopy {reexecute=0 rethrow=0 return_oop=0}
                      ; - java.lang.String::getBytes@27 (line 4479)
                      ; - java.lang.AbstractStringBuilder::putStringAt@30 (line 1720)
                      ; - java.lang.AbstractStringBuilder::putStringAt@8 (line 1724)
                      ; - java.lang.AbstractStringBuilder::append@30 (line 583)
                      ; - java.lang.StringBuilder::append@2 (line 179)
                      ; - sun.net.util.URLUtil::urlNoFragString@51 (line 62)
                      ; - java.security.CodeSource::<init>@30 (line 123)
                      ; - java.net.URLClassLoader::defineClass@198 (line 522)
  0x000001fff59365b0: 4c03 d8fe | baf6 ffff | ff48 8b6c | 2438 4c8b | 5c24 404c | 895c 2420 | 4c8b 5c24 | 304c 895c 
  0x000001fff59365d0: 2428 4c8b | 5c24 484c | 895c 2430 | 4489 4c24 | 4089 5c24 | 4444 8954 | 2448 6690 

  0x000001fff59365ec: ;   {runtime_call UncommonTrapBlob}
  0x000001fff59365ec: c5f8 77e8 

  0x000001fff59365f0: ; ImmutableOopMap {rbp=Oop [32]=Oop [48]=Oop [64]=NarrowOop [96]=Oop }
                      ;*invokestatic arraycopy {reexecute=0 rethrow=0 return_oop=0}
                      ; - java.lang.String::getBytes@27 (line 4479)
                      ; - java.lang.AbstractStringBuilder::putStringAt@30 (line 1720)
                      ; - java.lang.AbstractStringBuilder::putStringAt@8 (line 1724)
                      ; - java.lang.AbstractStringBuilder::append@30 (line 583)
                      ; - java.lang.StringBuilder::append@2 (line 179)
                      ; - sun.net.util.URLUtil::urlNoFragString@51 (line 62)
                      ; - java.security.CodeSource::<init>@30 (line 123)
                      ; - java.net.URLClassLoader::defineClass@198 (line 522)
  0x000001fff59365f0: 0c03 d8fe | baf6 ffff | ff4c 8b54 | 2438 498b | ea4c 8b54 | 2440 4c89 | 5424 204c | 8b54 2430 
  0x000001fff5936610: 4c89 5424 | 284c 8b54 | 2448 4c89 | 5424 3089 | 7c24 4044 | 895c 2444 | 4489 4424 | 4866 6690 
  0x000001fff5936630: ;   {runtime_call UncommonTrapBlob}
  0x000001fff5936630: c5f8 77e8 

  0x000001fff5936634: ; ImmutableOopMap {rbp=Oop [32]=Oop [48]=Oop [64]=NarrowOop [96]=Oop }
                      ;*invokestatic arraycopy {reexecute=0 rethrow=0 return_oop=0}
                      ; - java.lang.String::getBytes@27 (line 4479)
                      ; - java.lang.AbstractStringBuilder::putStringAt@30 (line 1720)
                      ; - java.lang.AbstractStringBuilder::putStringAt@8 (line 1724)
                      ; - java.lang.AbstractStringBuilder::append@30 (line 583)
                      ; - java.lang.StringBuilder::append@2 (line 179)
                      ; - sun.net.util.URLUtil::urlNoFragString@105 (line 77)
                      ; - java.security.CodeSource::<init>@30 (line 123)
                      ; - java.net.URLClassLoader::defineClass@198 (line 522)
  0x000001fff5936634: c802 d8fe | baf6 ffff | ff48 8b6c | 2438 4c8b | 4c24 404c | 894c 2420 | 4c8b 4c24 | 304c 894c 
  0x000001fff5936654: 2428 4c8b | 4c24 484c | 894c 2430 | 4489 5424 | 4044 895c | 2444 4489 | 4424 4890 

  0x000001fff5936670: ;   {runtime_call UncommonTrapBlob}
  0x000001fff5936670: c5f8 77e8 

  0x000001fff5936674: ; ImmutableOopMap {rbp=Oop [32]=Oop [48]=Oop [64]=NarrowOop [96]=Oop }
                      ;*invokestatic arraycopy {reexecute=0 rethrow=0 return_oop=0}
                      ; - java.lang.String::getBytes@27 (line 4479)
                      ; - java.lang.AbstractStringBuilder::putStringAt@30 (line 1720)
                      ; - java.lang.AbstractStringBuilder::putStringAt@8 (line 1724)
                      ; - java.lang.AbstractStringBuilder::append@30 (line 583)
                      ; - java.lang.StringBuilder::append@2 (line 179)
                      ; - sun.net.util.URLUtil::urlNoFragString@105 (line 77)
                      ; - java.security.CodeSource::<init>@30 (line 123)
                      ; - java.net.URLClassLoader::defineClass@198 (line 522)
  0x000001fff5936674: 8802 d8fe | baf6 ffff | ff48 8b6c | 2438 4c8b | 5424 404c | 8954 2420 | 4c8b 5424 | 304c 8954 
  0x000001fff5936694: 2428 4889 | 7424 3090 

  0x000001fff593669c: ;   {runtime_call UncommonTrapBlob}
  0x000001fff593669c: c5f8 77e8 

  0x000001fff59366a0: ; ImmutableOopMap {rbp=Oop [32]=Oop [48]=Oop [120]=Oop [144]=NarrowOop }
                      ;*getfield jar {reexecute=1 rethrow=0 return_oop=0}
                      ; - (reexecute) jdk.internal.loader.URLClassPath$JarLoader$2::getManifest@7 (line 883)
                      ; - java.net.URLClassLoader::defineClass@34 (line 491)
  0x000001fff59366a0: 5c02 d8fe | baf6 ffff | ff48 8b6c | 2438 4c8b | 5424 404c | 8954 2420 | 4c8b 5424 | 304c 8954 
  0x000001fff59366c0: 2428 4889 | 7424 3090 

  0x000001fff59366c8: ;   {runtime_call UncommonTrapBlob}
  0x000001fff59366c8: c5f8 77e8 

  0x000001fff59366cc: ; ImmutableOopMap {rbp=Oop [32]=Oop [48]=Oop [120]=Oop [144]=NarrowOop }
                      ;*invokevirtual ensureInitialization {reexecute=0 rethrow=0 return_oop=0}
                      ; - java.util.jar.JavaUtilJarAccessImpl::ensureInitialization@1 (line 72)
                      ; - jdk.internal.loader.URLClassPath$JarLoader$2::getManifest@10 (line 883)
                      ; - java.net.URLClassLoader::defineClass@34 (line 491)
  0x000001fff59366cc: 3002 d8fe | baf6 ffff | ff48 8b6c | 2438 4c8b | 5424 404c | 8954 2420 | 4c8b 5424 | 304c 8954 
  0x000001fff59366ec: 2428 4889 | 7424 3090 

  0x000001fff59366f4: ;   {runtime_call UncommonTrapBlob}
  0x000001fff59366f4: c5f8 77e8 

  0x000001fff59366f8: ; ImmutableOopMap {rbp=Oop [32]=Oop [48]=Oop [120]=Oop [144]=NarrowOop }
                      ;*getfield jar {reexecute=1 rethrow=0 return_oop=0}
                      ; - (reexecute) jdk.internal.loader.URLClassPath$JarLoader$2::getManifest@19 (line 884)
                      ; - java.net.URLClassLoader::defineClass@34 (line 491)
  0x000001fff59366f8: 0402 d8fe | baf6 ffff | ff48 8b6c | 2438 4c8b | 5424 404c | 8954 2420 | 4c8b 5424 | 304c 8954 
  0x000001fff5936718: 2428 4889 | 7424 3090 

  0x000001fff5936720: ;   {runtime_call UncommonTrapBlob}
  0x000001fff5936720: c5f8 77e8 

  0x000001fff5936724: ; ImmutableOopMap {rbp=Oop [32]=Oop [48]=Oop [120]=Oop [144]=NarrowOop }
                      ;*invokevirtual getManifest {reexecute=0 rethrow=0 return_oop=0}
                      ; - jdk.internal.loader.URLClassPath$JarLoader$2::getManifest@22 (line 884)
                      ; - java.net.URLClassLoader::defineClass@34 (line 491)
  0x000001fff5936724: d801 d8fe | baf6 ffff | ff48 8b6c | 2438 4c8b | 5424 304c | 8954 2428 

  0x000001fff593673c: ;   {runtime_call UncommonTrapBlob}
  0x000001fff593673c: c5f8 77e8 

  0x000001fff5936740: ; ImmutableOopMap {rbp=Oop [64]=Oop [72]=Oop [96]=Oop }
                      ;*invokevirtual getLanguage {reexecute=0 rethrow=0 return_oop=0}
                      ; - java.util.Locale::getLanguage@4 (line 1223)
                      ; - java.lang.StringLatin1::toLowerCase@64 (line 449)
                      ; - java.lang.String::toLowerCase@13 (line 3393)
                      ; - java.lang.String::toLowerCase@4 (line 3417)
                      ; - sun.net.util.URLUtil::urlNoFragString@18 (line 53)
                      ; - java.security.CodeSource::<init>@30 (line 123)
                      ; - java.net.URLClassLoader::defineClass@198 (line 522)
  0x000001fff5936740: bc01 d8fe | baf6 ffff | ff48 8b6c | 2438 4c8b | 5424 304c | 8954 2428 

  0x000001fff5936758: ;   {runtime_call UncommonTrapBlob}
  0x000001fff5936758: c5f8 77e8 

  0x000001fff593675c: ; ImmutableOopMap {rbp=Oop [64]=Oop [72]=Oop [96]=Oop }
                      ;*invokevirtual getLanguage {reexecute=0 rethrow=0 return_oop=0}
                      ; - java.util.Locale::getLanguage@4 (line 1223)
                      ; - java.lang.StringLatin1::toLowerCase@64 (line 449)
                      ; - java.lang.String::toLowerCase@13 (line 3393)
                      ; - java.lang.String::toLowerCase@4 (line 3417)
                      ; - sun.net.util.URLUtil::urlNoFragString@45 (line 61)
                      ; - java.security.CodeSource::<init>@30 (line 123)
                      ; - java.net.URLClassLoader::defineClass@198 (line 522)
  0x000001fff593675c: a001 d8fe | baf6 ffff | ff48 8b6c | 2438 4c8b | 5424 404c | 8954 2420 | 4c8b 5424 | 304c 8954 
  0x000001fff593677c: 2428 4c89 | 6c24 304c | 8944 2440 

  0x000001fff5936788: ;   {runtime_call UncommonTrapBlob}
  0x000001fff5936788: c5f8 77e8 

  0x000001fff593678c: ; ImmutableOopMap {rbp=Oop [32]=Oop [48]=Oop [64]=Oop [144]=NarrowOop }
                      ;*getfield jar {reexecute=1 rethrow=0 return_oop=0}
                      ; - (reexecute) jdk.internal.loader.URLClassPath$JarLoader$2::getInputStream@4 (line 879)
                      ; - jdk.internal.loader.Resource::cachedInputStream@9 (line 77)
                      ; - jdk.internal.loader.Resource::getByteBuffer@1 (line 163)
                      ; - java.net.URLClassLoader::defineClass@132 (line 511)
  0x000001fff593678c: 7001 d8fe | baf6 ffff | ff48 8b6c | 2438 4c8b | 5424 404c | 8954 2420 | 4c8b 5424 | 304c 8954 
  0x000001fff59367ac: 2428 4c89 | 6c24 304c | 8944 2440 | 4489 5c24 | 3c66 6690 

  0x000001fff59367c0: ;   {runtime_call UncommonTrapBlob}
  0x000001fff59367c0: c5f8 77e8 

  0x000001fff59367c4: ; ImmutableOopMap {rbp=Oop [32]=Oop [48]=Oop [60]=NarrowOop [64]=Oop [144]=NarrowOop }
                      ;*invokevirtual getInputStream {reexecute=0 rethrow=0 return_oop=0}
                      ; - jdk.internal.loader.URLClassPath$JarLoader$2::getInputStream@11 (line 879)
                      ; - jdk.internal.loader.Resource::cachedInputStream@9 (line 77)
                      ; - jdk.internal.loader.Resource::getByteBuffer@1 (line 163)
                      ; - java.net.URLClassLoader::defineClass@132 (line 511)
  0x000001fff59367c4: 3801 d8fe | ba45 ffff | ff48 8b6c | 2438 4c8b | 5424 404c | 8954 2420 | 4c8b 5424 | 304c 8954 
  0x000001fff59367e4: 2428 4c8b | 5424 484c | 8954 2430 | 4889 5c24 | 404c 8b54 | 2458 4c89 | 5424 4848 | 895c 2450 
  0x000001fff5936804: 4889 7c24 | 5844 8944 | 2460 4489 | 5c24 6844 | 894c 2470 

  0x000001fff5936818: ;   {runtime_call UncommonTrapBlob}
  0x000001fff5936818: c5f8 77e8 

  0x000001fff593681c: ; ImmutableOopMap {rbp=Oop [32]=Oop [48]=Oop [64]=Oop [72]=Oop [80]=Oop [88]=Oop [96]=NarrowOop [104]=NarrowOop [112]=NarrowOop [144]=NarrowOop }
                      ;*ifnonnull {reexecute=1 rethrow=0 return_oop=0}
                      ; - (reexecute) java.lang.StringLatin1::toLowerCase@1 (line 435)
                      ; - java.lang.String::toLowerCase@13 (line 3393)
                      ; - java.lang.String::toLowerCase@4 (line 3417)
                      ; - sun.net.util.URLUtil::urlNoFragString@18 (line 53)
                      ; - java.security.CodeSource::<init>@30 (line 123)
                      ; - java.net.URLClassLoader::defineClass@198 (line 522)
  0x000001fff593681c: e000 d8fe | ba45 ffff | ff48 8b6c | 2438 4c8b | 4c24 404c | 894c 2420 | 4c8b 4c24 | 304c 894c 
  0x000001fff593683c: 2428 4c8b | 4c24 484c | 894c 2430 | 4c8b 4c24 | 604c 894c | 2438 4c8b | 4c24 584c | 894c 2448 
  0x000001fff593685c: 4c89 4424 | 5844 8954 | 2460 4489 | 5c24 6889 | 5c24 7090 

  0x000001fff5936870: ;   {runtime_call UncommonTrapBlob}
  0x000001fff5936870: c5f8 77e8 

  0x000001fff5936874: ; ImmutableOopMap {rbp=Oop [32]=Oop [48]=Oop [56]=Oop [72]=Oop [88]=Oop [96]=NarrowOop [104]=NarrowOop [112]=NarrowOop [144]=NarrowOop }
                      ;*ifnonnull {reexecute=1 rethrow=0 return_oop=0}
                      ; - (reexecute) java.lang.StringLatin1::toLowerCase@1 (line 435)
                      ; - java.lang.String::toLowerCase@13 (line 3393)
                      ; - java.lang.String::toLowerCase@4 (line 3417)
                      ; - sun.net.util.URLUtil::urlNoFragString@45 (line 61)
                      ; - java.security.CodeSource::<init>@30 (line 123)
                      ; - java.net.URLClassLoader::defineClass@198 (line 522)
  0x000001fff5936874: 8800 d8fe | ba45 ffff | ff48 8b6c | 2438 4c8b | 5424 404c | 8954 2420 | 4c8b 5424 | 304c 8954 
  0x000001fff5936894: 2428 4c8b | 5424 484c | 8954 2430 | 4c8b 5424 | 604c 8954 | 2438 4c8b | 5424 584c | 8954 2448 
  0x000001fff59368b4: 4489 7424 | 6466 6690 

  0x000001fff59368bc: ;   {runtime_call UncommonTrapBlob}
  0x000001fff59368bc: c5f8 77e8 

  0x000001fff59368c0: ; ImmutableOopMap {rbp=Oop [32]=Oop [48]=Oop [56]=Oop [72]=Oop [100]=NarrowOop [104]=Oop }
                      ;*ifnull {reexecute=1 rethrow=0 return_oop=0}
                      ; - (reexecute) sun.net.util.URLUtil::urlNoFragString@99 (line 76)
                      ; - java.security.CodeSource::<init>@30 (line 123)
                      ; - java.net.URLClassLoader::defineClass@198 (line 522)
  0x000001fff59368c0: 3c00 d8fe | ba45 ffff | ff48 8b6c | 2438 4c8b | 5424 404c | 8954 2420 | 4c8b 5424 | 304c 8954 
  0x000001fff59368e0: 2428 4889 | 7424 4844 | 8944 2450 

  0x000001fff59368ec: ;   {runtime_call UncommonTrapBlob}
  0x000001fff59368ec: c5f8 77e8 

  0x000001fff59368f0: ; ImmutableOopMap {rbp=Oop [32]=Oop [72]=Oop [80]=NarrowOop [120]=Oop [144]=NarrowOop }
                      ;*ifnonnull {reexecute=1 rethrow=0 return_oop=0}
                      ; - (reexecute) jdk.internal.access.SharedSecrets::javaUtilJarAccess@5 (line 104)
                      ; - jdk.internal.loader.URLClassPath$JarLoader$2::getManifest@0 (line 883)
                      ; - java.net.URLClassLoader::defineClass@34 (line 491)
  0x000001fff59368f0: 0c00 d8fe | baf6 ffff | ff48 8b6c | 2428 4c8b | 5424 404c | 8954 2420 | 4c8b 5424 | 304c 8954 
  0x000001fff5936910: 2428 4c8b | 5424 484c | 8954 2430 | 4c89 4424 | 4866 6690 

  0x000001fff5936924: ;   {runtime_call UncommonTrapBlob}
  0x000001fff5936924: c5f8 77e8 

  0x000001fff5936928: ; ImmutableOopMap {rbp=Oop [32]=Oop [48]=Oop [72]=Oop [96]=Oop [120]=Oop [144]=NarrowOop }
                      ;*invokeinterface get {reexecute=0 rethrow=0 return_oop=0}
                      ; - java.util.jar.Manifest::getAttributes@5 (line 159)
                      ; - java.util.jar.Manifest::getTrustedAttributes@2 (line 176)
                      ; - java.util.jar.JavaUtilJarAccessImpl::getTrustedAttributes@2 (line 68)
                      ; - java.net.URLClassLoader::definePackage@42 (line 552)
                      ; - java.net.URLClassLoader::defineClass@64 (line 495)
  0x000001fff5936928: d4ff d7fe | baf6 ffff | ff48 8b6c | 2428 4c8b | 5424 404c | 8954 2420 | 4c8b 5424 | 304c 8954 
  0x000001fff5936948: 2428 4c8b | 5424 484c | 8954 2430 

  0x000001fff5936954: ;   {runtime_call UncommonTrapBlob}
  0x000001fff5936954: c5f8 77e8 

  0x000001fff5936958: ; ImmutableOopMap {rbp=Oop [32]=Oop [48]=Oop [80]=Oop [120]=Oop [144]=NarrowOop }
                      ;*arraylength {reexecute=0 rethrow=0 return_oop=0}
                      ; - java.lang.StringLatin1::hashCode@5 (line 196)
                      ; - java.lang.String::hashCode@27 (line 2344)
                      ; - java.util.HashMap::hash@9 (line 338)
                      ; - java.util.HashMap::getNode@23 (line 568)
                      ; - java.util.HashMap::get@2 (line 556)
                      ; - java.util.jar.Manifest::getAttributes@5 (line 159)
                      ; - java.util.jar.Manifest::getTrustedAttributes@2 (line 176)
                      ; - java.util.jar.JavaUtilJarAccessImpl::getTrustedAttributes@2 (line 68)
                      ; - java.net.URLClassLoader::definePackage@42 (line 552)
                      ; - java.net.URLClassLoader::defineClass@64 (line 495)
  0x000001fff5936958: a4ff d7fe | ba45 ffff | ff48 8b6c | 2438 4c8b | 5424 404c | 8954 2420 | 4c8b 5424 | 304c 8954 
  0x000001fff5936978: 2428 4c8b | 5424 484c | 8954 2438 | 448b 9424 | 9000 0000 | 4489 5424 | 404c 895c | 2460 4489 
  0x000001fff5936998: 4c24 6c90 

  0x000001fff593699c: ;   {runtime_call UncommonTrapBlob}
  0x000001fff593699c: c5f8 77e8 

  0x000001fff59369a0: ; ImmutableOopMap {rbp=Oop [32]=Oop [56]=Oop [64]=NarrowOop [96]=Oop [108]=NarrowOop [120]=Oop }
                      ;*ifnonnull {reexecute=1 rethrow=0 return_oop=0}
                      ; - (reexecute) jdk.internal.access.SharedSecrets::javaUtilJarAccess@5 (line 104)
                      ; - java.net.URLClassLoader::definePackage@24 (line 551)
                      ; - java.net.URLClassLoader::defineClass@64 (line 495)
  0x000001fff59369a0: 5cff d7fe | ba45 ffff | ff48 8b6c | 2438 4c8b | 5c24 404c | 895c 2420 | 4c8b 5c24 | 304c 895c 
  0x000001fff59369c0: 2428 4c8b | 5c24 484c | 895c 2438 | 448b 8c24 | 9000 0000 | 4c8b 5c24 | 784c 895c | 2458 458b 
  0x000001fff59369e0: d944 895c | 2444 4c89 | 9424 8000 | 0000 4489 | 8424 8c00 | 0000 6690 

  0x000001fff59369f8: ;   {runtime_call UncommonTrapBlob}
  0x000001fff59369f8: c5f8 77e8 

  0x000001fff59369fc: ; ImmutableOopMap {rbp=Oop [32]=Oop [56]=Oop [68]=NarrowOop [80]=Oop [88]=Oop [96]=Oop [128]=Oop [140]=NarrowOop [168]=Oop }
                      ;*ifnull {reexecute=1 rethrow=0 return_oop=0}
                      ; - (reexecute) java.util.HashMap::getNode@122 (line 576)
                      ; - java.util.HashMap::get@2 (line 556)
                      ; - java.util.jar.Manifest::getAttributes@5 (line 159)
                      ; - java.util.jar.Manifest::getTrustedAttributes@2 (line 176)
                      ; - java.util.jar.JavaUtilJarAccessImpl::getTrustedAttributes@2 (line 68)
                      ; - java.net.URLClassLoader::definePackage@42 (line 552)
                      ; - java.net.URLClassLoader::defineClass@64 (line 495)
  0x000001fff59369fc: 00ff d7fe | baf6 ffff | ff48 8b6c | 2438 4c8b | 5424 404c | 8954 2420 | 4c8b 5424 | 304c 8954 
  0x000001fff5936a1c: 2428 4489 | 4424 3c90 

  0x000001fff5936a24: ;   {runtime_call UncommonTrapBlob}
  0x000001fff5936a24: c5f8 77e8 

  0x000001fff5936a28: ; ImmutableOopMap {rbp=Oop [32]=Oop [60]=NarrowOop [88]=Oop [96]=Oop [144]=NarrowOop }
                      ;*getfield manifestName {reexecute=1 rethrow=0 return_oop=0}
                      ; - (reexecute) java.util.jar.JarVerifier$VerifierStream::<init>@29 (line 453)
                      ; - java.util.jar.JarFile::getInputStream@68 (line 860)
                      ; - jdk.internal.loader.URLClassPath$JarLoader$2::getInputStream@11 (line 879)
                      ; - jdk.internal.loader.Resource::cachedInputStream@9 (line 77)
                      ; - jdk.internal.loader.Resource::getByteBuffer@1 (line 163)
                      ; - java.net.URLClassLoader::defineClass@132 (line 511)
  0x000001fff5936a28: d4fe d7fe | baf6 ffff | ff48 8b6c | 2438 4c8b | 5424 404c | 8954 2420 | 4c8b 5424 | 304c 8954 
  0x000001fff5936a48: 2428 6690 

  0x000001fff5936a4c: ;   {runtime_call UncommonTrapBlob}
  0x000001fff5936a4c: c5f8 77e8 

  0x000001fff5936a50: ; ImmutableOopMap {rbp=Oop [32]=Oop [76]=NarrowOop [88]=Oop [96]=Oop [144]=NarrowOop }
                      ;*invokevirtual getSize {reexecute=0 rethrow=0 return_oop=0}
                      ; - java.util.jar.JarVerifier$VerifierStream::<init>@52 (line 455)
                      ; - java.util.jar.JarFile::getInputStream@68 (line 860)
                      ; - jdk.internal.loader.URLClassPath$JarLoader$2::getInputStream@11 (line 879)
                      ; - jdk.internal.loader.Resource::cachedInputStream@9 (line 77)
                      ; - jdk.internal.loader.Resource::getByteBuffer@1 (line 163)
                      ; - java.net.URLClassLoader::defineClass@132 (line 511)
  0x000001fff5936a50: acfe d7fe | baf6 ffff | ff48 8b6c | 2428 4c8b | 5424 404c | 8954 2420 | 4c8b 5424 | 304c 8954 
  0x000001fff5936a70: 2428 4c8b | 5424 484c | 8954 2430 

  0x000001fff5936a7c: ;   {runtime_call UncommonTrapBlob}
  0x000001fff5936a7c: c5f8 77e8 

  0x000001fff5936a80: ; ImmutableOopMap {rbp=Oop [32]=Oop [48]=Oop [80]=Oop [120]=Oop [144]=NarrowOop }
                      ;*arraylength {reexecute=0 rethrow=0 return_oop=0}
                      ; - java.lang.StringUTF16::hashCode@3 (line 416)
                      ; - java.lang.String::hashCode@37 (line 2345)
                      ; - java.util.HashMap::hash@9 (line 338)
                      ; - java.util.HashMap::getNode@23 (line 568)
                      ; - java.util.HashMap::get@2 (line 556)
                      ; - java.util.jar.Manifest::getAttributes@5 (line 159)
                      ; - java.util.jar.Manifest::getTrustedAttributes@2 (line 176)
                      ; - java.util.jar.JavaUtilJarAccessImpl::getTrustedAttributes@2 (line 68)
                      ; - java.net.URLClassLoader::definePackage@42 (line 552)
                      ; - java.net.URLClassLoader::defineClass@64 (line 495)
  0x000001fff5936a80: 7cfe d7fe | ba97 ffff | ff48 8b6c | 2438 4c8b | 5424 404c | 8954 2420 | 4c8b 5424 | 304c 8954 
  0x000001fff5936aa0: 2428 4c8b | 5424 484c | 8954 2430 | 4c8b 5424 | 604c 8954 | 2440 6690 

  0x000001fff5936ab8: ;   {runtime_call UncommonTrapBlob}
  0x000001fff5936ab8: c5f8 77e8 

  0x000001fff5936abc: ; ImmutableOopMap {rbp=Oop [32]=Oop [48]=Oop [64]=Oop [88]=Oop [96]=Oop }
                      ;*invokevirtual clone {reexecute=1 rethrow=0 return_oop=0}
                      ; - (reexecute) java.security.CodeSource::<init>@42 (line 128)
                      ; - java.net.URLClassLoader::defineClass@198 (line 522)
  0x000001fff5936abc: 40fe d7fe | 488b d8e9 | 2002 0000 | 488b d8e9 | 0504 0000 | 488b d8e9 | fd03 0000 | 488b d8e9 
  0x000001fff5936adc: f503 0000 | 488b d8e9 | ed03 0000 | 488b d8e9 | e503 0000 | 488b d8e9 | dd03 0000 | 488b d0e9 
  0x000001fff5936afc: 3e05 0000 | 488b d0e9 | 3605 0000 | e9a6 0100 | 00e9 a101 | 0000 e99c | 0100 00e9 | 9701 0000 
  0x000001fff5936b1c: 488b d8e9 | b103 0000 | 488b d8e9 | a903 0000 | 4889 4424 | 4048 8b6c | 2438 4c8b | 5424 304c 
  0x000001fff5936b3c: 8954 2428 

  0x000001fff5936b40: ;   {oop(a 'java/lang/ThreadLocal'{0x00000000a08cf5a0})}
  0x000001fff5936b40: 48ba a0f5 | 8ca0 0000 

  0x000001fff5936b48: ;   {oop(a 'java/lang/Boolean'{0x00000000a01be3f8} = false)}
  0x000001fff5936b48: 0000 49b8 | f8e3 1ba0 | 0000 0000 | 4c8b 5424 | 504c 8954 | 2438 6690 

  0x000001fff5936b60: ;   {optimized virtual_call}
  0x000001fff5936b60: c5f8 77e8 

  0x000001fff5936b64: ; ImmutableOopMap {rbp=Oop [32]=Oop [56]=Oop [64]=Oop [72]=Oop [88]=Oop [120]=Oop }
                      ;*invokevirtual set {reexecute=0 rethrow=0 return_oop=0}
                      ; - java.util.jar.JarFile::ensureInitialization@68 (line 1038)
                      ; - java.util.jar.JavaUtilJarAccessImpl::ensureInitialization@1 (line 72)
                      ; - jdk.internal.loader.URLClassPath$JarLoader$2::getManifest@10 (line 883)
                      ; - java.net.URLClassLoader::defineClass@34 (line 491)
  0x000001fff5936b64: 18a8 d7fe | 4c8b 5424 | 4049 8bda | e973 0100 | 0048 8bd8 | e96b 0100 | 0048 8bd8 | e963 0100 
  0x000001fff5936b84: 0044 8b50 | 084d 33db | 4f8d 1cd3 | 4d8b 5350 

  0x000001fff5936b94: ;   {metadata('java/lang/IllegalArgumentException')}
  0x000001fff5936b94: 49bb 7066 | 0700 0100 | 0000 4d3b | d30f 8559 | ffff ff45 | 33c9 49ba | 0000 48fc | ff01 0000 
  0x000001fff5936bb4: 4c89 5424 | 58e9 cd02 | 0000 e9f0 | 0000 00e9 | eb00 0000 | e9e6 0000 | 00e9 e100 | 0000 e9dc 
  0x000001fff5936bd4: 0000 00e9 | 5f04 0000 | e95a 0400 | 00e9 cd00 | 0000 e9c8 | 0000 0048 | 8bd0 e94b | 0400 00e9 
  0x000001fff5936bf4: bb00 0000 | 488b d8e9 | d502 0000 | 488b d844 | 8b50 08e9 | be00 0000 | eb00 488b | d0e9 2804 
  0x000001fff5936c14: 0000 488b | d8e9 b702 | 0000 488b | d8e9 af02 | 0000 488b | d8e9 a702 | 0000 488b | d8e9 9f02 
  0x000001fff5936c34: 0000 448b | 5008 4c8b | 8424 e800 | 0000 e920 | 0200 0044 | 8b50 084c | 8b84 24e8 | 0000 00e9 
  0x000001fff5936c54: 0f02 0000 | 448b 5008 | 4c8b 8424 | e800 0000 | e9fe 0100 | 0044 8b50 | 084c 8b84 | 24e8 0000 
  0x000001fff5936c74: 00e9 ed01 | 0000 448b | 5008 4c8b | 8424 e800 | 0000 e9dc | 0100 0044 | 8b50 084c | 8b84 24e8 
  0x000001fff5936c94: 0000 00e9 | cb01 0000 | 448b 5008 | 4c8b 8424 | e800 0000 | e9ba 0100 | 00eb 04eb | 02eb 0048 
  0x000001fff5936cb4: 8bd0 e983 | 0300 0048 | 8bd8 e912 | 0200 0048 | 8bd8 448b 

  0x000001fff5936cc8: ;   {metadata('java/io/IOException')}
  0x000001fff5936cc8: 5008 49bb | e05c 0000 | 0100 0000 | 4d33 c04f | 8d04 d04d | 8b50 484d | 3bd3 0f84 | c003 0000 
  0x000001fff5936ce8: 4c8b 5c24 | 5848 8d84 | 24f0 0000 | 0048 8138 | 0000 0000 | 0f84 8300 | 0000 4d8b | 1349 f7c2 
  0x000001fff5936d08: 0200 0000 | 746f 4981 | ba86 0000 | 0000 0000 | 0074 0949 | ff8a 8600 | 0000 eb51 | 498b 8296 
  0x000001fff5936d28: 0000 0049 | 0b82 8e00 | 0000 750a | 49c7 423e | 0000 0000 | eb47 4981 | ba9e 0000 | 0000 0000 
  0x000001fff5936d48: 0074 2548 | 33c0 49c7 | 423e 0000 | 0000 f083 | 0424 0049 | 81ba 9e00 | 0000 0000 | 0000 750d 
  0x000001fff5936d68: f04d 0fb1 | 7a3e 7505 | 83c8 01eb | 10f7 c000 | 0000 00eb | 084c 8b10 | f04d 0fb1 | 130f 8499 
  0x000001fff5936d88: 0200 0048 | 8b4c 2458 | 488d 9424 | f000 0000 | 4d8b c7c5 | f877 49ba | 80db 55f6 | fd7f 0000 
  0x000001fff5936da8: 41ff d2e9 | 7402 0000 | 448b 5008 | 4c8b 8424 | e800 0000 | e9a6 0000 | 0044 8b50 | 084c 8b84 
  0x000001fff5936dc8: 24e8 0000 | 00e9 9500 | 0000 448b | 5008 4c8b | 8424 e800 | 0000 e984 | 0000 0044 | 8b50 084c 
  0x000001fff5936de8: 8b84 24e8 | 0000 00eb | 7644 8b50 | 084c 8b84 | 24e8 0000 | 00eb 6844 | 8b50 084c | 8b84 24e8 
  0x000001fff5936e08: 0000 00eb | 5a44 8b50 | 084c 8b84 | 24e8 0000 | 00eb 4ceb | 02eb 0044 | 8b50 084c | 8b84 24e8 
  0x000001fff5936e28: 0000 00eb | 3a44 8b50 | 084c 8b84 | 24e8 0000 | 00eb 2c44 | 8b50 084c | 8b84 24e8 | 0000 00eb 
  0x000001fff5936e48: 1e44 8b50 | 0849 b800 | 0048 fcff | 0100 00eb | 0e44 8b50 | 0849 b800 | 0048 fcff | 0100 004d 
  0x000001fff5936e68: 33db 4f8d | 1cd3 4d8b 

  0x000001fff5936e70: ;   {metadata('java/lang/IllegalArgumentException')}
  0x000001fff5936e70: 5350 49bb | 7066 0700 | 0100 0000 | 4d3b d375 | 494c 8b4c | 2450 4c89 | 4424 5848 | 8b54 2438 
  0x000001fff5936e90: 4c8b 4424 | 7848 8b7c | 2420 488b | ea66 6690 

  0x000001fff5936ea0: ;   {optimized virtual_call}
  0x000001fff5936ea0: c5f8 77e8 

  0x000001fff5936ea4: ; ImmutableOopMap {rbp=Oop [32]=Oop [56]=Oop [64]=Oop [72]=Oop [120]=Oop [144]=NarrowOop }
                      ;*invokevirtual getAndVerifyPackage {reexecute=0 rethrow=0 return_oop=1}
                      ; - java.net.URLClassLoader::defineClass@97 (line 502)
  0x000001fff5936ea4: d8a4 d7fe | 4885 c00f | 84e7 0100 | 0048 8b74 | 2448 4c8b | 5424 204c | 8b5c 2458 | 4c89 5c24 
  0x000001fff5936ec4: 50e9 547d | ffff 488b | d0e9 6c01 | 0000 488b | d84c 8b5c | 2478 488d | 8424 f800 | 0000 4881 
  0x000001fff5936ee4: 3800 0000 | 000f 8483 | 0000 004d | 8b13 49f7 | c202 0000 | 0074 6f49 | 81ba 8600 | 0000 0000 
  0x000001fff5936f04: 0000 7409 | 49ff 8a86 | 0000 00eb | 5149 8b82 | 9600 0000 | 490b 828e | 0000 0075 | 0a49 c742 
  0x000001fff5936f24: 3e00 0000 | 00eb 4749 | 81ba 9e00 | 0000 0000 | 0000 7425 | 4833 c049 | c742 3e00 | 0000 00f0 
  0x000001fff5936f44: 8304 2400 | 4981 ba9e | 0000 0000 | 0000 0075 | 0df0 4d0f | b17a 3e75 | 0583 c801 | eb10 f7c0 
  0x000001fff5936f64: 0000 0000 | eb08 4c8b | 10f0 4d0f | b113 0f85 | d600 0000 | 4c8b 5c24 | 6048 8d84 | 24f0 0000 
  0x000001fff5936f84: 0048 8138 | 0000 0000 | 0f84 8300 | 0000 4d8b | 1349 f7c2 | 0200 0000 | 746f 4981 | ba86 0000 
  0x000001fff5936fa4: 0000 0000 | 0074 0949 | ff8a 8600 | 0000 eb51 | 498b 8296 | 0000 0049 | 0b82 8e00 | 0000 750a 
  0x000001fff5936fc4: 49c7 423e | 0000 0000 | eb47 4981 | ba9e 0000 | 0000 0000 | 0074 2548 | 33c0 49c7 | 423e 0000 
  0x000001fff5936fe4: 0000 f083 | 0424 0049 | 81ba 9e00 | 0000 0000 | 0000 750d | f04d 0fb1 | 7a3e 7505 | 83c8 01eb 
  0x000001fff5937004: 10f7 c000 | 0000 00eb | 084c 8b10 | f04d 0fb1 | 1375 5c48 | 8bd3 eb22 | 488b d0eb | 1d48 8bd8 
  0x000001fff5937024: 488b d3eb | 15eb 1048 | 8bd0 eb0e | 488b d0eb | 09eb 04eb | 02eb 0048 | 8bd0 c5f8 | 7748 81c4 
  0x000001fff5937044: 1001 0000 

  0x000001fff5937048: ;   {runtime_call _rethrow_Java}
  0x000001fff5937048: 5de9 3242 | e2fe 488b | 4c24 7848 | 8d94 24f8 | 0000 004d | 8bc7 c5f8 | 7749 ba80 | db55 f6fd 
  0x000001fff5937068: 7f00 0041 | ffd2 e905 | ffff ff48 | 8b4c 2460 | 488d 9424 | f000 0000 | 4d8b c7c5 | f877 49ba 
  0x000001fff5937088: 80db 55f6 | fd7f 0000 | 41ff d2e9 | 7fff ffff | bafd 0000 | 0066 6690 

  0x000001fff59370a0: ;   {runtime_call UncommonTrapBlob}
  0x000001fff59370a0: c5f8 77e8 

  0x000001fff59370a4: ; ImmutableOopMap {[120]=Oop }
                      ;*new {reexecute=0 rethrow=0 return_oop=0}
                      ; - java.net.URLClassLoader::defineClass@103 (line 504)
  0x000001fff59370a4: 58f8 d7fe | 488b ebba | df01 0000 | 4c8b 5424 | 384c 8954 | 2420 6690 

  0x000001fff59370bc: ;   {runtime_call UncommonTrapBlob}
  0x000001fff59370bc: c5f8 77e8 

  0x000001fff59370c0: ; ImmutableOopMap {rbp=Oop [32]=Oop [40]=Oop [72]=Oop [84]=NarrowOop [120]=Oop [144]=NarrowOop }
                      ;*new {reexecute=0 rethrow=0 return_oop=0}
                      ; - java.util.jar.JarFile::ensureInitialization@8 (line 1030)
                      ; - java.util.jar.JavaUtilJarAccessImpl::ensureInitialization@1 (line 72)
                      ; - jdk.internal.loader.URLClassPath$JarLoader$2::getManifest@10 (line 883)
                      ; - java.net.URLClassLoader::defineClass@34 (line 491)
  0x000001fff59370c0: 3cf8 d7fe 

  0x000001fff59370c4: ;   {internal_word}
  0x000001fff59370c4: 49ba 7e05 | 93f5 ff01 | 0000 4d89 | 9768 0300 

  0x000001fff59370d4: ;   {runtime_call SafepointBlob}
  0x000001fff59370d4: 00e9 2609 | d8fe f4f4 | f4f4 f4f4 
[Stub Code]
  0x000001fff59370e0: ;   {no_reloc}
  0x000001fff59370e0: 48bb 78c5 | 4683 ff01 

  0x000001fff59370e8: ;   {runtime_call I2C/C2I adapters}
  0x000001fff59370e8: 0000 e961 

  0x000001fff59370ec: ;   {static_stub}
  0x000001fff59370ec: ecd7 fe48 | bb00 0000 | 0000 0000 

  0x000001fff59370f8: ;   {runtime_call}
  0x000001fff59370f8: 00e9 fbff 

  0x000001fff59370fc: ;   {static_stub}
  0x000001fff59370fc: ffff 48bb | 0000 0000 | 0000 0000 

  0x000001fff5937108: ;   {runtime_call}
  0x000001fff5937108: e9fb ffff 

  0x000001fff593710c: ;   {static_stub}
  0x000001fff593710c: ff48 bb00 | 0000 0000 

  0x000001fff5937114: ;   {runtime_call}
  0x000001fff5937114: 0000 00e9 | fbff ffff 

  0x000001fff593711c: ;   {static_stub}
  0x000001fff593711c: 48bb 0000 | 0000 0000 

  0x000001fff5937124: ;   {runtime_call}
  0x000001fff5937124: 0000 e9fb 

  0x000001fff5937128: ;   {static_stub}
  0x000001fff5937128: ffff ff48 | bb00 0000 | 0000 0000 

  0x000001fff5937134: ;   {runtime_call}
  0x000001fff5937134: 00e9 fbff 

  0x000001fff5937138: ;   {static_stub}
  0x000001fff5937138: ffff 48bb | 0000 0000 | 0000 0000 

  0x000001fff5937144: ;   {runtime_call}
  0x000001fff5937144: e9fb ffff 

  0x000001fff5937148: ;   {static_stub}
  0x000001fff5937148: ff48 bb00 | 0000 0000 

  0x000001fff5937150: ;   {runtime_call}
  0x000001fff5937150: 0000 00e9 | fbff ffff 

  0x000001fff5937158: ;   {static_stub}
  0x000001fff5937158: 48bb 0000 | 0000 0000 

  0x000001fff5937160: ;   {runtime_call}
  0x000001fff5937160: 0000 e9fb 

  0x000001fff5937164: ;   {static_stub}
  0x000001fff5937164: ffff ff48 | bb00 0000 | 0000 0000 

  0x000001fff5937170: ;   {runtime_call}
  0x000001fff5937170: 00e9 fbff 

  0x000001fff5937174: ;   {static_stub}
  0x000001fff5937174: ffff 48bb | 0000 0000 | 0000 0000 

  0x000001fff5937180: ;   {runtime_call}
  0x000001fff5937180: e9fb ffff 

  0x000001fff5937184: ;   {static_stub}
  0x000001fff5937184: ff48 bb00 | 0000 0000 

  0x000001fff593718c: ;   {runtime_call}
  0x000001fff593718c: 0000 00e9 | fbff ffff 

  0x000001fff5937194: ;   {static_stub}
  0x000001fff5937194: 48bb 0000 | 0000 0000 

  0x000001fff593719c: ;   {runtime_call}
  0x000001fff593719c: 0000 e9fb 

  0x000001fff59371a0: ;   {static_stub}
  0x000001fff59371a0: ffff ff48 | bb00 0000 | 0000 0000 

  0x000001fff59371ac: ;   {runtime_call}
  0x000001fff59371ac: 00e9 fbff 

  0x000001fff59371b0: ;   {static_stub}
  0x000001fff59371b0: ffff 48bb | 0000 0000 | 0000 0000 

  0x000001fff59371bc: ;   {runtime_call}
  0x000001fff59371bc: e9fb ffff 

  0x000001fff59371c0: ;   {static_stub}
  0x000001fff59371c0: ff48 bb00 | 0000 0000 

  0x000001fff59371c8: ;   {runtime_call}
  0x000001fff59371c8: 0000 00e9 | fbff ffff 

  0x000001fff59371d0: ;   {static_stub}
  0x000001fff59371d0: 48bb 0000 | 0000 0000 

  0x000001fff59371d8: ;   {runtime_call}
  0x000001fff59371d8: 0000 e9fb 

  0x000001fff59371dc: ;   {static_stub}
  0x000001fff59371dc: ffff ff48 | bb00 0000 | 0000 0000 

  0x000001fff59371e8: ;   {runtime_call}
  0x000001fff59371e8: 00e9 fbff 

  0x000001fff59371ec: ;   {static_stub}
  0x000001fff59371ec: ffff 48bb | 0000 0000 | 0000 0000 

  0x000001fff59371f8: ;   {runtime_call}
  0x000001fff59371f8: e9fb ffff 

  0x000001fff59371fc: ;   {static_stub}
  0x000001fff59371fc: ff48 bb00 | 0000 0000 

  0x000001fff5937204: ;   {runtime_call}
  0x000001fff5937204: 0000 00e9 | fbff ffff 

  0x000001fff593720c: ;   {static_stub}
  0x000001fff593720c: 48bb 0000 | 0000 0000 

  0x000001fff5937214: ;   {runtime_call}
  0x000001fff5937214: 0000 e9fb 

  0x000001fff5937218: ;   {static_stub}
  0x000001fff5937218: ffff ff48 | bb00 0000 | 0000 0000 

  0x000001fff5937224: ;   {runtime_call}
  0x000001fff5937224: 00e9 fbff 

  0x000001fff5937228: ;   {static_stub}
  0x000001fff5937228: ffff 48bb | 0000 0000 | 0000 0000 

  0x000001fff5937234: ;   {runtime_call}
  0x000001fff5937234: e9fb ffff 

  0x000001fff5937238: ;   {static_stub}
  0x000001fff5937238: ff48 bb00 | 0000 0000 

  0x000001fff5937240: ;   {runtime_call}
  0x000001fff5937240: 0000 00e9 | fbff ffff 

  0x000001fff5937248: ;   {static_stub}
  0x000001fff5937248: 48bb 0000 | 0000 0000 

  0x000001fff5937250: ;   {runtime_call}
  0x000001fff5937250: 0000 e9fb 

  0x000001fff5937254: ;   {static_stub}
  0x000001fff5937254: ffff ff48 | bb00 0000 | 0000 0000 

  0x000001fff5937260: ;   {runtime_call}
  0x000001fff5937260: 00e9 fbff 

  0x000001fff5937264: ;   {static_stub}
  0x000001fff5937264: ffff 48bb | 0000 0000 | 0000 0000 

  0x000001fff5937270: ;   {runtime_call}
  0x000001fff5937270: e9fb ffff 

  0x000001fff5937274: ;   {static_stub}
  0x000001fff5937274: ff48 bb00 | 0000 0000 

  0x000001fff593727c: ;   {runtime_call}
  0x000001fff593727c: 0000 00e9 | fbff ffff 

  0x000001fff5937284: ;   {static_stub}
  0x000001fff5937284: 48bb 0000 | 0000 0000 

  0x000001fff593728c: ;   {runtime_call}
  0x000001fff593728c: 0000 e9fb 

  0x000001fff5937290: ;   {static_stub}
  0x000001fff5937290: ffff ff48 | bb00 0000 | 0000 0000 

  0x000001fff593729c: ;   {runtime_call}
  0x000001fff593729c: 00e9 fbff 

  0x000001fff59372a0: ;   {static_stub}
  0x000001fff59372a0: ffff 48bb | 0000 0000 | 0000 0000 

  0x000001fff59372ac: ;   {runtime_call}
  0x000001fff59372ac: e9fb ffff 

  0x000001fff59372b0: ;   {static_stub}
  0x000001fff59372b0: ff48 bb00 | 0000 0000 

  0x000001fff59372b8: ;   {runtime_call}
  0x000001fff59372b8: 0000 00e9 | fbff ffff 

  0x000001fff59372c0: ;   {static_stub}
  0x000001fff59372c0: 48bb 0000 | 0000 0000 

  0x000001fff59372c8: ;   {runtime_call}
  0x000001fff59372c8: 0000 e9fb 

  0x000001fff59372cc: ;   {static_stub}
  0x000001fff59372cc: ffff ff48 | bb00 0000 | 0000 0000 

  0x000001fff59372d8: ;   {runtime_call}
  0x000001fff59372d8: 00e9 fbff 

  0x000001fff59372dc: ;   {static_stub}
  0x000001fff59372dc: ffff 48bb | 0000 0000 | 0000 0000 

  0x000001fff59372e8: ;   {runtime_call}
  0x000001fff59372e8: e9fb ffff 

  0x000001fff59372ec: ;   {static_stub}
  0x000001fff59372ec: ff48 bb00 | 0000 0000 

  0x000001fff59372f4: ;   {runtime_call}
  0x000001fff59372f4: 0000 00e9 | fbff ffff 

  0x000001fff59372fc: ;   {static_stub}
  0x000001fff59372fc: 48bb 0000 | 0000 0000 

  0x000001fff5937304: ;   {runtime_call}
  0x000001fff5937304: 0000 e9fb 

  0x000001fff5937308: ;   {static_stub}
  0x000001fff5937308: ffff ff48 | bb00 0000 | 0000 0000 

  0x000001fff5937314: ;   {runtime_call}
  0x000001fff5937314: 00e9 fbff 

  0x000001fff5937318: ;   {static_stub}
  0x000001fff5937318: ffff 48bb | 0000 0000 | 0000 0000 

  0x000001fff5937324: ;   {runtime_call}
  0x000001fff5937324: e9fb ffff 

  0x000001fff5937328: ;   {static_stub}
  0x000001fff5937328: ff48 bb00 | 0000 0000 

  0x000001fff5937330: ;   {runtime_call}
  0x000001fff5937330: 0000 00e9 | fbff ffff 

  0x000001fff5937338: ;   {static_stub}
  0x000001fff5937338: 48bb 0000 | 0000 0000 

  0x000001fff5937340: ;   {runtime_call}
  0x000001fff5937340: 0000 e9fb 

  0x000001fff5937344: ;   {static_stub}
  0x000001fff5937344: ffff ff48 | bb00 0000 | 0000 0000 

  0x000001fff5937350: ;   {runtime_call}
  0x000001fff5937350: 00e9 fbff 

  0x000001fff5937354: ;   {static_stub}
  0x000001fff5937354: ffff 48bb | 0000 0000 | 0000 0000 

  0x000001fff5937360: ;   {runtime_call}
  0x000001fff5937360: e9fb ffff 

  0x000001fff5937364: ;   {static_stub}
  0x000001fff5937364: ff48 bb00 | 0000 0000 

  0x000001fff593736c: ;   {runtime_call}
  0x000001fff593736c: 0000 00e9 | fbff ffff 

  0x000001fff5937374: ;   {static_stub}
  0x000001fff5937374: 48bb 0000 | 0000 0000 

  0x000001fff593737c: ;   {runtime_call}
  0x000001fff593737c: 0000 e9fb 

  0x000001fff5937380: ;   {static_stub}
  0x000001fff5937380: ffff ff48 | bb00 0000 | 0000 0000 

  0x000001fff593738c: ;   {runtime_call}
  0x000001fff593738c: 00e9 fbff 

  0x000001fff5937390: ;   {static_stub}
  0x000001fff5937390: ffff 48bb | 0000 0000 | 0000 0000 

  0x000001fff593739c: ;   {runtime_call}
  0x000001fff593739c: e9fb ffff 

  0x000001fff59373a0: ;   {static_stub}
  0x000001fff59373a0: ff48 bb00 | 0000 0000 

  0x000001fff59373a8: ;   {runtime_call}
  0x000001fff59373a8: 0000 00e9 | fbff ffff 

  0x000001fff59373b0: ;   {static_stub}
  0x000001fff59373b0: 48bb 0000 | 0000 0000 

  0x000001fff59373b8: ;   {runtime_call}
  0x000001fff59373b8: 0000 e9fb 

  0x000001fff59373bc: ;   {static_stub}
  0x000001fff59373bc: ffff ff48 | bb00 0000 | 0000 0000 

  0x000001fff59373c8: ;   {runtime_call}
  0x000001fff59373c8: 00e9 fbff 

  0x000001fff59373cc: ;   {static_stub}
  0x000001fff59373cc: ffff 48bb | 0000 0000 | 0000 0000 

  0x000001fff59373d8: ;   {runtime_call}
  0x000001fff59373d8: e9fb ffff 

  0x000001fff59373dc: ;   {static_stub}
  0x000001fff59373dc: ff48 bb00 | 0000 0000 

  0x000001fff59373e4: ;   {runtime_call}
  0x000001fff59373e4: 0000 00e9 | fbff ffff 
[Exception Handler]
  0x000001fff59373ec: ;   {runtime_call ExceptionBlob}
  0x000001fff59373ec: e98f c9e1 | fee8 0000 | 0000 4883 

  0x000001fff59373f8: ;   {runtime_call DeoptimizationBlob}
  0x000001fff59373f8: 2c24 05e9 | a0f8 d7fe 
[/MachCode]


Compiled method (c2) 31048112 29590       4       java.net.URLClassLoader$1::run (5 bytes)
 total in heap  [0x000001fff62a9510,0x000001fff62aa8e0] = 5072
 relocation     [0x000001fff62a9668,0x000001fff62a9700] = 152
 main code      [0x000001fff62a9700,0x000001fff62aa0e0] = 2528
 stub code      [0x000001fff62aa0e0,0x000001fff62aa128] = 72
 oops           [0x000001fff62aa128,0x000001fff62aa138] = 16
 metadata       [0x000001fff62aa138,0x000001fff62aa1c8] = 144
 scopes data    [0x000001fff62aa1c8,0x000001fff62aa5c0] = 1016
 scopes pcs     [0x000001fff62aa5c0,0x000001fff62aa7c0] = 512
 dependencies   [0x000001fff62aa7c0,0x000001fff62aa7d0] = 16
 handler table  [0x000001fff62aa7d0,0x000001fff62aa8c0] = 240
 nul chk table  [0x000001fff62aa8c0,0x000001fff62aa8e0] = 32

[Constant Pool (empty)]

[MachCode]
[Entry Point]
  # {method} {0x000001ff83602138} 'run' '()Ljava/lang/Object;' in 'java/net/URLClassLoader$1'
  #           [sp+0x80]  (sp of caller)
  0x000001fff62a9700: 448b 5208 | 49c1 e203 

  0x000001fff62a9708: ;   {runtime_call ic_miss_stub}
  0x000001fff62a9708: 493b c20f | 856f 7940 | fe66 6690 | 660f 1f44 | 0000 660f | 1f44 0000 
[Verified Entry Point]
  0x000001fff62a9720: 8984 2400 | 90ff ff55 | 4883 ec70 | 4889 5424 | 508b 5a0c 

  0x000001fff62a9734: ; implicit exception: dispatches to 0x000001fff62a9fc1
  0x000001fff62a9734: 440f be53 | 1045 85d2 | 0f85 8e07 | 0000 448b | 4b14 418b | 790c 4c8b | f385 ff0f | 86d3 0000 
  0x000001fff62a9754: 008b f7ff | ce3b f70f | 83fb 0600 | 008b c783 | c0fd 4d8b | e941 8079 | 102e 0f84 | 5205 0000 
  0x000001fff62a9774: 41bb 0100 | 0000 83f8 | 010f 8e86 | 0000 008b | cf41 2bcb | 83c1 fd45 | 33d2 413b | c341 0f4c 
  0x000001fff62a9794: ca81 f9a0 | 0f00 0041 | b8a0 0f00 | 0041 0f47 | c841 03cb | 0f1f 8400 | 0000 0000 | 4963 d345 
  0x000001fff62a97b4: 0fbe 5411 | 1041 83fa | 2e0f 8481 | 0000 0045 | 0fbe 5411 | 1141 83fa | 2e74 7a45 | 0fbe 4411 
  0x000001fff62a97d4: 1241 83f8 | 2e74 6545 | 0fbe 5411 | 1341 8beb | 83c5 0341 | 83fa 2e74 | 6141 83c3 | 0444 3bd9 
  0x000001fff62a97f4: 7cba 4d8b | 8758 0300 

  0x000001fff62a97fc: ; ImmutableOopMap {r9=NarrowOop rbx=NarrowOop r13=Oop r14=Oop [80]=Oop }
                      ;*if_icmpne {reexecute=1 rethrow=0 return_oop=0}
                      ; - (reexecute) java.lang.StringLatin1::replace@28 (line 307)
                      ; - java.lang.String::replace@18 (line 2808)
                      ; - java.net.URLClassLoader$1::run@8 (line 423)
                      ; - java.net.URLClassLoader$1::run@1 (line 421)
                      ;   {poll}
  0x000001fff62a97fc: 0041 8500 | 443b d80f | 8c7a ffff | ff44 3bdf | 7d1a 6690 | 470f be54 | 1910 4183 | fa2e 0f84 
  0x000001fff62a981c: 1906 0000 | 41ff c344 | 3bdf 7ce8 | 4d8b d14d | 8bde e972 | 0200 0045 | 8bc8 c4c1 | f97e c5e9 
  0x000001fff62a983c: a000 0000 | 4183 c302 | 418b ebeb | 0541 8beb | ffc5 3bef | 7dd6 81ff | 0000 1000 | 0f87 5605 
  0x000001fff62a985c: 0000 4d8b | 9708 0100 | 004c 63df | 4983 c317 | 4983 e3f8 | 4d8b c24d | 03c3 4d3b | 8718 0100 
  0x000001fff62a987c: 000f 8331 | 0500 004d | 8987 0801 | 0000 410f | 1880 0001 | 0000 49c7 | 0201 0000 | 0041 0f18 
  0x000001fff62a989c: 8040 0100 

  0x000001fff62a98a0: ;   {metadata({type array byte})}
  0x000001fff62a98a0: 0041 c742 | 080c 8100 | 2041 897a | 0c41 0f18 | 8080 0100 | 0085 ed0f | 8e8c 0000 | 0044 8bdd 
  0x000001fff62a98c0: 41ff cb44 | 3bdf 0f83 | 8406 0000 | 85ff 0f86 | 7c06 0000 | b9e8 0300 | 0033 d2c4 | c1f9 6eca 
  0x000001fff62a98e0: 448b dd44 | 2bda 4533 | c03b ea45 | 0f4c d841 | 81fb e803 | 0000 440f | 47d9 4403 | da45 8bc1 
  0x000001fff62a9900: c4c1 f96e | c566 6666 | 0f1f 8400 | 0000 0000 | 4c63 ca47 | 0fbe 5408 | 10c4 c1f9 | 7ecd 4788 
  0x000001fff62a9920: 540d 10ff | c241 3bd3 | 7ce6 4d8b | 9758 0300 

  0x000001fff62a9930: ; ImmutableOopMap {r8=NarrowOop rbx=NarrowOop r13=Oop r14=Oop xmm0=Oop xmm1=Oop [80]=Oop }
                      ;*goto {reexecute=1 rethrow=0 return_oop=0}
                      ; - (reexecute) java.lang.StringLatin1::replace@76 (line 314)
                      ; - java.lang.String::replace@18 (line 2808)
                      ; - java.net.URLClassLoader$1::run@8 (line 423)
                      ; - java.net.URLClassLoader$1::run@1 (line 421)
                      ;   {poll}
  0x000001fff62a9930: 0041 8502 | 3bd5 0f8c | f7fe ffff | 458b c8c4 | c1f9 7ec5 | c4c1 f97e | ca3b ef0f | 8d0c 0100 
  0x000001fff62a9950: 003b ef0f | 8357 0500 | 003b f70f | 834f 0500 | 008b cdff | c14c 63dd | 470f be44 | 1910 4183 
  0x000001fff62a9970: f82e 0f84 | 3903 0000 | 4788 441a | 10ff c53b | e97c e23b | e80f 8daf | 0000 00e9 | 8600 0000 
  0x000001fff62a9990: 41bb 2f00 | 0000 6666 | 0f1f 8400 | 0000 0000 | 4588 5c1a | 1145 0fbe | 4419 1241 | 83f8 2e74 
  0x000001fff62a99b0: 4f45 8844 | 1a12 450f | be5c 1913 | 4183 fb2e | 742e 4588 | 5c1a 1383 | c504 3be9 | 7d3a 4863 
  0x000001fff62a99d0: dd45 0fbe | 5c19 1041 | 83fb 2e74 | 1b45 885c | 1a10 450f | be5c 1911 | 4183 fb2e | 75b2 eba0 
  0x000001fff62a99f0: 41bb 2f00 | 0000 ebca | 41bb 2f00 | 0000 ebdd | 41b8 2f00 | 0000 eba9 | 4d8b 8758 

  0x000001fff62a9a0c: ; ImmutableOopMap {r10=Oop r9=NarrowOop r13=Oop r14=Oop [80]=Oop }
                      ;*goto {reexecute=1 rethrow=0 return_oop=0}
                      ; - (reexecute) java.lang.StringLatin1::replace@113 (line 321)
                      ; - java.lang.String::replace@18 (line 2808)
                      ; - java.net.URLClassLoader$1::run@8 (line 423)
                      ; - java.net.URLClassLoader$1::run@1 (line 421)
                      ;   {poll}
  0x000001fff62a9a0c: 0300 0041 | 8500 3be8 | 7d24 8bcf | 2bcd 83c1 | fd45 33c0 | 3bc5 410f | 4cc8 81f9 | a00f 0000 
  0x000001fff62a9a2c: 41b8 a00f | 0000 410f | 47c8 03cd | eb94 3bef | 7d1f 6690 | 4c63 dd43 | 0fbe 4c19 | 1083 f92e 
  0x000001fff62a9a4c: 0f84 6a02 | 0000 4388 | 4c1a 10ff | c53b ef7c | e34d 8b9f | 0801 0000 | 4d8b c349 | 83c0 184d 
  0x000001fff62a9a6c: 3b87 1801 | 0000 0f83 | 9703 0000 | 4d89 8708 | 0100 0041 | 0f18 8000 | 0100 0049 | c703 0100 
  0x000001fff62a9a8c: ;   {metadata('java/lang/String')}
  0x000001fff62a9a8c: 0000 41c7 | 4308 b183 | 0020 4589 | 630c 4d89 | 6310 4d8b | ca45 894b | 1445 8b42 | 0c45 85c0 
  0x000001fff62a9aac: 0f86 1b02 | 0000 410f | be5b 1045 | 8bc8 8bcb | 41d3 f949 | 63c1 83fb | 010f 84a5 | 0400 0045 
  0x000001fff62a9acc: 85c9 0f8c | 1c04 0000 | 488b f048 | 83c6 068b | fe85 ff0f | 8c27 0400 | 0048 8bce | 48c1 f920 
  0x000001fff62a9aec: 8bc9 d3e7 | 85ff 0f8c | 9404 0000 | 81ff 0000 | 1000 0f87 | 5003 0000 | 4863 cf81 | ff00 0010 
  0x000001fff62a9b0c: 000f 871b | 0200 0049 | 8baf 0801 | 0000 4883 | c117 4883 | e1f8 488b | d548 03d1 | 493b 9718 
  0x000001fff62a9b2c: 0100 000f | 83f9 0100 | 0049 8997 | 0801 0000 | 0f18 8200 | 0100 0048 | c745 0001 | 0000 000f 
  0x000001fff62a9b4c: 1882 4001 

  0x000001fff62a9b50: ;   {metadata({type array byte})}
  0x000001fff62a9b50: 0000 c745 | 080c 8100 | 2089 7d0c | 0f18 8280 | 0100 0041 | 8bc9 83c1 | 063b f90f | 820b 0300 
  0x000001fff62a9b70: 0049 63c9 | 4585 c90f | 8f11 0100 | 00c6 440d | 102e c644 | 0d11 63c6 | 440d 126c | c644 0d13 
  0x000001fff62a9b90: 61c6 440d | 1473 c644 | 0d15 7385 | db0f 8585 | 0300 0041 | 3bf8 0f82 | ec02 0000 | 4585 c076 
  0x000001fff62a9bb0: 2148 8bd5 | 4883 c210 | 4983 c210 | 4d63 c049 | 8bca c5f8 | 7749 ba60 | 7f69 f4ff | 0100 0041 
  0x000001fff62a9bd0: ffd2 4d8b | 8708 0100 | 004d 8bd0 | 4983 c218 | 4d3b 9718 | 0100 000f | 83ab 0100 | 004d 8997 
  0x000001fff62a9bf0: 0801 0000 | 410f 1882 | 0001 0000 | 49c7 0001 

  0x000001fff62a9c00: ;   {metadata('java/lang/String')}
  0x000001fff62a9c00: 0000 0041 | c740 08b1 | 8300 2045 | 8960 0c45 | 8960 104c | 8bdd 4589 | 5814 4c8b | 5424 5045 
  0x000001fff62a9c20: 8b5a 1045 | 8b53 5445 | 85d2 0f84 | 1102 0000 | 498b d245 | 33c9 6690 

  0x000001fff62a9c38: ;   {optimized virtual_call}
  0x000001fff62a9c38: c5f8 77e8 

  0x000001fff62a9c3c: ; ImmutableOopMap {[80]=Oop }
                      ;*invokevirtual getResource {reexecute=0 rethrow=0 return_oop=1}
                      ; - java.net.URLClassLoader$1::run@26 (line 424)
                      ; - java.net.URLClassLoader$1::run@1 (line 421)
  0x000001fff62a9c3c: c097 b0fe | 4889 4424 | 2848 85c0 | 742c 4c8b | 5424 5045 | 8b5a 1041 | 8b6a 0c45 | 85db 0f84 
  0x000001fff62a9c5c: e002 0000 | 498b d34c | 8bc5 4c8b | c866 6690 

  0x000001fff62a9c6c: ;   {optimized virtual_call}
  0x000001fff62a9c6c: c5f8 77e8 

  0x000001fff62a9c70: ; ImmutableOopMap {[40]=Oop [80]=Oop }
                      ;*invokevirtual defineClass {reexecute=0 rethrow=0 return_oop=1}
                      ; - java.net.URLClassLoader$1::run@43 (line 427)
                      ; - java.net.URLClassLoader$1::run@1 (line 421)
  0x000001fff62a9c70: ec4a 68ff | eb02 33c0 | c5f8 7748 | 83c4 705d 

  0x000001fff62a9c80: ;   {poll_return}
  0x000001fff62a9c80: 493b a750 | 0300 000f | 871f 0400 | 00c3 c644 | 0d15 73c6 | 440d 1473 | c644 0d13 | 61c6 440d 
  0x000001fff62a9ca0: 126c c644 | 0d11 63c6 | 440d 102e | e9ea feff | ff41 b82f | 0000 00e9 | bcfc ffff | b92f 0000 
  0x000001fff62a9cc0: 00e9 8cfd | ffff 33ed | e981 fbff | ff49 8b87 | 0801 0000 | 4c8b d049 | 83c2 184d | 3b97 1801 
  0x000001fff62a9ce0: 0000 0f83 | c002 0000 | 4d89 9708 | 0100 0041 | 0f18 8200 | 0100 0048 | c700 0100 

  0x000001fff62a9cfc: ;   {metadata('java/lang/String')}
  0x000001fff62a9cfc: 0000 c740 | 08b1 8300 | 2044 8960 | 0c44 8960 

  0x000001fff62a9d0c: ;   {oop([B{0x00000000a08ee940})}
  0x000001fff62a9d0c: 10c7 4014 | 40e9 8ea0 

  0x000001fff62a9d14: ;   {oop(".class"{0x00000000a08ee928})}
  0x000001fff62a9d14: 49ba 28e9 | 8ea0 0000 | 0000 458b | 520c 4489 | 500c 4c8b | c0e9 ecfe | ffff 897c | 243c 4889 
  0x000001fff62a9d34: 4424 4044 | 894c 2438 | 895c 2434 | 4489 4424 | 304c 895c | 2428 4c89 

  0x000001fff62a9d4c: ;   {metadata({type array byte})}
  0x000001fff62a9d4c: 5424 2048 | ba60 0804 | 0001 0000 | 0044 8bc7 | 4889 7424 | 4866 6690 

  0x000001fff62a9d64: ;   {runtime_call _new_array_Java}
  0x000001fff62a9d64: c5f8 77e8 

  0x000001fff62a9d68: ; ImmutableOopMap {[32]=Oop [40]=Oop [80]=Oop }
                      ;*invokevirtual allocateUninitializedArray0 {reexecute=0 rethrow=0 return_oop=1}
                      ; - jdk.internal.misc.Unsafe::allocateUninitializedArray@51 (line 1375)
                      ; - java.lang.StringConcatHelper::newArray@33 (line 497)
                      ; - java.lang.StringConcatHelper::simpleConcat@61 (line 421)
                      ; - java.lang.String::concat@11 (line 2774)
                      ; - java.net.URLClassLoader$1::run@13 (line 423)
                      ; - java.net.URLClassLoader$1::run@1 (line 421)
  0x000001fff62a9d68: 944e 4bfe | 4c8b d04c | 8b5c 2428 | 448b 4424 | 308b 5c24 | 3444 8b4c | 2438 488b | 4424 408b 
  0x000001fff62a9d88: 7c24 3c49 | 8bea 4c8b | 5424 20e9 | cbfd ffff 

  0x000001fff62a9d98: ;   {metadata('java/lang/String')}
  0x000001fff62a9d98: 48ba 881d | 0400 0100 | 0000 6690 

  0x000001fff62a9da4: ;   {runtime_call _new_instance_Java}
  0x000001fff62a9da4: c5f8 77e8 

  0x000001fff62a9da8: ; ImmutableOopMap {rbp=Oop [80]=Oop }
                      ;*new {reexecute=0 rethrow=0 return_oop=1}
                      ; - java.lang.StringConcatHelper::newString@6 (line 387)
                      ; - java.lang.StringConcatHelper::simpleConcat@90 (line 426)
                      ; - java.lang.String::concat@11 (line 2774)
                      ; - java.net.URLClassLoader$1::run@13 (line 423)
                      ; - java.net.URLClassLoader$1::run@1 (line 421)
  0x000001fff62a9da8: 544b 4bfe | 4c8b c0e9 | 5ffe ffff | 4c89 6c24 | 4889 4424 | 4089 7424 | 344c 8974 | 2438 897c 
  0x000001fff62a9dc8: 2430 4489 | 4c24 2c89 

  0x000001fff62a9dd0: ;   {metadata({type array byte})}
  0x000001fff62a9dd0: 5c24 2848 | ba60 0804 | 0001 0000 | 0044 8bc7 

  0x000001fff62a9de0: ;   {runtime_call _new_array_Java}
  0x000001fff62a9de0: c5f8 77e8 

  0x000001fff62a9de4: ; ImmutableOopMap {[40]=NarrowOop [44]=NarrowOop [56]=Oop [72]=Oop [80]=Oop }
                      ;*invokevirtual allocateUninitializedArray0 {reexecute=0 rethrow=0 return_oop=1}
                      ; - jdk.internal.misc.Unsafe::allocateUninitializedArray@51 (line 1375)
                      ; - java.lang.StringConcatHelper::newArray@33 (line 497)
                      ; - java.lang.StringLatin1::replace@49 (line 313)
                      ; - java.lang.String::replace@18 (line 2808)
                      ; - java.net.URLClassLoader$1::run@8 (line 423)
                      ; - java.net.URLClassLoader$1::run@1 (line 421)
  0x000001fff62a9de4: 184e 4bfe | 4c8b d08b | 5c24 2844 | 8b4c 242c | 8b7c 2430 | 4c8b 7424 | 388b 7424 | 348b 4424 
  0x000001fff62a9e04: 404c 8b6c | 2448 e9a6 

  0x000001fff62a9e0c: ;   {metadata('java/lang/String')}
  0x000001fff62a9e0c: faff ff48 | ba88 1d04 | 0001 0000 | 0049 8bee | 4c89 5424 | 3066 6690 

  0x000001fff62a9e24: ;   {runtime_call _new_instance_Java}
  0x000001fff62a9e24: c5f8 77e8 

  0x000001fff62a9e28: ; ImmutableOopMap {rbp=Oop [48]=Oop [80]=Oop }
                      ;*new {reexecute=0 rethrow=0 return_oop=1}
                      ; - java.lang.StringLatin1::replace@116 (line 322)
                      ; - java.lang.String::replace@18 (line 2808)
                      ; - java.net.URLClassLoader$1::run@8 (line 423)
                      ; - java.net.URLClassLoader$1::run@1 (line 421)
  0x000001fff62a9e28: d44a 4bfe | 4c8b d84c | 8b54 2430 | e965 fcff | ff41 8beb | e90d faff | ffba f6ff | ffff 4c89 
  0x000001fff62a9e48: 4424 2090 

  0x000001fff62a9e4c: ;   {runtime_call UncommonTrapBlob}
  0x000001fff62a9e4c: c5f8 77e8 

  0x000001fff62a9e50: ; ImmutableOopMap {[32]=Oop [80]=Oop }
                      ;*invokevirtual getResource {reexecute=0 rethrow=0 return_oop=0}
                      ; - java.net.URLClassLoader$1::run@26 (line 424)
                      ; - java.net.URLClassLoader$1::run@1 (line 421)
  0x000001fff62a9e50: acca 40fe | 4863 cfe9 | abfc ffff | ba76 ffff | ff48 8b6c | 2450 4489 | 4c24 2089 | 7c24 2889 
  0x000001fff62a9e70: 5c24 2c90 

  0x000001fff62a9e74: ;   {runtime_call UncommonTrapBlob}
  0x000001fff62a9e74: c5f8 77e8 

  0x000001fff62a9e78: ; ImmutableOopMap {rbp=Oop [32]=NarrowOop [44]=NarrowOop }
                      ;*if_icmpge {reexecute=1 rethrow=0 return_oop=0}
                      ; - (reexecute) java.lang.StringLatin1::replace@19 (line 306)
                      ; - java.lang.String::replace@18 (line 2808)
                      ; - java.net.URLClassLoader$1::run@8 (line 423)
                      ; - java.net.URLClassLoader$1::run@1 (line 421)
  0x000001fff62a9e78: 84ca 40fe | bacc ffff | ff4c 895c | 2428 4889 | 4424 3044 | 894c 2440 

  0x000001fff62a9e90: ;   {runtime_call UncommonTrapBlob}
  0x000001fff62a9e90: c5f8 77e8 

  0x000001fff62a9e94: ; ImmutableOopMap {rbp=Oop [40]=Oop [80]=Oop }
                      ;*invokestatic arraycopy {reexecute=0 rethrow=0 return_oop=0}
                      ; - java.lang.String::getBytes@22 (line 4459)
                      ; - java.lang.StringConcatHelper::prepend@21 (line 354)
                      ; - java.lang.StringConcatHelper::simpleConcat@71 (line 424)
                      ; - java.lang.String::concat@11 (line 2774)
                      ; - java.net.URLClassLoader$1::run@13 (line 423)
                      ; - java.net.URLClassLoader$1::run@1 (line 421)
  0x000001fff62a9e94: 68ca 40fe | bacc ffff | ff4c 8954 | 2428 4489 | 4424 3890 

  0x000001fff62a9ea8: ;   {runtime_call UncommonTrapBlob}
  0x000001fff62a9ea8: c5f8 77e8 

  0x000001fff62a9eac: ; ImmutableOopMap {rbp=Oop [40]=Oop [80]=Oop }
                      ;*invokestatic arraycopy {reexecute=0 rethrow=0 return_oop=0}
                      ; - java.lang.String::getBytes@22 (line 4459)
                      ; - java.lang.StringConcatHelper::prepend@21 (line 354)
                      ; - java.lang.StringConcatHelper::simpleConcat@81 (line 425)
                      ; - java.lang.String::concat@11 (line 2774)
                      ; - java.net.URLClassLoader$1::run@13 (line 423)
                      ; - java.net.URLClassLoader$1::run@1 (line 421)
  0x000001fff62a9eac: 50ca 40fe | ba76 ffff | ff44 894c | 2428 4c89 | 5424 3089 | 7c24 3c89 | 5c24 4090 

  0x000001fff62a9ec8: ;   {runtime_call UncommonTrapBlob}
  0x000001fff62a9ec8: c5f8 77e8 

  0x000001fff62a9ecc: ; ImmutableOopMap {[40]=NarrowOop [48]=Oop [64]=NarrowOop [80]=Oop }
                      ;*if_icmpge {reexecute=1 rethrow=0 return_oop=0}
                      ; - (reexecute) java.lang.StringLatin1::replace@82 (line 317)
                      ; - java.lang.String::replace@18 (line 2808)
                      ; - java.net.URLClassLoader$1::run@8 (line 423)
                      ; - java.net.URLClassLoader$1::run@1 (line 421)
  0x000001fff62a9ecc: 30ca 40fe | 4585 d240 | 0f95 c540 | 0fb6 ed83 | f501 ba45 | ffff ff89 | 5c24 2890 

  0x000001fff62a9ee8: ;   {runtime_call UncommonTrapBlob}
  0x000001fff62a9ee8: c5f8 77e8 

  0x000001fff62a9eec: ; ImmutableOopMap {[40]=NarrowOop [80]=Oop }
                      ;*ifeq {reexecute=1 rethrow=0 return_oop=0}
                      ; - (reexecute) java.lang.String::replace@9 (line 2808)
                      ; - java.net.URLClassLoader$1::run@8 (line 423)
                      ; - java.net.URLClassLoader$1::run@1 (line 421)
  0x000001fff62a9eec: 10ca 40fe | ba45 ffff | ff4c 895c | 2420 4889 | 4424 2844 | 894c 2430 

  0x000001fff62a9f04: ;   {runtime_call UncommonTrapBlob}
  0x000001fff62a9f04: c5f8 77e8 

  0x000001fff62a9f08: ; ImmutableOopMap {[32]=Oop [80]=Oop }
                      ;*iflt {reexecute=1 rethrow=0 return_oop=0}
                      ; - (reexecute) java.lang.StringConcatHelper::checkOverflow@2 (line 54)
                      ; - java.lang.StringConcatHelper::mix@23 (line 138)
                      ; - java.lang.StringConcatHelper::simpleConcat@46 (line 419)
                      ; - java.lang.String::concat@11 (line 2774)
                      ; - java.net.URLClassLoader$1::run@13 (line 423)
                      ; - java.net.URLClassLoader$1::run@1 (line 421)
  0x000001fff62a9f08: f4c9 40fe | ba45 ffff | ff4c 895c | 2420 897c | 2428 4889 | 7424 3090 

  0x000001fff62a9f20: ;   {runtime_call UncommonTrapBlob}
  0x000001fff62a9f20: c5f8 77e8 

  0x000001fff62a9f24: ; ImmutableOopMap {[32]=Oop [80]=Oop }
                      ;*iflt {reexecute=1 rethrow=0 return_oop=0}
                      ; - (reexecute) java.lang.StringConcatHelper::checkOverflow@2 (line 54)
                      ; - java.lang.StringConcatHelper::mix@23 (line 138)
                      ; - java.lang.StringConcatHelper::simpleConcat@54 (line 420)
                      ; - java.lang.String::concat@11 (line 2774)
                      ; - java.net.URLClassLoader$1::run@13 (line 423)
                      ; - java.net.URLClassLoader$1::run@1 (line 421)
  0x000001fff62a9f24: d8c9 40fe | ba45 ffff | ff4c 895c | 2428 895c | 2438 6690 

  0x000001fff62a9f38: ;   {runtime_call UncommonTrapBlob}
  0x000001fff62a9f38: c5f8 77e8 

  0x000001fff62a9f3c: ; ImmutableOopMap {rbp=Oop [40]=Oop [80]=Oop }
                      ;*if_icmpne {reexecute=1 rethrow=0 return_oop=0}
                      ; - (reexecute) java.lang.String::getBytes@5 (line 4458)
                      ; - java.lang.StringConcatHelper::prepend@21 (line 354)
                      ; - java.lang.StringConcatHelper::simpleConcat@81 (line 425)
                      ; - java.lang.String::concat@11 (line 2774)
                      ; - java.net.URLClassLoader$1::run@13 (line 423)
                      ; - java.net.URLClassLoader$1::run@1 (line 421)
  0x000001fff62a9f3c: c0c9 40fe | baf6 ffff | ff66 6690 

  0x000001fff62a9f48: ;   {runtime_call UncommonTrapBlob}
  0x000001fff62a9f48: c5f8 77e8 

  0x000001fff62a9f4c: ; ImmutableOopMap {rbp=NarrowOop [40]=Oop [80]=Oop }
                      ;*invokevirtual defineClass {reexecute=0 rethrow=0 return_oop=0}
                      ; - java.net.URLClassLoader$1::run@43 (line 427)
                      ; - java.net.URLClassLoader$1::run@1 (line 421)
  0x000001fff62a9f4c: b0c9 40fe | ba76 ffff | ff44 894c | 2428 897c | 242c 4c89 | 5424 3089 | 5c24 3c90 

  0x000001fff62a9f68: ;   {runtime_call UncommonTrapBlob}
  0x000001fff62a9f68: c5f8 77e8 

  0x000001fff62a9f6c: ; ImmutableOopMap {[40]=NarrowOop [48]=Oop [60]=NarrowOop [80]=Oop }
                      ;*if_icmpge {reexecute=1 rethrow=0 return_oop=0}
                      ; - (reexecute) java.lang.StringLatin1::replace@61 (line 314)
                      ; - java.lang.String::replace@18 (line 2808)
                      ; - java.net.URLClassLoader$1::run@8 (line 423)
                      ; - java.net.URLClassLoader$1::run@1 (line 421)
  0x000001fff62a9f6c: 90c9 40fe | ba45 ffff | ff4c 895c | 2420 4889 | 4424 2889 | 5c24 3090 

  0x000001fff62a9f84: ;   {runtime_call UncommonTrapBlob}
  0x000001fff62a9f84: c5f8 77e8 

  0x000001fff62a9f88: ; ImmutableOopMap {[32]=Oop [80]=Oop }
                      ;*if_icmpne {reexecute=1 rethrow=0 return_oop=0}
                      ; - (reexecute) java.lang.StringConcatHelper::mix@13 (line 135)
                      ; - java.lang.StringConcatHelper::simpleConcat@46 (line 419)
                      ; - java.lang.String::concat@11 (line 2774)
                      ; - java.net.URLClassLoader$1::run@13 (line 423)
                      ; - java.net.URLClassLoader$1::run@1 (line 421)
  0x000001fff62a9f88: 74c9 40fe | ba45 ffff | ff4c 895c | 2420 897c | 242c 4889 | 7424 3090 

  0x000001fff62a9fa0: ;   {runtime_call UncommonTrapBlob}
  0x000001fff62a9fa0: c5f8 77e8 

  0x000001fff62a9fa4: ; ImmutableOopMap {[32]=Oop [80]=Oop }
                      ;*ifge {reexecute=1 rethrow=0 return_oop=0}
                      ; - (reexecute) java.lang.StringConcatHelper::newArray@13 (line 494)
                      ; - java.lang.StringConcatHelper::simpleConcat@61 (line 421)
                      ; - java.lang.String::concat@11 (line 2774)
                      ; - java.net.URLClassLoader$1::run@13 (line 423)
                      ; - java.net.URLClassLoader$1::run@1 (line 421)
  0x000001fff62a9fa4: 58c9 40fe 

  0x000001fff62a9fa8: ;   {metadata('java/lang/String')}
  0x000001fff62a9fa8: 48ba 881d | 0400 0100 | 0000 6690 

  0x000001fff62a9fb4: ;   {runtime_call _new_instance_Java}
  0x000001fff62a9fb4: c5f8 77e8 

  0x000001fff62a9fb8: ; ImmutableOopMap {[80]=Oop }
                      ;*new {reexecute=0 rethrow=0 return_oop=1}
                      ; - java.lang.StringConcatHelper::simpleConcat@17 (line 411)
                      ; - java.lang.String::concat@11 (line 2774)
                      ; - java.net.URLClassLoader$1::run@13 (line 423)
                      ; - java.net.URLClassLoader$1::run@1 (line 421)
  0x000001fff62a9fb8: 4449 4bfe | e94c fdff | ffba f6ff | ffff 488b | 6c24 5090 

  0x000001fff62a9fcc: ;   {runtime_call UncommonTrapBlob}
  0x000001fff62a9fcc: c5f8 77e8 

  0x000001fff62a9fd0: ; ImmutableOopMap {rbp=Oop }
                      ;*invokevirtual replace {reexecute=0 rethrow=0 return_oop=0}
                      ; - java.net.URLClassLoader$1::run@8 (line 423)
                      ; - java.net.URLClassLoader$1::run@1 (line 421)
  0x000001fff62a9fd0: 2cc9 40fe | baf6 ffff | ff48 8b6c | 2450 6690 

  0x000001fff62a9fe0: ;   {runtime_call UncommonTrapBlob}
  0x000001fff62a9fe0: c5f8 77e8 

  0x000001fff62a9fe4: ; ImmutableOopMap {rbp=Oop }
                      ;*arraylength {reexecute=0 rethrow=0 return_oop=0}
                      ; - java.lang.StringLatin1::replace@8 (line 304)
                      ; - java.lang.String::replace@18 (line 2808)
                      ; - java.net.URLClassLoader$1::run@8 (line 423)
                      ; - java.net.URLClassLoader$1::run@1 (line 421)
  0x000001fff62a9fe4: 18c9 40fe | baf6 ffff | ff4c 8944 | 2420 6690 

  0x000001fff62a9ff4: ;   {runtime_call UncommonTrapBlob}
  0x000001fff62a9ff4: c5f8 77e8 

  0x000001fff62a9ff8: ; ImmutableOopMap {[32]=Oop [80]=Oop }
                      ;*getfield ucp {reexecute=1 rethrow=0 return_oop=0}
                      ; - (reexecute) java.net.URLClassLoader$1::run@21 (line 424)
                      ; - java.net.URLClassLoader$1::run@1 (line 421)
  0x000001fff62a9ff8: 04c9 40fe | eb0e eb0c | eb0a eb08 | eb06 eb04 | eb02 eb00 | 488b d0e9 | 7b00 0000 | 448b 5808 
  0x000001fff62aa018: ;   {metadata('java/io/IOException')}
  0x000001fff62aa018: 49ba e05c | 0000 0100 | 0000 4d33 | c04f 8d04 | d84d 8b58 | 484d 3bda | 746a 4d8b 

  0x000001fff62aa034: ;   {metadata('java/lang/ClassFormatError')}
  0x000001fff62aa034: 5050 49bb | 1865 2700 | 0100 0000 | 4d3b d375 | c748 8be8 | 488b 5424 | 2890 c5f8 | 7748 b8ff 
  0x000001fff62aa054: ffff ffff 

  0x000001fff62aa058: ;   {virtual_call}
  0x000001fff62aa058: ffff ffe8 

  0x000001fff62aa05c: ; ImmutableOopMap {rbp=Oop [40]=Oop }
                      ;*invokevirtual getDataError {reexecute=0 rethrow=0 return_oop=1}
                      ; - java.net.URLClassLoader$1::run@63 (line 431)
                      ; - java.net.URLClassLoader$1::run@1 (line 421)
  0x000001fff62aa05c: 2076 40fe | 4885 c074 | 2748 8b54 | 2428 c5f8 | 7748 b8ff | ffff ffff 

  0x000001fff62aa074: ;   {virtual_call}
  0x000001fff62aa074: ffff ffe8 

  0x000001fff62aa078: ; ImmutableOopMap {rbp=Oop }
                      ;*invokevirtual getDataError {reexecute=0 rethrow=0 return_oop=1}
                      ; - java.net.URLClassLoader$1::run@71 (line 432)
                      ; - java.net.URLClassLoader$1::run@1 (line 421)
  0x000001fff62aa078: 0476 40fe | 488b d54c | 8bc0 6690 

  0x000001fff62aa084: ;   {optimized virtual_call}
  0x000001fff62aa084: c5f8 77e8 

  0x000001fff62aa088: ; ImmutableOopMap {rbp=Oop }
                      ;*invokevirtual addSuppressed {reexecute=0 rethrow=0 return_oop=0}
                      ; - java.net.URLClassLoader$1::run@74 (line 432)
                      ; - java.net.URLClassLoader$1::run@1 (line 421)
  0x000001fff62aa088: f472 40fe | 488b d5c5 | f877 4883 

  0x000001fff62aa094: ;   {runtime_call _rethrow_Java}
  0x000001fff62aa094: c470 5de9 | e411 4bfe | 488b e8ba | 2f00 0000 

  0x000001fff62aa0a4: ;   {runtime_call UncommonTrapBlob}
  0x000001fff62aa0a4: c5f8 77e8 

  0x000001fff62aa0a8: ; ImmutableOopMap {rbp=Oop [80]=Oop }
                      ;*new {reexecute=0 rethrow=0 return_oop=0}
                      ; - java.net.URLClassLoader$1::run@48 (line 429)
                      ; - java.net.URLClassLoader$1::run@1 (line 421)
  0x000001fff62aa0a8: 54c8 40fe 

  0x000001fff62aa0ac: ;   {internal_word}
  0x000001fff62aa0ac: 49ba 809c | 2af6 ff01 | 0000 4d89 | 9768 0300 

  0x000001fff62aa0bc: ;   {runtime_call SafepointBlob}
  0x000001fff62aa0bc: 00e9 3ed9 | 40fe f4f4 | f4f4 f4f4 | f4f4 f4f4 | f4f4 f4f4 | f4f4 f4f4 | f4f4 f4f4 | f4f4 f4f4 
  0x000001fff62aa0dc: f4f4 f4f4 
[Stub Code]
  0x000001fff62aa0e0: ;   {no_reloc}
  0x000001fff62aa0e0: 48bb 0000 | 0000 0000 

  0x000001fff62aa0e8: ;   {runtime_call}
  0x000001fff62aa0e8: 0000 e9fb 

  0x000001fff62aa0ec: ;   {static_stub}
  0x000001fff62aa0ec: ffff ff48 | bb00 0000 | 0000 0000 

  0x000001fff62aa0f8: ;   {runtime_call}
  0x000001fff62aa0f8: 00e9 fbff 

  0x000001fff62aa0fc: ;   {static_stub}
  0x000001fff62aa0fc: ffff 48bb | 0000 0000 | 0000 0000 

  0x000001fff62aa108: ;   {runtime_call}
  0x000001fff62aa108: e9fb ffff 

  0x000001fff62aa10c: ;   {runtime_call ExceptionBlob}
  0x000001fff62aa10c: ffe9 6e9c | 4afe e800 | 0000 0048 | 832c 2405 

  0x000001fff62aa11c: ;   {runtime_call DeoptimizationBlob}
  0x000001fff62aa11c: e97f cb40 | fef4 f4f4 | f4f4 f4f4 
[/MachCode]


---------------  P R O C E S S  ---------------

Threads class SMR info:
_java_thread_list=0x000001ff8a822410, length=140, elements={
0x000001ffe9c618e0, 0x000001ff87013020, 0x000001ff87013af0, 0x000001ff82c7b670,
0x000001ff82c7c040, 0x000001ff82c7ca00, 0x000001ff82c7d3c0, 0x000001ff8701e3f0,
0x000001ff87021840, 0x000001ff87051ac0, 0x000001ff871be020, 0x000001ff871bf330,
0x000001ff87e8ded0, 0x000001ff87a890a0, 0x000001ff879d9010, 0x000001ff87184ce0,
0x000001ff871838a0, 0x000001ff871847d0, 0x000001ff87182e80, 0x000001ff87182460,
0x000001ff8a40bfa0, 0x000001ff8a4082e0, 0x000001ff8a406ea0, 0x000001ff8a40d3e0,
0x000001ff8a40ced0, 0x000001ff8a4073b0, 0x000001ff8a40d8f0, 0x000001ff8a406480,
0x000001ff8a40b580, 0x000001ff89072c50, 0x000001ff89073670, 0x000001ff89074090,
0x000001ff89073160, 0x000001ff890703d0, 0x000001ff890754d0, 0x000001ff890708e0,
0x000001ff93ce7fd0, 0x000001ff93ced0d0, 0x000001ff93ce84e0, 0x000001ff93ce89f0,
0x000001ff93ceb780, 0x000001ff93cef950, 0x000001ff93ceef30, 0x000001ff93cea850,
0x000001ff93ce8f00, 0x000001ff93cebc90, 0x000001ff93cec1a0, 0x000001ff93cef440,
0x000001ff93cecbc0, 0x000001ff9483acc0, 0x000001ff9483c610, 0x000001ff94838440,
0x000001ff9483cb20, 0x000001ff94839370, 0x000001ff94837a20, 0x000001ff9483d030,
0x000001ff9483a7b0, 0x000001ff9483d540, 0x000001ff9483da50, 0x000001ff9483df60,
0x000001ff9483b1d0, 0x000001ff94837510, 0x000001ff94839880, 0x000001ff94839d90,
0x000001ff9483a2a0, 0x000001ff94836af0, 0x000001ff9483c100, 0x000001ff94838950,
0x000001ff94837f30, 0x000001ff9483b6e0, 0x000001ff94837000, 0x000001ff9483e470,
0x000001ff94842b50, 0x000001ff9483f8b0, 0x000001ff9483e980, 0x000001ff94843060,
0x000001ff9483ee90, 0x000001ff9483f3a0, 0x000001ff9483fdc0, 0x000001ff948402d0,
0x000001ff94841c20, 0x000001ff948407e0, 0x000001ff94840cf0, 0x000001ff94841200,
0x000001ff94841710, 0x000001ff9483bbf0, 0x000001ff948449b0, 0x000001ff94844ec0,
0x000001ff94845df0, 0x000001ff94842130, 0x000001ff94843a80, 0x000001ff948453d0,
0x000001ff94842640, 0x000001ff94843570, 0x000001ff94843f90, 0x000001ff94846300,
0x000001ff948444a0, 0x000001ff948458e0, 0x000001ff899431a0, 0x000001ff8993ff00,
0x000001ff899436b0, 0x000001ff8993f4e0, 0x000001ff8993efd0, 0x000001ff899440d0,
0x000001ff89942c90, 0x000001ff89943bc0, 0x000001ff8993f9f0, 0x000001ff899445e0,
0x000001ff89942780, 0x000001ff89940920, 0x000001ff89941850, 0x000001ff89945510,
0x000001ff89945f30, 0x000001ff89944af0, 0x000001ff89945a20, 0x000001ff89940e30,
0x000001ff89946950, 0x000001ff89940410, 0x000001ff89941d60, 0x000001ff89941340,
0x000001ff89945000, 0x000001ff89946440, 0x000001ff949b0460, 0x000001ff949a9f20,
0x000001ff949af020, 0x000001ff949ac290, 0x000001ff949ae600, 0x000001ff949abd80,
0x000001ff949aeb10, 0x000001ff949aae50, 0x000001ff949b0970, 0x000001ff949a9500,
0x000001ff949adbe0, 0x000001ff949ab870, 0x000001ff949ad6d0, 0x000001ff949ae0f0,
0x000001ff949af530, 0x000001ff949afa40, 0x000001ff949ac7a0, 0x000001ff949accb0
}

Java Threads: ( => current thread )
  0x000001ffe9c618e0 JavaThread "main" [_thread_blocked, id=46832, stack(0x000000531a100000,0x000000531a200000)]
  0x000001ff87013020 JavaThread "Reference Handler" daemon [_thread_blocked, id=45820, stack(0x000000531a800000,0x000000531a900000)]
  0x000001ff87013af0 JavaThread "Finalizer" daemon [_thread_blocked, id=13084, stack(0x000000531a900000,0x000000531aa00000)]
  0x000001ff82c7b670 JavaThread "Signal Dispatcher" daemon [_thread_blocked, id=15648, stack(0x000000531aa00000,0x000000531ab00000)]
  0x000001ff82c7c040 JavaThread "Attach Listener" daemon [_thread_blocked, id=16984, stack(0x000000531ab00000,0x000000531ac00000)]
  0x000001ff82c7ca00 JavaThread "Service Thread" daemon [_thread_blocked, id=28784, stack(0x000000531ac00000,0x000000531ad00000)]
  0x000001ff82c7d3c0 JavaThread "Monitor Deflation Thread" daemon [_thread_blocked, id=22532, stack(0x000000531ad00000,0x000000531ae00000)]
  0x000001ff8701e3f0 JavaThread "C2 CompilerThread0" daemon [_thread_blocked, id=15260, stack(0x000000531ae00000,0x000000531af00000)]
  0x000001ff87021840 JavaThread "C1 CompilerThread0" daemon [_thread_blocked, id=11152, stack(0x000000531af00000,0x000000531b000000)]
  0x000001ff87051ac0 JavaThread "Sweeper thread" daemon [_thread_blocked, id=47028, stack(0x000000531b000000,0x000000531b100000)]
  0x000001ff871be020 JavaThread "Common-Cleaner" daemon [_thread_blocked, id=12768, stack(0x000000531b100000,0x000000531b200000)]
  0x000001ff871bf330 JavaThread "Notification Thread" daemon [_thread_blocked, id=20740, stack(0x000000531b200000,0x000000531b300000)]
  0x000001ff87e8ded0 JavaThread "Daemon health stats" [_thread_blocked, id=12160, stack(0x000000531b800000,0x000000531b900000)]
  0x000001ff87a890a0 JavaThread "Incoming local TCP Connector on port 50582" [_thread_in_native, id=29956, stack(0x000000531b900000,0x000000531ba00000)]
  0x000001ff879d9010 JavaThread "Daemon periodic checks" [_thread_blocked, id=48608, stack(0x000000531ba00000,0x000000531bb00000)]
  0x000001ff87184ce0 JavaThread "Cache worker for journal cache (C:\Users\Naufal\.gradle\caches\journal-1)" [_thread_blocked, id=36976, stack(0x000000531c200000,0x000000531c300000)]
  0x000001ff871838a0 JavaThread "File lock request listener" [_thread_in_native, id=4864, stack(0x000000531c300000,0x000000531c400000)]
  0x000001ff871847d0 JavaThread "Cache worker for file hash cache (C:\Users\Naufal\.gradle\caches\7.5\fileHashes)" [_thread_blocked, id=46544, stack(0x000000531cb00000,0x000000531cc00000)]
  0x000001ff87182e80 JavaThread "File watcher server" daemon [_thread_in_native, id=32616, stack(0x000000531cc00000,0x000000531cd00000)]
  0x000001ff87182460 JavaThread "File watcher consumer" daemon [_thread_blocked, id=40680, stack(0x000000531cd00000,0x000000531ce00000)]
  0x000001ff8a40bfa0 JavaThread "Cache worker for file content cache (C:\Users\Naufal\.gradle\caches\7.5\fileContent)" [_thread_blocked, id=12356, stack(0x000000531d000000,0x000000531d100000)]
  0x000001ff8a4082e0 JavaThread "Cache worker for execution history cache (C:\Users\Naufal\.gradle\caches\7.5\executionHistory)" [_thread_blocked, id=44472, stack(0x000000531d300000,0x000000531d400000)]
  0x000001ff8a406ea0 JavaThread "jar transforms" [_thread_blocked, id=38700, stack(0x000000531d400000,0x000000531d500000)]
  0x000001ff8a40d3e0 JavaThread "jar transforms Thread 2" [_thread_blocked, id=23452, stack(0x000000531d500000,0x000000531d600000)]
  0x000001ff8a40ced0 JavaThread "jar transforms Thread 3" [_thread_blocked, id=35704, stack(0x000000531d600000,0x000000531d700000)]
  0x000001ff8a4073b0 JavaThread "jar transforms Thread 4" [_thread_blocked, id=24976, stack(0x000000531d700000,0x000000531d800000)]
  0x000001ff8a40d8f0 JavaThread "jar transforms Thread 5" [_thread_blocked, id=20940, stack(0x000000531d800000,0x000000531d900000)]
  0x000001ff8a406480 JavaThread "jar transforms Thread 6" [_thread_blocked, id=39384, stack(0x000000531d900000,0x000000531da00000)]
  0x000001ff8a40b580 JavaThread "jar transforms Thread 7" [_thread_blocked, id=22724, stack(0x000000531db00000,0x000000531dc00000)]
  0x000001ff89072c50 JavaThread "jar transforms Thread 8" [_thread_blocked, id=40860, stack(0x0000005325600000,0x0000005325700000)]
  0x000001ff89073670 JavaThread "jar transforms Thread 9" [_thread_blocked, id=34268, stack(0x0000005325700000,0x0000005325800000)]
  0x000001ff89074090 JavaThread "jar transforms Thread 10" [_thread_blocked, id=42792, stack(0x0000005325800000,0x0000005325900000)]
  0x000001ff89073160 JavaThread "jar transforms Thread 11" [_thread_blocked, id=37612, stack(0x0000005325900000,0x0000005325a00000)]
  0x000001ff890703d0 JavaThread "jar transforms Thread 12" [_thread_blocked, id=31960, stack(0x0000005325a00000,0x0000005325b00000)]
  0x000001ff890754d0 JavaThread "Memory manager" [_thread_blocked, id=35272, stack(0x0000005325500000,0x0000005325600000)]
  0x000001ff890708e0 JavaThread "Cache worker for kotlin-dsl (C:\Users\Naufal\.gradle\caches\7.5\kotlin-dsl)" [_thread_blocked, id=17648, stack(0x0000005325c00000,0x0000005325d00000)]
  0x000001ff93ce7fd0 JavaThread "Daemon Thread 8" [_thread_blocked, id=38916, stack(0x000000531a000000,0x000000531a100000)]
  0x000001ff93ced0d0 JavaThread "Handler for socket connection from /127.0.0.1:50582 to /127.0.0.1:61961" [_thread_in_native, id=22848, stack(0x000000531bb00000,0x000000531bc00000)]
  0x000001ff93ce84e0 JavaThread "Cancel handler" [_thread_blocked, id=57064, stack(0x000000531bc00000,0x000000531bd00000)]
=>0x000001ff93ce89f0 JavaThread "Daemon worker Thread 8" [_thread_in_vm, id=44152, stack(0x000000531bd00000,0x000000531be00000)]
  0x000001ff93ceb780 JavaThread "Asynchronous log dispatcher for DefaultDaemonConnection: socket connection from /127.0.0.1:50582 to /127.0.0.1:61961" [_thread_blocked, id=52240, stack(0x000000531be00000,0x000000531bf00000)]
  0x000001ff93cef950 JavaThread "Stdin handler" [_thread_blocked, id=38948, stack(0x000000531bf00000,0x000000531c000000)]
  0x000001ff93ceef30 JavaThread "Daemon client event forwarder" [_thread_blocked, id=31676, stack(0x000000531c000000,0x000000531c100000)]
  0x000001ff93cea850 JavaThread "Cache worker for checksums cache (D:\Software_Engineer_Projects\Flutter\camos\android\.gradle\7.5\checksums)" [_thread_blocked, id=54604, stack(0x000000531c100000,0x000000531c200000)]
  0x000001ff93ce8f00 JavaThread "Cache worker for cache directory md-rule (C:\Users\Naufal\.gradle\caches\7.5\md-rule)" [_thread_blocked, id=52444, stack(0x000000531ce00000,0x000000531cf00000)]
  0x000001ff93cebc90 JavaThread "Cache worker for file hash cache (D:\Software_Engineer_Projects\Flutter\camos\android\.gradle\7.5\fileHashes)" [_thread_blocked, id=6404, stack(0x000000531cf00000,0x000000531d000000)]
  0x000001ff93cec1a0 JavaThread "Cache worker for cache directory md-supplier (C:\Users\Naufal\.gradle\caches\7.5\md-supplier)" [_thread_blocked, id=49832, stack(0x000000531d100000,0x000000531d200000)]
  0x000001ff93cef440 JavaThread "Cache worker for dependencies-accessors (D:\Software_Engineer_Projects\Flutter\camos\android\.gradle\7.5\dependencies-accessors)" [_thread_blocked, id=54584, stack(0x000000531d200000,0x000000531d300000)]
  0x000001ff93cecbc0 JavaThread "Cache worker for Build Output Cleanup Cache (D:\Software_Engineer_Projects\Flutter\camos\android\.gradle\buildOutputCleanup)" [_thread_blocked, id=49912, stack(0x000000531da00000,0x000000531db00000)]
  0x000001ff9483acc0 JavaThread "Unconstrained build operations" [_thread_blocked, id=25436, stack(0x000000531dc00000,0x000000531dd00000)]
  0x000001ff9483c610 JavaThread "Unconstrained build operations Thread 2" [_thread_blocked, id=52088, stack(0x000000531dd00000,0x000000531de00000)]
  0x000001ff94838440 JavaThread "Unconstrained build operations Thread 3" [_thread_blocked, id=54240, stack(0x000000531de00000,0x000000531df00000)]
  0x000001ff9483cb20 JavaThread "Unconstrained build operations Thread 4" [_thread_blocked, id=53332, stack(0x000000531df00000,0x000000531e000000)]
  0x000001ff94839370 JavaThread "Unconstrained build operations Thread 5" [_thread_blocked, id=52268, stack(0x000000531e000000,0x000000531e100000)]
  0x000001ff94837a20 JavaThread "Unconstrained build operations Thread 6" [_thread_blocked, id=30124, stack(0x000000531e100000,0x000000531e200000)]
  0x000001ff9483d030 JavaThread "Unconstrained build operations Thread 7" [_thread_blocked, id=55640, stack(0x000000531e200000,0x000000531e300000)]
  0x000001ff9483a7b0 JavaThread "Unconstrained build operations Thread 8" [_thread_blocked, id=48528, stack(0x000000531e300000,0x000000531e400000)]
  0x000001ff9483d540 JavaThread "Unconstrained build operations Thread 9" [_thread_blocked, id=22656, stack(0x000000531e400000,0x000000531e500000)]
  0x000001ff9483da50 JavaThread "Unconstrained build operations Thread 10" [_thread_blocked, id=54704, stack(0x000000531e500000,0x000000531e600000)]
  0x000001ff9483df60 JavaThread "Unconstrained build operations Thread 11" [_thread_blocked, id=55672, stack(0x000000531e600000,0x000000531e700000)]
  0x000001ff9483b1d0 JavaThread "Unconstrained build operations Thread 12" [_thread_blocked, id=49564, stack(0x000000531e700000,0x000000531e800000)]
  0x000001ff94837510 JavaThread "Unconstrained build operations Thread 13" [_thread_blocked, id=54536, stack(0x000000531e800000,0x000000531e900000)]
  0x000001ff94839880 JavaThread "Unconstrained build operations Thread 14" [_thread_blocked, id=53888, stack(0x000000531e900000,0x000000531ea00000)]
  0x000001ff94839d90 JavaThread "Unconstrained build operations Thread 15" [_thread_blocked, id=41940, stack(0x000000531ea00000,0x000000531eb00000)]
  0x000001ff9483a2a0 JavaThread "Unconstrained build operations Thread 16" [_thread_blocked, id=25592, stack(0x000000531eb00000,0x000000531ec00000)]
  0x000001ff94836af0 JavaThread "Unconstrained build operations Thread 17" [_thread_blocked, id=32088, stack(0x000000531ec00000,0x000000531ed00000)]
  0x000001ff9483c100 JavaThread "Unconstrained build operations Thread 18" [_thread_blocked, id=13280, stack(0x000000531ed00000,0x000000531ee00000)]
  0x000001ff94838950 JavaThread "Unconstrained build operations Thread 19" [_thread_blocked, id=50024, stack(0x000000531ee00000,0x000000531ef00000)]
  0x000001ff94837f30 JavaThread "Unconstrained build operations Thread 20" [_thread_blocked, id=55592, stack(0x000000531ef00000,0x000000531f000000)]
  0x000001ff9483b6e0 JavaThread "Unconstrained build operations Thread 21" [_thread_blocked, id=3020, stack(0x000000531f000000,0x000000531f100000)]
  0x000001ff94837000 JavaThread "Unconstrained build operations Thread 22" [_thread_blocked, id=10268, stack(0x000000531f100000,0x000000531f200000)]
  0x000001ff9483e470 JavaThread "Unconstrained build operations Thread 23" [_thread_blocked, id=10564, stack(0x000000531f200000,0x000000531f300000)]
  0x000001ff94842b50 JavaThread "Unconstrained build operations Thread 24" [_thread_blocked, id=26092, stack(0x000000531f300000,0x000000531f400000)]
  0x000001ff9483f8b0 JavaThread "Unconstrained build operations Thread 25" [_thread_blocked, id=26448, stack(0x000000531f400000,0x000000531f500000)]
  0x000001ff9483e980 JavaThread "Unconstrained build operations Thread 26" [_thread_blocked, id=48760, stack(0x000000531f500000,0x000000531f600000)]
  0x000001ff94843060 JavaThread "Unconstrained build operations Thread 27" [_thread_blocked, id=28276, stack(0x000000531f600000,0x000000531f700000)]
  0x000001ff9483ee90 JavaThread "Unconstrained build operations Thread 28" [_thread_blocked, id=24708, stack(0x000000531f700000,0x000000531f800000)]
  0x000001ff9483f3a0 JavaThread "Unconstrained build operations Thread 29" [_thread_blocked, id=23500, stack(0x000000531f800000,0x000000531f900000)]
  0x000001ff9483fdc0 JavaThread "Unconstrained build operations Thread 30" [_thread_blocked, id=33912, stack(0x000000531f900000,0x000000531fa00000)]
  0x000001ff948402d0 JavaThread "Unconstrained build operations Thread 31" [_thread_blocked, id=23304, stack(0x000000531fa00000,0x000000531fb00000)]
  0x000001ff94841c20 JavaThread "Unconstrained build operations Thread 32" [_thread_blocked, id=12236, stack(0x000000531fb00000,0x000000531fc00000)]
  0x000001ff948407e0 JavaThread "Unconstrained build operations Thread 33" [_thread_blocked, id=23152, stack(0x000000531fc00000,0x000000531fd00000)]
  0x000001ff94840cf0 JavaThread "Unconstrained build operations Thread 34" [_thread_blocked, id=54568, stack(0x000000531fd00000,0x000000531fe00000)]
  0x000001ff94841200 JavaThread "Unconstrained build operations Thread 35" [_thread_blocked, id=24532, stack(0x000000531fe00000,0x000000531ff00000)]
  0x000001ff94841710 JavaThread "Unconstrained build operations Thread 36" [_thread_blocked, id=33636, stack(0x000000531ff00000,0x0000005320000000)]
  0x000001ff9483bbf0 JavaThread "Unconstrained build operations Thread 37" [_thread_blocked, id=54748, stack(0x0000005320000000,0x0000005320100000)]
  0x000001ff948449b0 JavaThread "Unconstrained build operations Thread 38" [_thread_blocked, id=36868, stack(0x0000005320100000,0x0000005320200000)]
  0x000001ff94844ec0 JavaThread "Unconstrained build operations Thread 39" [_thread_blocked, id=49928, stack(0x0000005320200000,0x0000005320300000)]
  0x000001ff94845df0 JavaThread "Unconstrained build operations Thread 40" [_thread_blocked, id=11956, stack(0x0000005320300000,0x0000005320400000)]
  0x000001ff94842130 JavaThread "Unconstrained build operations Thread 41" [_thread_blocked, id=56884, stack(0x0000005320400000,0x0000005320500000)]
  0x000001ff94843a80 JavaThread "Unconstrained build operations Thread 42" [_thread_blocked, id=39420, stack(0x0000005320500000,0x0000005320600000)]
  0x000001ff948453d0 JavaThread "Unconstrained build operations Thread 43" [_thread_blocked, id=52204, stack(0x0000005320600000,0x0000005320700000)]
  0x000001ff94842640 JavaThread "Unconstrained build operations Thread 44" [_thread_blocked, id=48328, stack(0x0000005320700000,0x0000005320800000)]
  0x000001ff94843570 JavaThread "Unconstrained build operations Thread 45" [_thread_blocked, id=36256, stack(0x0000005320800000,0x0000005320900000)]
  0x000001ff94843f90 JavaThread "Unconstrained build operations Thread 46" [_thread_blocked, id=5268, stack(0x0000005320900000,0x0000005320a00000)]
  0x000001ff94846300 JavaThread "Unconstrained build operations Thread 47" [_thread_blocked, id=30192, stack(0x0000005320a00000,0x0000005320b00000)]
  0x000001ff948444a0 JavaThread "Unconstrained build operations Thread 48" [_thread_blocked, id=13236, stack(0x0000005320b00000,0x0000005320c00000)]
  0x000001ff948458e0 JavaThread "Unconstrained build operations Thread 49" [_thread_blocked, id=34340, stack(0x0000005320c00000,0x0000005320d00000)]
  0x000001ff899431a0 JavaThread "Unconstrained build operations Thread 50" [_thread_blocked, id=17596, stack(0x0000005320d00000,0x0000005320e00000)]
  0x000001ff8993ff00 JavaThread "Unconstrained build operations Thread 51" [_thread_blocked, id=12508, stack(0x0000005320e00000,0x0000005320f00000)]
  0x000001ff899436b0 JavaThread "Unconstrained build operations Thread 52" [_thread_blocked, id=26380, stack(0x0000005320f00000,0x0000005321000000)]
  0x000001ff8993f4e0 JavaThread "Unconstrained build operations Thread 53" [_thread_blocked, id=45392, stack(0x0000005321000000,0x0000005321100000)]
  0x000001ff8993efd0 JavaThread "Unconstrained build operations Thread 54" [_thread_blocked, id=45144, stack(0x0000005321100000,0x0000005321200000)]
  0x000001ff899440d0 JavaThread "Unconstrained build operations Thread 55" [_thread_blocked, id=30452, stack(0x0000005321200000,0x0000005321300000)]
  0x000001ff89942c90 JavaThread "Unconstrained build operations Thread 56" [_thread_blocked, id=43716, stack(0x0000005321300000,0x0000005321400000)]
  0x000001ff89943bc0 JavaThread "Unconstrained build operations Thread 57" [_thread_blocked, id=31784, stack(0x0000005321400000,0x0000005321500000)]
  0x000001ff8993f9f0 JavaThread "Unconstrained build operations Thread 58" [_thread_blocked, id=29092, stack(0x0000005321500000,0x0000005321600000)]
  0x000001ff899445e0 JavaThread "Unconstrained build operations Thread 59" [_thread_blocked, id=24604, stack(0x0000005321600000,0x0000005321700000)]
  0x000001ff89942780 JavaThread "Unconstrained build operations Thread 60" [_thread_blocked, id=32420, stack(0x0000005321700000,0x0000005321800000)]
  0x000001ff89940920 JavaThread "Unconstrained build operations Thread 61" [_thread_blocked, id=54724, stack(0x0000005321800000,0x0000005321900000)]
  0x000001ff89941850 JavaThread "Unconstrained build operations Thread 62" [_thread_blocked, id=51352, stack(0x0000005321900000,0x0000005321a00000)]
  0x000001ff89945510 JavaThread "Unconstrained build operations Thread 63" [_thread_blocked, id=47332, stack(0x0000005321a00000,0x0000005321b00000)]
  0x000001ff89945f30 JavaThread "Unconstrained build operations Thread 64" [_thread_blocked, id=22932, stack(0x0000005321b00000,0x0000005321c00000)]
  0x000001ff89944af0 JavaThread "Unconstrained build operations Thread 65" [_thread_blocked, id=28036, stack(0x0000005321c00000,0x0000005321d00000)]
  0x000001ff89945a20 JavaThread "Unconstrained build operations Thread 66" [_thread_blocked, id=8832, stack(0x0000005321d00000,0x0000005321e00000)]
  0x000001ff89940e30 JavaThread "Unconstrained build operations Thread 67" [_thread_blocked, id=53848, stack(0x0000005321e00000,0x0000005321f00000)]
  0x000001ff89946950 JavaThread "Unconstrained build operations Thread 68" [_thread_blocked, id=32100, stack(0x0000005321f00000,0x0000005322000000)]
  0x000001ff89940410 JavaThread "Unconstrained build operations Thread 69" [_thread_blocked, id=52588, stack(0x0000005322000000,0x0000005322100000)]
  0x000001ff89941d60 JavaThread "Unconstrained build operations Thread 70" [_thread_blocked, id=50900, stack(0x0000005322100000,0x0000005322200000)]
  0x000001ff89941340 JavaThread "Unconstrained build operations Thread 71" [_thread_blocked, id=56360, stack(0x0000005322200000,0x0000005322300000)]
  0x000001ff89945000 JavaThread "Unconstrained build operations Thread 72" [_thread_blocked, id=47932, stack(0x0000005322300000,0x0000005322400000)]
  0x000001ff89946440 JavaThread "Unconstrained build operations Thread 73" [_thread_blocked, id=3596, stack(0x0000005322400000,0x0000005322500000)]
  0x000001ff949b0460 JavaThread "Unconstrained build operations Thread 74" [_thread_blocked, id=37668, stack(0x0000005322500000,0x0000005322600000)]
  0x000001ff949a9f20 JavaThread "Unconstrained build operations Thread 75" [_thread_blocked, id=20000, stack(0x0000005322600000,0x0000005322700000)]
  0x000001ff949af020 JavaThread "Unconstrained build operations Thread 76" [_thread_blocked, id=30844, stack(0x0000005322700000,0x0000005322800000)]
  0x000001ff949ac290 JavaThread "Unconstrained build operations Thread 77" [_thread_blocked, id=20576, stack(0x0000005322800000,0x0000005322900000)]
  0x000001ff949ae600 JavaThread "Unconstrained build operations Thread 78" [_thread_blocked, id=13992, stack(0x0000005322900000,0x0000005322a00000)]
  0x000001ff949abd80 JavaThread "Unconstrained build operations Thread 79" [_thread_blocked, id=31012, stack(0x0000005322a00000,0x0000005322b00000)]
  0x000001ff949aeb10 JavaThread "Unconstrained build operations Thread 80" [_thread_blocked, id=37364, stack(0x0000005322b00000,0x0000005322c00000)]
  0x000001ff949aae50 JavaThread "Unconstrained build operations Thread 81" [_thread_blocked, id=45524, stack(0x0000005322c00000,0x0000005322d00000)]
  0x000001ff949b0970 JavaThread "Unconstrained build operations Thread 82" [_thread_blocked, id=27664, stack(0x0000005322d00000,0x0000005322e00000)]
  0x000001ff949a9500 JavaThread "Unconstrained build operations Thread 83" [_thread_blocked, id=23824, stack(0x0000005322e00000,0x0000005322f00000)]
  0x000001ff949adbe0 JavaThread "Unconstrained build operations Thread 84" [_thread_blocked, id=8732, stack(0x0000005322f00000,0x0000005323000000)]
  0x000001ff949ab870 JavaThread "Unconstrained build operations Thread 85" [_thread_blocked, id=36484, stack(0x0000005323000000,0x0000005323100000)]
  0x000001ff949ad6d0 JavaThread "Unconstrained build operations Thread 86" [_thread_blocked, id=13736, stack(0x0000005323100000,0x0000005323200000)]
  0x000001ff949ae0f0 JavaThread "Unconstrained build operations Thread 87" [_thread_blocked, id=11428, stack(0x0000005323200000,0x0000005323300000)]
  0x000001ff949af530 JavaThread "Unconstrained build operations Thread 88" [_thread_blocked, id=49288, stack(0x0000005323300000,0x0000005323400000)]
  0x000001ff949afa40 JavaThread "Unconstrained build operations Thread 89" [_thread_blocked, id=44260, stack(0x0000005323400000,0x0000005323500000)]
  0x000001ff949ac7a0 JavaThread "Unconstrained build operations Thread 90" [_thread_blocked, id=37248, stack(0x0000005323500000,0x0000005323600000)]
  0x000001ff949accb0 JavaThread "Unconstrained build operations Thread 91" [_thread_blocked, id=54504, stack(0x0000005323600000,0x0000005323700000)]

Other Threads:
  0x000001ff82c8f820 VMThread "VM Thread" [stack: 0x000000531a700000,0x000000531a800000] [id=36384]
  0x000001ff871c0430 WatcherThread [stack: 0x000000531b300000,0x000000531b400000] [id=43660]
  0x000001ffe9caed90 GCTaskThread "GC Thread#0" [stack: 0x000000531a200000,0x000000531a300000] [id=18412]
  0x000001ff87abe8a0 GCTaskThread "GC Thread#1" [stack: 0x000000531b400000,0x000000531b500000] [id=2900]
  0x000001ff879462c0 GCTaskThread "GC Thread#2" [stack: 0x000000531b500000,0x000000531b600000] [id=43264]
  0x000001ff87f5e8f0 GCTaskThread "GC Thread#3" [stack: 0x000000531b600000,0x000000531b700000] [id=46876]
  0x000001ff87d7b8f0 GCTaskThread "GC Thread#4" [stack: 0x000000531b700000,0x000000531b800000] [id=30180]
  0x000001ff88c664a0 GCTaskThread "GC Thread#5" [stack: 0x000000531c400000,0x000000531c500000] [id=27572]
  0x000001ff877cc990 GCTaskThread "GC Thread#6" [stack: 0x000000531c500000,0x000000531c600000] [id=41948]
  0x000001ff88366030 GCTaskThread "GC Thread#7" [stack: 0x000000531c600000,0x000000531c700000] [id=18208]
  0x000001ff883662f0 GCTaskThread "GC Thread#8" [stack: 0x000000531c700000,0x000000531c800000] [id=28804]
  0x000001ff883665b0 GCTaskThread "GC Thread#9" [stack: 0x000000531c800000,0x000000531c900000] [id=20428]
  0x000001ffe9cbbb80 ConcurrentGCThread "G1 Main Marker" [stack: 0x000000531a300000,0x000000531a400000] [id=4548]
  0x000001ffe9cbcbe0 ConcurrentGCThread "G1 Conc#0" [stack: 0x000000531a400000,0x000000531a500000] [id=26288]
  0x000001ff87290010 ConcurrentGCThread "G1 Conc#1" [stack: 0x000000531c900000,0x000000531ca00000] [id=36964]
  0x000001ff88c7dee0 ConcurrentGCThread "G1 Conc#2" [stack: 0x000000531ca00000,0x000000531cb00000] [id=30760]
  0x000001ff82ad20c0 ConcurrentGCThread "G1 Refine#0" [stack: 0x000000531a500000,0x000000531a600000] [id=17568]
  0x000001ff878a1a40 ConcurrentGCThread "G1 Refine#1" [stack: 0x0000005325f00000,0x0000005326000000] [id=21284]
  0x000001ff878a1170 ConcurrentGCThread "G1 Refine#2" [stack: 0x0000005326000000,0x0000005326100000] [id=34032]
  0x000001ff8b2d4d00 ConcurrentGCThread "G1 Refine#3" [stack: 0x0000005319e00000,0x0000005319f00000] [id=2296]
  0x000001ff8b2d4a10 ConcurrentGCThread "G1 Refine#4" [stack: 0x0000005319f00000,0x000000531a000000] [id=34036]
  0x000001ff93731480 ConcurrentGCThread "G1 Refine#5" [stack: 0x0000005325400000,0x0000005325500000] [id=43916]
  0x000001ff93c0ff90 ConcurrentGCThread "G1 Refine#6" [stack: 0x0000005325b00000,0x0000005325c00000] [id=7964]
  0x000001ff8e0817c0 ConcurrentGCThread "G1 Refine#7" [stack: 0x0000005327000000,0x0000005327100000] [id=25392]
  0x000001ff8c42bcb0 ConcurrentGCThread "G1 Refine#8" [stack: 0x0000005326f00000,0x0000005327000000] [id=23652]
  0x000001ff9309ba80 ConcurrentGCThread "G1 Refine#9" [stack: 0x0000005325d00000,0x0000005325e00000] [id=7596]
  0x000001ff82ad47b0 ConcurrentGCThread "G1 Service" [stack: 0x000000531a600000,0x000000531a700000] [id=33460]

Threads with active compile tasks:

VM state: not at safepoint (normal execution)

VM Mutex/Monitor currently owned by a thread:  ([mutex/lock_event])
[0x000001ffe9c5e5c0] Metaspace_lock - owner thread: 0x000001ff93ce89f0

OutOfMemory and StackOverflow Exception counts:
OutOfMemoryError java_heap_errors=1
LinkageErrors=247

Heap address: 0x00000000a0000000, size: 1536 MB, Compressed Oops mode: 32-bit

CDS archive(s) not mapped
Compressed class space mapped at: 0x0000000100000000-0x0000000140000000, reserved size: 1073741824
Narrow klass base: 0x0000000000000000, Narrow klass shift: 3, Narrow klass range: 0x140000000

GC Precious Log:
 CPUs: 12 total, 12 available
 Memory: 7381M
 Large Page Support: Disabled
 NUMA Support: Disabled
 Compressed Oops: Enabled (32-bit)
 Heap Region Size: 1M
 Heap Min Capacity: 8M
 Heap Initial Capacity: 116M
 Heap Max Capacity: 1536M
 Pre-touch: Disabled
 Parallel Workers: 10
 Concurrent Workers: 3
 Concurrent Refinement Workers: 10
 Periodic GC: Disabled

Heap:
 garbage-first heap   total 1227776K, used 406517K [0x00000000a0000000, 0x0000000100000000)
  region size 1024K, 35 young (35840K), 10 survivors (10240K)
 Metaspace       used 123655K, committed 125952K, reserved 1179648K
  class space    used 16300K, committed 17408K, reserved 1048576K

Heap Regions: E=young(eden), S=young(survivor), O=old, HS=humongous(starts), HC=humongous(continues), CS=collection set, F=free, OA=open archive, CA=closed archive, TAMS=top-at-mark-start (previous, next)
|   0|0x00000000a0000000, 0x00000000a0100000, 0x00000000a0100000|100%| O|  |TAMS 0x00000000a0100000, 0x00000000a0000000| Untracked 
|   1|0x00000000a0100000, 0x00000000a0200000, 0x00000000a0200000|100%| O|  |TAMS 0x00000000a0200000, 0x00000000a0100000| Untracked 
|   2|0x00000000a0200000, 0x00000000a0300000, 0x00000000a0300000|100%| O|  |TAMS 0x00000000a0300000, 0x00000000a0200000| Untracked 
|   3|0x00000000a0300000, 0x00000000a0400000, 0x00000000a0400000|100%|HS|  |TAMS 0x00000000a0400000, 0x00000000a0300000| Complete 
|   4|0x00000000a0400000, 0x00000000a0500000, 0x00000000a0500000|100%|HC|  |TAMS 0x00000000a0500000, 0x00000000a0400000| Complete 
|   5|0x00000000a0500000, 0x00000000a0600000, 0x00000000a0600000|100%|HC|  |TAMS 0x00000000a0600000, 0x00000000a0500000| Complete 
|   6|0x00000000a0600000, 0x00000000a0700000, 0x00000000a0700000|100%| O|  |TAMS 0x00000000a0700000, 0x00000000a0600000| Untracked 
|   7|0x00000000a0700000, 0x00000000a0800000, 0x00000000a0800000|100%| O|  |TAMS 0x00000000a0800000, 0x00000000a0700000| Complete 
|   8|0x00000000a0800000, 0x00000000a0900000, 0x00000000a0900000|100%| O|  |TAMS 0x00000000a0900000, 0x00000000a0800000| Untracked 
|   9|0x00000000a0900000, 0x00000000a0a00000, 0x00000000a0a00000|100%| O|  |TAMS 0x00000000a0a00000, 0x00000000a0900000| Untracked 
|  10|0x00000000a0a00000, 0x00000000a0b00000, 0x00000000a0b00000|100%| O|  |TAMS 0x00000000a0b00000, 0x00000000a0a00000| Untracked 
|  11|0x00000000a0b00000, 0x00000000a0c00000, 0x00000000a0c00000|100%| O|  |TAMS 0x00000000a0c00000, 0x00000000a0b00000| Untracked 
|  12|0x00000000a0c00000, 0x00000000a0d00000, 0x00000000a0d00000|100%| O|  |TAMS 0x00000000a0d00000, 0x00000000a0c00000| Untracked 
|  13|0x00000000a0d00000, 0x00000000a0e00000, 0x00000000a0e00000|100%| O|  |TAMS 0x00000000a0e00000, 0x00000000a0d00000| Untracked 
|  14|0x00000000a0e00000, 0x00000000a0f00000, 0x00000000a0f00000|100%| O|  |TAMS 0x00000000a0f00000, 0x00000000a0e00000| Untracked 
|  15|0x00000000a0f00000, 0x00000000a1000000, 0x00000000a1000000|100%| O|  |TAMS 0x00000000a1000000, 0x00000000a0f00000| Untracked 
|  16|0x00000000a1000000, 0x00000000a1100000, 0x00000000a1100000|100%| O|  |TAMS 0x00000000a1100000, 0x00000000a1000000| Untracked 
|  17|0x00000000a1100000, 0x00000000a1200000, 0x00000000a1200000|100%| O|  |TAMS 0x00000000a1200000, 0x00000000a1100000| Untracked 
|  18|0x00000000a1200000, 0x00000000a1300000, 0x00000000a1300000|100%| O|  |TAMS 0x00000000a1300000, 0x00000000a1200000| Untracked 
|  19|0x00000000a1300000, 0x00000000a1400000, 0x00000000a1400000|100%| O|  |TAMS 0x00000000a1400000, 0x00000000a1300000| Untracked 
|  20|0x00000000a1400000, 0x00000000a1500000, 0x00000000a1500000|100%| O|  |TAMS 0x00000000a1500000, 0x00000000a1400000| Untracked 
|  21|0x00000000a1500000, 0x00000000a1600000, 0x00000000a1600000|100%| O|  |TAMS 0x00000000a1600000, 0x00000000a1500000| Untracked 
|  22|0x00000000a1600000, 0x00000000a1700000, 0x00000000a1700000|100%| O|  |TAMS 0x00000000a1700000, 0x00000000a1600000| Untracked 
|  23|0x00000000a1700000, 0x00000000a1800000, 0x00000000a1800000|100%| O|  |TAMS 0x00000000a1800000, 0x00000000a1700000| Untracked 
|  24|0x00000000a1800000, 0x00000000a1900000, 0x00000000a1900000|100%| O|  |TAMS 0x00000000a1900000, 0x00000000a1800000| Untracked 
|  25|0x00000000a1900000, 0x00000000a1a00000, 0x00000000a1a00000|100%| O|  |TAMS 0x00000000a1a00000, 0x00000000a1900000| Untracked 
|  26|0x00000000a1a00000, 0x00000000a1b00000, 0x00000000a1b00000|100%| O|  |TAMS 0x00000000a1b00000, 0x00000000a1a00000| Untracked 
|  27|0x00000000a1b00000, 0x00000000a1c00000, 0x00000000a1c00000|100%| O|  |TAMS 0x00000000a1c00000, 0x00000000a1b00000| Untracked 
|  28|0x00000000a1c00000, 0x00000000a1d00000, 0x00000000a1d00000|100%| O|  |TAMS 0x00000000a1d00000, 0x00000000a1c00000| Untracked 
|  29|0x00000000a1d00000, 0x00000000a1e00000, 0x00000000a1e00000|100%| O|  |TAMS 0x00000000a1e00000, 0x00000000a1d00000| Untracked 
|  30|0x00000000a1e00000, 0x00000000a1f00000, 0x00000000a1f00000|100%| O|  |TAMS 0x00000000a1f00000, 0x00000000a1e00000| Untracked 
|  31|0x00000000a1f00000, 0x00000000a2000000, 0x00000000a2000000|100%| O|  |TAMS 0x00000000a2000000, 0x00000000a1f00000| Untracked 
|  32|0x00000000a2000000, 0x00000000a2100000, 0x00000000a2100000|100%|HS|  |TAMS 0x00000000a2100000, 0x00000000a2000000| Complete 
|  33|0x00000000a2100000, 0x00000000a2200000, 0x00000000a2200000|100%| O|  |TAMS 0x00000000a2200000, 0x00000000a2100000| Untracked 
|  34|0x00000000a2200000, 0x00000000a2300000, 0x00000000a2300000|100%| O|  |TAMS 0x00000000a2300000, 0x00000000a2200000| Untracked 
|  35|0x00000000a2300000, 0x00000000a2400000, 0x00000000a2400000|100%| O|  |TAMS 0x00000000a2400000, 0x00000000a2300000| Untracked 
|  36|0x00000000a2400000, 0x00000000a2500000, 0x00000000a2500000|100%| O|  |TAMS 0x00000000a2500000, 0x00000000a2400000| Untracked 
|  37|0x00000000a2500000, 0x00000000a2600000, 0x00000000a2600000|100%| O|  |TAMS 0x00000000a2600000, 0x00000000a2500000| Untracked 
|  38|0x00000000a2600000, 0x00000000a2700000, 0x00000000a2700000|100%| O|  |TAMS 0x00000000a2700000, 0x00000000a2600000| Untracked 
|  39|0x00000000a2700000, 0x00000000a2800000, 0x00000000a2800000|100%|HS|  |TAMS 0x00000000a2800000, 0x00000000a2700000| Complete 
|  40|0x00000000a2800000, 0x00000000a2900000, 0x00000000a2900000|100%|HS|  |TAMS 0x00000000a2900000, 0x00000000a2800000| Complete 
|  41|0x00000000a2900000, 0x00000000a2a00000, 0x00000000a2a00000|100%|HS|  |TAMS 0x00000000a2a00000, 0x00000000a2900000| Complete 
|  42|0x00000000a2a00000, 0x00000000a2b00000, 0x00000000a2b00000|100%|HS|  |TAMS 0x00000000a2b00000, 0x00000000a2a00000| Complete 
|  43|0x00000000a2b00000, 0x00000000a2c00000, 0x00000000a2c00000|100%|HC|  |TAMS 0x00000000a2c00000, 0x00000000a2b00000| Complete 
|  44|0x00000000a2c00000, 0x00000000a2d00000, 0x00000000a2d00000|100%|HC|  |TAMS 0x00000000a2d00000, 0x00000000a2c00000| Complete 
|  45|0x00000000a2d00000, 0x00000000a2e00000, 0x00000000a2e00000|100%|HS|  |TAMS 0x00000000a2e00000, 0x00000000a2d00000| Complete 
|  46|0x00000000a2e00000, 0x00000000a2f00000, 0x00000000a2f00000|100%|HC|  |TAMS 0x00000000a2f00000, 0x00000000a2e00000| Complete 
|  47|0x00000000a2f00000, 0x00000000a3000000, 0x00000000a3000000|100%| O|  |TAMS 0x00000000a3000000, 0x00000000a2f00000| Untracked 
|  48|0x00000000a3000000, 0x00000000a3100000, 0x00000000a3100000|100%| O|  |TAMS 0x00000000a3100000, 0x00000000a3000000| Untracked 
|  49|0x00000000a3100000, 0x00000000a3200000, 0x00000000a3200000|100%| O|  |TAMS 0x00000000a3200000, 0x00000000a3100000| Untracked 
|  50|0x00000000a3200000, 0x00000000a3300000, 0x00000000a3300000|100%| O|  |TAMS 0x00000000a3300000, 0x00000000a3200000| Untracked 
|  51|0x00000000a3300000, 0x00000000a3400000, 0x00000000a3400000|100%| O|  |TAMS 0x00000000a3400000, 0x00000000a3300000| Untracked 
|  52|0x00000000a3400000, 0x00000000a3500000, 0x00000000a3500000|100%| O|  |TAMS 0x00000000a3500000, 0x00000000a3400000| Untracked 
|  53|0x00000000a3500000, 0x00000000a3600000, 0x00000000a3600000|100%| O|  |TAMS 0x00000000a3600000, 0x00000000a3500000| Untracked 
|  54|0x00000000a3600000, 0x00000000a3700000, 0x00000000a3700000|100%| O|  |TAMS 0x00000000a3700000, 0x00000000a3600000| Untracked 
|  55|0x00000000a3700000, 0x00000000a3800000, 0x00000000a3800000|100%| O|  |TAMS 0x00000000a3800000, 0x00000000a3700000| Untracked 
|  56|0x00000000a3800000, 0x00000000a3900000, 0x00000000a3900000|100%| O|  |TAMS 0x00000000a3900000, 0x00000000a3800000| Untracked 
|  57|0x00000000a3900000, 0x00000000a3a00000, 0x00000000a3a00000|100%| O|  |TAMS 0x00000000a3a00000, 0x00000000a3900000| Untracked 
|  58|0x00000000a3a00000, 0x00000000a3b00000, 0x00000000a3b00000|100%| O|  |TAMS 0x00000000a3b00000, 0x00000000a3a00000| Untracked 
|  59|0x00000000a3b00000, 0x00000000a3c00000, 0x00000000a3c00000|100%| O|  |TAMS 0x00000000a3c00000, 0x00000000a3b00000| Untracked 
|  60|0x00000000a3c00000, 0x00000000a3d00000, 0x00000000a3d00000|100%|HS|  |TAMS 0x00000000a3d00000, 0x00000000a3c00000| Complete 
|  61|0x00000000a3d00000, 0x00000000a3e00000, 0x00000000a3e00000|100%| O|  |TAMS 0x00000000a3e00000, 0x00000000a3d00000| Untracked 
|  62|0x00000000a3e00000, 0x00000000a3f00000, 0x00000000a3f00000|100%| O|  |TAMS 0x00000000a3f00000, 0x00000000a3e00000| Untracked 
|  63|0x00000000a3f00000, 0x00000000a4000000, 0x00000000a4000000|100%| O|  |TAMS 0x00000000a4000000, 0x00000000a3f00000| Untracked 
|  64|0x00000000a4000000, 0x00000000a4100000, 0x00000000a4100000|100%| O|  |TAMS 0x00000000a4100000, 0x00000000a4000000| Untracked 
|  65|0x00000000a4100000, 0x00000000a4200000, 0x00000000a4200000|100%| O|  |TAMS 0x00000000a4200000, 0x00000000a4100000| Untracked 
|  66|0x00000000a4200000, 0x00000000a4300000, 0x00000000a4300000|100%| O|  |TAMS 0x00000000a4300000, 0x00000000a4200000| Untracked 
|  67|0x00000000a4300000, 0x00000000a4400000, 0x00000000a4400000|100%| O|  |TAMS 0x00000000a4400000, 0x00000000a4300000| Untracked 
|  68|0x00000000a4400000, 0x00000000a4500000, 0x00000000a4500000|100%| O|  |TAMS 0x00000000a4500000, 0x00000000a4400000| Untracked 
|  69|0x00000000a4500000, 0x00000000a4600000, 0x00000000a4600000|100%| O|  |TAMS 0x00000000a4600000, 0x00000000a4500000| Untracked 
|  70|0x00000000a4600000, 0x00000000a4700000, 0x00000000a4700000|100%| O|  |TAMS 0x00000000a4700000, 0x00000000a4600000| Untracked 
|  71|0x00000000a4700000, 0x00000000a4800000, 0x00000000a4800000|100%|HS|  |TAMS 0x00000000a4800000, 0x00000000a4700000| Complete 
|  72|0x00000000a4800000, 0x00000000a4900000, 0x00000000a4900000|100%| O|  |TAMS 0x00000000a4900000, 0x00000000a4800000| Untracked 
|  73|0x00000000a4900000, 0x00000000a4a00000, 0x00000000a4a00000|100%| O|  |TAMS 0x00000000a4a00000, 0x00000000a4900000| Untracked 
|  74|0x00000000a4a00000, 0x00000000a4b00000, 0x00000000a4b00000|100%| O|  |TAMS 0x00000000a4b00000, 0x00000000a4a00000| Untracked 
|  75|0x00000000a4b00000, 0x00000000a4c00000, 0x00000000a4c00000|100%| O|  |TAMS 0x00000000a4c00000, 0x00000000a4b00000| Untracked 
|  76|0x00000000a4c00000, 0x00000000a4d00000, 0x00000000a4d00000|100%| O|  |TAMS 0x00000000a4d00000, 0x00000000a4c00000| Untracked 
|  77|0x00000000a4d00000, 0x00000000a4e00000, 0x00000000a4e00000|100%| O|  |TAMS 0x00000000a4e00000, 0x00000000a4d00000| Untracked 
|  78|0x00000000a4e00000, 0x00000000a4f00000, 0x00000000a4f00000|100%| O|  |TAMS 0x00000000a4f00000, 0x00000000a4e00000| Untracked 
|  79|0x00000000a4f00000, 0x00000000a5000000, 0x00000000a5000000|100%| O|  |TAMS 0x00000000a5000000, 0x00000000a4f00000| Untracked 
|  80|0x00000000a5000000, 0x00000000a5100000, 0x00000000a5100000|100%| O|  |TAMS 0x00000000a5100000, 0x00000000a5000000| Untracked 
|  81|0x00000000a5100000, 0x00000000a5200000, 0x00000000a5200000|100%| O|  |TAMS 0x00000000a5200000, 0x00000000a5100000| Untracked 
|  82|0x00000000a5200000, 0x00000000a5300000, 0x00000000a5300000|100%| O|  |TAMS 0x00000000a5300000, 0x00000000a5200000| Untracked 
|  83|0x00000000a5300000, 0x00000000a5400000, 0x00000000a5400000|100%| O|  |TAMS 0x00000000a5400000, 0x00000000a5300000| Untracked 
|  84|0x00000000a5400000, 0x00000000a5500000, 0x00000000a5500000|100%| O|  |TAMS 0x00000000a5500000, 0x00000000a5400000| Untracked 
|  85|0x00000000a5500000, 0x00000000a5600000, 0x00000000a5600000|100%|HS|  |TAMS 0x00000000a5600000, 0x00000000a5500000| Complete 
|  86|0x00000000a5600000, 0x00000000a5700000, 0x00000000a5700000|100%|HS|  |TAMS 0x00000000a5700000, 0x00000000a5600000| Complete 
|  87|0x00000000a5700000, 0x00000000a5800000, 0x00000000a5800000|100%|HS|  |TAMS 0x00000000a5800000, 0x00000000a5700000| Complete 
|  88|0x00000000a5800000, 0x00000000a5900000, 0x00000000a5900000|100%|HS|  |TAMS 0x00000000a5900000, 0x00000000a5800000| Complete 
|  89|0x00000000a5900000, 0x00000000a5a00000, 0x00000000a5a00000|100%|HS|  |TAMS 0x00000000a5a00000, 0x00000000a5900000| Complete 
|  90|0x00000000a5a00000, 0x00000000a5b00000, 0x00000000a5b00000|100%|HC|  |TAMS 0x00000000a5b00000, 0x00000000a5a00000| Complete 
|  91|0x00000000a5b00000, 0x00000000a5c00000, 0x00000000a5c00000|100%|HC|  |TAMS 0x00000000a5c00000, 0x00000000a5b00000| Complete 
|  92|0x00000000a5c00000, 0x00000000a5d00000, 0x00000000a5d00000|100%| O|  |TAMS 0x00000000a5d00000, 0x00000000a5c00000| Untracked 
|  93|0x00000000a5d00000, 0x00000000a5e00000, 0x00000000a5e00000|100%| O|  |TAMS 0x00000000a5e00000, 0x00000000a5d00000| Untracked 
|  94|0x00000000a5e00000, 0x00000000a5f00000, 0x00000000a5f00000|100%| O|  |TAMS 0x00000000a5f00000, 0x00000000a5e00000| Untracked 
|  95|0x00000000a5f00000, 0x00000000a6000000, 0x00000000a6000000|100%| O|  |TAMS 0x00000000a6000000, 0x00000000a5f00000| Untracked 
|  96|0x00000000a6000000, 0x00000000a6100000, 0x00000000a6100000|100%|HS|  |TAMS 0x00000000a6100000, 0x00000000a6000000| Complete 
|  97|0x00000000a6100000, 0x00000000a6200000, 0x00000000a6200000|100%| O|  |TAMS 0x00000000a6200000, 0x00000000a6100000| Untracked 
|  98|0x00000000a6200000, 0x00000000a6300000, 0x00000000a6300000|100%| O|  |TAMS 0x00000000a6300000, 0x00000000a6200000| Untracked 
|  99|0x00000000a6300000, 0x00000000a6400000, 0x00000000a6400000|100%| O|  |TAMS 0x00000000a6400000, 0x00000000a6300000| Untracked 
| 100|0x00000000a6400000, 0x00000000a6500000, 0x00000000a6500000|100%| O|  |TAMS 0x00000000a6500000, 0x00000000a6400000| Untracked 
| 101|0x00000000a6500000, 0x00000000a6600000, 0x00000000a6600000|100%| O|  |TAMS 0x00000000a6600000, 0x00000000a6500000| Untracked 
| 102|0x00000000a6600000, 0x00000000a6700000, 0x00000000a6700000|100%|HS|  |TAMS 0x00000000a6700000, 0x00000000a6600000| Complete 
| 103|0x00000000a6700000, 0x00000000a6800000, 0x00000000a6800000|100%| O|  |TAMS 0x00000000a6800000, 0x00000000a6700000| Untracked 
| 104|0x00000000a6800000, 0x00000000a6900000, 0x00000000a6900000|100%| O|  |TAMS 0x00000000a6900000, 0x00000000a6800000| Complete 
| 105|0x00000000a6900000, 0x00000000a6a00000, 0x00000000a6a00000|100%| O|  |TAMS 0x00000000a6a00000, 0x00000000a6900000| Untracked 
| 106|0x00000000a6a00000, 0x00000000a6b00000, 0x00000000a6b00000|100%| O|  |TAMS 0x00000000a6b00000, 0x00000000a6a00000| Untracked 
| 107|0x00000000a6b00000, 0x00000000a6c00000, 0x00000000a6c00000|100%| O|  |TAMS 0x00000000a6c00000, 0x00000000a6b00000| Untracked 
| 108|0x00000000a6c00000, 0x00000000a6d00000, 0x00000000a6d00000|100%| O|  |TAMS 0x00000000a6d00000, 0x00000000a6c00000| Untracked 
| 109|0x00000000a6d00000, 0x00000000a6e00000, 0x00000000a6e00000|100%| O|  |TAMS 0x00000000a6e00000, 0x00000000a6d00000| Untracked 
| 110|0x00000000a6e00000, 0x00000000a6f00000, 0x00000000a6f00000|100%| O|  |TAMS 0x00000000a6f00000, 0x00000000a6e00000| Untracked 
| 111|0x00000000a6f00000, 0x00000000a6f00000, 0x00000000a7000000|  0%| F|  |TAMS 0x00000000a6f00000, 0x00000000a6f00000| Untracked 
| 112|0x00000000a7000000, 0x00000000a7100000, 0x00000000a7100000|100%| O|  |TAMS 0x00000000a7100000, 0x00000000a7000000| Untracked 
| 113|0x00000000a7100000, 0x00000000a7200000, 0x00000000a7200000|100%| O|  |TAMS 0x00000000a7200000, 0x00000000a7100000| Untracked 
| 114|0x00000000a7200000, 0x00000000a7300000, 0x00000000a7300000|100%| O|  |TAMS 0x00000000a7300000, 0x00000000a7200000| Untracked 
| 115|0x00000000a7300000, 0x00000000a7400000, 0x00000000a7400000|100%| O|  |TAMS 0x00000000a7400000, 0x00000000a7300000| Untracked 
| 116|0x00000000a7400000, 0x00000000a7500000, 0x00000000a7500000|100%| O|  |TAMS 0x00000000a7500000, 0x00000000a7400000| Untracked 
| 117|0x00000000a7500000, 0x00000000a7600000, 0x00000000a7600000|100%| O|  |TAMS 0x00000000a7600000, 0x00000000a7500000| Untracked 
| 118|0x00000000a7600000, 0x00000000a7700000, 0x00000000a7700000|100%| O|  |TAMS 0x00000000a7700000, 0x00000000a7600000| Untracked 
| 119|0x00000000a7700000, 0x00000000a7800000, 0x00000000a7800000|100%| O|  |TAMS 0x00000000a7800000, 0x00000000a7700000| Untracked 
| 120|0x00000000a7800000, 0x00000000a7900000, 0x00000000a7900000|100%| O|  |TAMS 0x00000000a7900000, 0x00000000a7800000| Untracked 
| 121|0x00000000a7900000, 0x00000000a7a00000, 0x00000000a7a00000|100%| O|  |TAMS 0x00000000a7a00000, 0x00000000a7900000| Untracked 
| 122|0x00000000a7a00000, 0x00000000a7b00000, 0x00000000a7b00000|100%| O|  |TAMS 0x00000000a7b00000, 0x00000000a7a00000| Untracked 
| 123|0x00000000a7b00000, 0x00000000a7c00000, 0x00000000a7c00000|100%| O|  |TAMS 0x00000000a7c00000, 0x00000000a7b00000| Untracked 
| 124|0x00000000a7c00000, 0x00000000a7d00000, 0x00000000a7d00000|100%| O|  |TAMS 0x00000000a7d00000, 0x00000000a7c00000| Untracked 
| 125|0x00000000a7d00000, 0x00000000a7e00000, 0x00000000a7e00000|100%| O|  |TAMS 0x00000000a7e00000, 0x00000000a7d00000| Untracked 
| 126|0x00000000a7e00000, 0x00000000a7f00000, 0x00000000a7f00000|100%| O|  |TAMS 0x00000000a7f00000, 0x00000000a7e00000| Untracked 
| 127|0x00000000a7f00000, 0x00000000a8000000, 0x00000000a8000000|100%| O|  |TAMS 0x00000000a8000000, 0x00000000a7f00000| Untracked 
| 128|0x00000000a8000000, 0x00000000a8100000, 0x00000000a8100000|100%| O|  |TAMS 0x00000000a8100000, 0x00000000a8000000| Untracked 
| 129|0x00000000a8100000, 0x00000000a8200000, 0x00000000a8200000|100%| O|  |TAMS 0x00000000a8200000, 0x00000000a8100000| Untracked 
| 130|0x00000000a8200000, 0x00000000a8300000, 0x00000000a8300000|100%| O|  |TAMS 0x00000000a8300000, 0x00000000a8200000| Untracked 
| 131|0x00000000a8300000, 0x00000000a8400000, 0x00000000a8400000|100%| O|  |TAMS 0x00000000a8400000, 0x00000000a8300000| Untracked 
| 132|0x00000000a8400000, 0x00000000a8500000, 0x00000000a8500000|100%| O|  |TAMS 0x00000000a8500000, 0x00000000a8400000| Untracked 
| 133|0x00000000a8500000, 0x00000000a8600000, 0x00000000a8600000|100%| O|  |TAMS 0x00000000a8600000, 0x00000000a8500000| Untracked 
| 134|0x00000000a8600000, 0x00000000a8700000, 0x00000000a8700000|100%| O|  |TAMS 0x00000000a8700000, 0x00000000a8600000| Complete 
| 135|0x00000000a8700000, 0x00000000a8800000, 0x00000000a8800000|100%| O|  |TAMS 0x00000000a8800000, 0x00000000a8700000| Untracked 
| 136|0x00000000a8800000, 0x00000000a8900000, 0x00000000a8900000|100%| O|  |TAMS 0x00000000a8900000, 0x00000000a8800000| Untracked 
| 137|0x00000000a8900000, 0x00000000a8a00000, 0x00000000a8a00000|100%| O|  |TAMS 0x00000000a8a00000, 0x00000000a8900000| Untracked 
| 138|0x00000000a8a00000, 0x00000000a8b00000, 0x00000000a8b00000|100%| O|  |TAMS 0x00000000a8b00000, 0x00000000a8a00000| Untracked 
| 139|0x00000000a8b00000, 0x00000000a8c00000, 0x00000000a8c00000|100%| O|  |TAMS 0x00000000a8c00000, 0x00000000a8b00000| Untracked 
| 140|0x00000000a8c00000, 0x00000000a8d00000, 0x00000000a8d00000|100%| O|  |TAMS 0x00000000a8d00000, 0x00000000a8c00000| Untracked 
| 141|0x00000000a8d00000, 0x00000000a8e00000, 0x00000000a8e00000|100%| O|  |TAMS 0x00000000a8e00000, 0x00000000a8d00000| Untracked 
| 142|0x00000000a8e00000, 0x00000000a8f00000, 0x00000000a8f00000|100%| O|  |TAMS 0x00000000a8f00000, 0x00000000a8e00000| Untracked 
| 143|0x00000000a8f00000, 0x00000000a9000000, 0x00000000a9000000|100%| O|  |TAMS 0x00000000a9000000, 0x00000000a8f00000| Untracked 
| 144|0x00000000a9000000, 0x00000000a9100000, 0x00000000a9100000|100%| O|  |TAMS 0x00000000a9100000, 0x00000000a9000000| Untracked 
| 145|0x00000000a9100000, 0x00000000a9200000, 0x00000000a9200000|100%| O|  |TAMS 0x00000000a9200000, 0x00000000a9100000| Untracked 
| 146|0x00000000a9200000, 0x00000000a9300000, 0x00000000a9300000|100%| O|  |TAMS 0x00000000a9300000, 0x00000000a9200000| Untracked 
| 147|0x00000000a9300000, 0x00000000a9400000, 0x00000000a9400000|100%| O|  |TAMS 0x00000000a9400000, 0x00000000a9300000| Untracked 
| 148|0x00000000a9400000, 0x00000000a9500000, 0x00000000a9500000|100%| O|  |TAMS 0x00000000a9500000, 0x00000000a9400000| Untracked 
| 149|0x00000000a9500000, 0x00000000a9600000, 0x00000000a9600000|100%| O|  |TAMS 0x00000000a9600000, 0x00000000a9500000| Untracked 
| 150|0x00000000a9600000, 0x00000000a9700000, 0x00000000a9700000|100%| O|  |TAMS 0x00000000a9700000, 0x00000000a9600000| Untracked 
| 151|0x00000000a9700000, 0x00000000a9800000, 0x00000000a9800000|100%| O|  |TAMS 0x00000000a9800000, 0x00000000a9700000| Untracked 
| 152|0x00000000a9800000, 0x00000000a9900000, 0x00000000a9900000|100%| O|  |TAMS 0x00000000a9900000, 0x00000000a9800000| Untracked 
| 153|0x00000000a9900000, 0x00000000a9a00000, 0x00000000a9a00000|100%| O|  |TAMS 0x00000000a9a00000, 0x00000000a9900000| Untracked 
| 154|0x00000000a9a00000, 0x00000000a9b00000, 0x00000000a9b00000|100%| O|  |TAMS 0x00000000a9b00000, 0x00000000a9a00000| Untracked 
| 155|0x00000000a9b00000, 0x00000000a9c00000, 0x00000000a9c00000|100%| O|  |TAMS 0x00000000a9c00000, 0x00000000a9b00000| Untracked 
| 156|0x00000000a9c00000, 0x00000000a9d00000, 0x00000000a9d00000|100%| O|  |TAMS 0x00000000a9d00000, 0x00000000a9c00000| Untracked 
| 157|0x00000000a9d00000, 0x00000000a9e00000, 0x00000000a9e00000|100%| O|  |TAMS 0x00000000a9e00000, 0x00000000a9d00000| Complete 
| 158|0x00000000a9e00000, 0x00000000a9f00000, 0x00000000a9f00000|100%| O|  |TAMS 0x00000000a9f00000, 0x00000000a9e00000| Untracked 
| 159|0x00000000a9f00000, 0x00000000aa000000, 0x00000000aa000000|100%| O|  |TAMS 0x00000000aa000000, 0x00000000a9f00000| Untracked 
| 160|0x00000000aa000000, 0x00000000aa100000, 0x00000000aa100000|100%| O|  |TAMS 0x00000000aa100000, 0x00000000aa000000| Untracked 
| 161|0x00000000aa100000, 0x00000000aa200000, 0x00000000aa200000|100%| O|  |TAMS 0x00000000aa200000, 0x00000000aa100000| Untracked 
| 162|0x00000000aa200000, 0x00000000aa300000, 0x00000000aa300000|100%| O|  |TAMS 0x00000000aa300000, 0x00000000aa200000| Untracked 
| 163|0x00000000aa300000, 0x00000000aa400000, 0x00000000aa400000|100%| O|  |TAMS 0x00000000aa400000, 0x00000000aa300000| Untracked 
| 164|0x00000000aa400000, 0x00000000aa500000, 0x00000000aa500000|100%| O|  |TAMS 0x00000000aa500000, 0x00000000aa400000| Untracked 
| 165|0x00000000aa500000, 0x00000000aa500000, 0x00000000aa600000|  0%| F|  |TAMS 0x00000000aa500000, 0x00000000aa500000| Untracked 
| 166|0x00000000aa600000, 0x00000000aa700000, 0x00000000aa700000|100%| O|  |TAMS 0x00000000aa700000, 0x00000000aa600000| Complete 
| 167|0x00000000aa700000, 0x00000000aa800000, 0x00000000aa800000|100%| O|  |TAMS 0x00000000aa800000, 0x00000000aa700000| Untracked 
| 168|0x00000000aa800000, 0x00000000aa900000, 0x00000000aa900000|100%|HS|  |TAMS 0x00000000aa900000, 0x00000000aa800000| Complete 
| 169|0x00000000aa900000, 0x00000000aaa00000, 0x00000000aaa00000|100%| O|  |TAMS 0x00000000aaa00000, 0x00000000aa900000| Untracked 
| 170|0x00000000aaa00000, 0x00000000aaa00000, 0x00000000aab00000|  0%| F|  |TAMS 0x00000000aaa00000, 0x00000000aaa00000| Untracked 
| 171|0x00000000aab00000, 0x00000000aab00000, 0x00000000aac00000|  0%| F|  |TAMS 0x00000000aab00000, 0x00000000aab00000| Untracked 
| 172|0x00000000aac00000, 0x00000000aac00000, 0x00000000aad00000|  0%| F|  |TAMS 0x00000000aac00000, 0x00000000aac00000| Untracked 
| 173|0x00000000aad00000, 0x00000000aae00000, 0x00000000aae00000|100%| O|  |TAMS 0x00000000aae00000, 0x00000000aad00000| Complete 
| 174|0x00000000aae00000, 0x00000000aaf00000, 0x00000000aaf00000|100%| O|  |TAMS 0x00000000aaf00000, 0x00000000aae00000| Untracked 
| 175|0x00000000aaf00000, 0x00000000ab000000, 0x00000000ab000000|100%| O|  |TAMS 0x00000000ab000000, 0x00000000aaf00000| Untracked 
| 176|0x00000000ab000000, 0x00000000ab100000, 0x00000000ab100000|100%| O|  |TAMS 0x00000000ab100000, 0x00000000ab000000| Complete 
| 177|0x00000000ab100000, 0x00000000ab200000, 0x00000000ab200000|100%| O|  |TAMS 0x00000000ab200000, 0x00000000ab100000| Untracked 
| 178|0x00000000ab200000, 0x00000000ab300000, 0x00000000ab300000|100%| O|  |TAMS 0x00000000ab300000, 0x00000000ab200000| Untracked 
| 179|0x00000000ab300000, 0x00000000ab400000, 0x00000000ab400000|100%| O|  |TAMS 0x00000000ab400000, 0x00000000ab300000| Untracked 
| 180|0x00000000ab400000, 0x00000000ab500000, 0x00000000ab500000|100%| O|  |TAMS 0x00000000ab500000, 0x00000000ab400000| Untracked 
| 181|0x00000000ab500000, 0x00000000ab600000, 0x00000000ab600000|100%| O|  |TAMS 0x00000000ab600000, 0x00000000ab500000| Untracked 
| 182|0x00000000ab600000, 0x00000000ab700000, 0x00000000ab700000|100%| O|  |TAMS 0x00000000ab700000, 0x00000000ab600000| Untracked 
| 183|0x00000000ab700000, 0x00000000ab800000, 0x00000000ab800000|100%| O|  |TAMS 0x00000000ab800000, 0x00000000ab700000| Untracked 
| 184|0x00000000ab800000, 0x00000000ab900000, 0x00000000ab900000|100%| O|  |TAMS 0x00000000ab900000, 0x00000000ab800000| Untracked 
| 185|0x00000000ab900000, 0x00000000aba00000, 0x00000000aba00000|100%| O|  |TAMS 0x00000000aba00000, 0x00000000ab900000| Untracked 
| 186|0x00000000aba00000, 0x00000000abb00000, 0x00000000abb00000|100%| O|  |TAMS 0x00000000abb00000, 0x00000000aba00000| Untracked 
| 187|0x00000000abb00000, 0x00000000abc00000, 0x00000000abc00000|100%| O|  |TAMS 0x00000000abc00000, 0x00000000abb00000| Untracked 
| 188|0x00000000abc00000, 0x00000000abd00000, 0x00000000abd00000|100%| O|  |TAMS 0x00000000abd00000, 0x00000000abc00000| Untracked 
| 189|0x00000000abd00000, 0x00000000abe00000, 0x00000000abe00000|100%| O|  |TAMS 0x00000000abe00000, 0x00000000abd00000| Untracked 
| 190|0x00000000abe00000, 0x00000000abf00000, 0x00000000abf00000|100%| O|  |TAMS 0x00000000abf00000, 0x00000000abe00000| Untracked 
| 191|0x00000000abf00000, 0x00000000ac000000, 0x00000000ac000000|100%| O|  |TAMS 0x00000000ac000000, 0x00000000abf00000| Untracked 
| 192|0x00000000ac000000, 0x00000000ac000000, 0x00000000ac100000|  0%| F|  |TAMS 0x00000000ac000000, 0x00000000ac000000| Untracked 
| 193|0x00000000ac100000, 0x00000000ac200000, 0x00000000ac200000|100%| O|  |TAMS 0x00000000ac200000, 0x00000000ac100000| Untracked 
| 194|0x00000000ac200000, 0x00000000ac300000, 0x00000000ac300000|100%| O|  |TAMS 0x00000000ac300000, 0x00000000ac200000| Untracked 
| 195|0x00000000ac300000, 0x00000000ac400000, 0x00000000ac400000|100%| O|  |TAMS 0x00000000ac400000, 0x00000000ac300000| Untracked 
| 196|0x00000000ac400000, 0x00000000ac500000, 0x00000000ac500000|100%| O|  |TAMS 0x00000000ac500000, 0x00000000ac400000| Untracked 
| 197|0x00000000ac500000, 0x00000000ac600000, 0x00000000ac600000|100%| O|  |TAMS 0x00000000ac600000, 0x00000000ac500000| Untracked 
| 198|0x00000000ac600000, 0x00000000ac600000, 0x00000000ac700000|  0%| F|  |TAMS 0x00000000ac600000, 0x00000000ac600000| Untracked 
| 199|0x00000000ac700000, 0x00000000ac800000, 0x00000000ac800000|100%| O|  |TAMS 0x00000000ac800000, 0x00000000ac700000| Untracked 
| 200|0x00000000ac800000, 0x00000000ac900000, 0x00000000ac900000|100%| O|  |TAMS 0x00000000ac900000, 0x00000000ac800000| Untracked 
| 201|0x00000000ac900000, 0x00000000aca00000, 0x00000000aca00000|100%| O|  |TAMS 0x00000000aca00000, 0x00000000ac900000| Untracked 
| 202|0x00000000aca00000, 0x00000000aca00000, 0x00000000acb00000|  0%| F|  |TAMS 0x00000000aca00000, 0x00000000aca00000| Untracked 
| 203|0x00000000acb00000, 0x00000000acb00000, 0x00000000acc00000|  0%| F|  |TAMS 0x00000000acb00000, 0x00000000acb00000| Untracked 
| 204|0x00000000acc00000, 0x00000000acd00000, 0x00000000acd00000|100%| O|  |TAMS 0x00000000acd00000, 0x00000000acc00000| Untracked 
| 205|0x00000000acd00000, 0x00000000ace00000, 0x00000000ace00000|100%| O|  |TAMS 0x00000000ace00000, 0x00000000acd00000| Untracked 
| 206|0x00000000ace00000, 0x00000000acf00000, 0x00000000acf00000|100%| O|  |TAMS 0x00000000acf00000, 0x00000000ace00000| Complete 
| 207|0x00000000acf00000, 0x00000000ad000000, 0x00000000ad000000|100%| O|  |TAMS 0x00000000ad000000, 0x00000000acf00000| Complete 
| 208|0x00000000ad000000, 0x00000000ad100000, 0x00000000ad100000|100%| O|  |TAMS 0x00000000ad100000, 0x00000000ad000000| Untracked 
| 209|0x00000000ad100000, 0x00000000ad200000, 0x00000000ad200000|100%| O|  |TAMS 0x00000000ad200000, 0x00000000ad100000| Untracked 
| 210|0x00000000ad200000, 0x00000000ad200000, 0x00000000ad300000|  0%| F|  |TAMS 0x00000000ad200000, 0x00000000ad200000| Untracked 
| 211|0x00000000ad300000, 0x00000000ad400000, 0x00000000ad400000|100%| O|  |TAMS 0x00000000ad400000, 0x00000000ad300000| Untracked 
| 212|0x00000000ad400000, 0x00000000ad500000, 0x00000000ad500000|100%| O|  |TAMS 0x00000000ad500000, 0x00000000ad400000| Untracked 
| 213|0x00000000ad500000, 0x00000000ad600000, 0x00000000ad600000|100%| O|  |TAMS 0x00000000ad600000, 0x00000000ad500000| Untracked 
| 214|0x00000000ad600000, 0x00000000ad700000, 0x00000000ad700000|100%| O|  |TAMS 0x00000000ad700000, 0x00000000ad600000| Untracked 
| 215|0x00000000ad700000, 0x00000000ad700000, 0x00000000ad800000|  0%| F|  |TAMS 0x00000000ad700000, 0x00000000ad700000| Untracked 
| 216|0x00000000ad800000, 0x00000000ad800000, 0x00000000ad900000|  0%| F|  |TAMS 0x00000000ad800000, 0x00000000ad800000| Untracked 
| 217|0x00000000ad900000, 0x00000000ada00000, 0x00000000ada00000|100%| O|  |TAMS 0x00000000ada00000, 0x00000000ad900000| Untracked 
| 218|0x00000000ada00000, 0x00000000adb00000, 0x00000000adb00000|100%| O|  |TAMS 0x00000000adb00000, 0x00000000ada00000| Untracked 
| 219|0x00000000adb00000, 0x00000000adc00000, 0x00000000adc00000|100%| O|  |TAMS 0x00000000adc00000, 0x00000000adb00000| Untracked 
| 220|0x00000000adc00000, 0x00000000add00000, 0x00000000add00000|100%| O|  |TAMS 0x00000000add00000, 0x00000000adc00000| Untracked 
| 221|0x00000000add00000, 0x00000000ade00000, 0x00000000ade00000|100%| O|  |TAMS 0x00000000ade00000, 0x00000000add00000| Untracked 
| 222|0x00000000ade00000, 0x00000000adf00000, 0x00000000adf00000|100%| O|  |TAMS 0x00000000adf00000, 0x00000000ade00000| Untracked 
| 223|0x00000000adf00000, 0x00000000ae000000, 0x00000000ae000000|100%| O|  |TAMS 0x00000000ae000000, 0x00000000adf00000| Untracked 
| 224|0x00000000ae000000, 0x00000000ae100000, 0x00000000ae100000|100%| O|  |TAMS 0x00000000ae100000, 0x00000000ae000000| Untracked 
| 225|0x00000000ae100000, 0x00000000ae200000, 0x00000000ae200000|100%| O|  |TAMS 0x00000000ae200000, 0x00000000ae100000| Untracked 
| 226|0x00000000ae200000, 0x00000000ae300000, 0x00000000ae300000|100%| O|  |TAMS 0x00000000ae300000, 0x00000000ae200000| Untracked 
| 227|0x00000000ae300000, 0x00000000ae400000, 0x00000000ae400000|100%| O|  |TAMS 0x00000000ae400000, 0x00000000ae300000| Untracked 
| 228|0x00000000ae400000, 0x00000000ae500000, 0x00000000ae500000|100%| O|  |TAMS 0x00000000ae500000, 0x00000000ae400000| Untracked 
| 229|0x00000000ae500000, 0x00000000ae600000, 0x00000000ae600000|100%| O|  |TAMS 0x00000000ae600000, 0x00000000ae500000| Untracked 
| 230|0x00000000ae600000, 0x00000000ae700000, 0x00000000ae700000|100%| O|  |TAMS 0x00000000ae700000, 0x00000000ae600000| Untracked 
| 231|0x00000000ae700000, 0x00000000ae800000, 0x00000000ae800000|100%| O|  |TAMS 0x00000000ae800000, 0x00000000ae700000| Untracked 
| 232|0x00000000ae800000, 0x00000000ae900000, 0x00000000ae900000|100%| O|  |TAMS 0x00000000ae900000, 0x00000000ae800000| Untracked 
| 233|0x00000000ae900000, 0x00000000aea00000, 0x00000000aea00000|100%| O|  |TAMS 0x00000000aea00000, 0x00000000ae900000| Untracked 
| 234|0x00000000aea00000, 0x00000000aeb00000, 0x00000000aeb00000|100%| O|  |TAMS 0x00000000aeb00000, 0x00000000aea00000| Untracked 
| 235|0x00000000aeb00000, 0x00000000aec00000, 0x00000000aec00000|100%| O|  |TAMS 0x00000000aec00000, 0x00000000aeb00000| Untracked 
| 236|0x00000000aec00000, 0x00000000aed00000, 0x00000000aed00000|100%| O|  |TAMS 0x00000000aed00000, 0x00000000aec00000| Untracked 
| 237|0x00000000aed00000, 0x00000000aee00000, 0x00000000aee00000|100%| O|  |TAMS 0x00000000aee00000, 0x00000000aed00000| Untracked 
| 238|0x00000000aee00000, 0x00000000aef00000, 0x00000000aef00000|100%| O|  |TAMS 0x00000000aef00000, 0x00000000aee00000| Untracked 
| 239|0x00000000aef00000, 0x00000000af000000, 0x00000000af000000|100%| O|  |TAMS 0x00000000af000000, 0x00000000aef00000| Untracked 
| 240|0x00000000af000000, 0x00000000af100000, 0x00000000af100000|100%| O|  |TAMS 0x00000000af100000, 0x00000000af000000| Untracked 
| 241|0x00000000af100000, 0x00000000af200000, 0x00000000af200000|100%| O|  |TAMS 0x00000000af200000, 0x00000000af100000| Untracked 
| 242|0x00000000af200000, 0x00000000af300000, 0x00000000af300000|100%| O|  |TAMS 0x00000000af300000, 0x00000000af200000| Untracked 
| 243|0x00000000af300000, 0x00000000af400000, 0x00000000af400000|100%| O|  |TAMS 0x00000000af400000, 0x00000000af300000| Untracked 
| 244|0x00000000af400000, 0x00000000af500000, 0x00000000af500000|100%| O|  |TAMS 0x00000000af500000, 0x00000000af400000| Untracked 
| 245|0x00000000af500000, 0x00000000af600000, 0x00000000af600000|100%| O|  |TAMS 0x00000000af600000, 0x00000000af500000| Untracked 
| 246|0x00000000af600000, 0x00000000af700000, 0x00000000af700000|100%| O|  |TAMS 0x00000000af700000, 0x00000000af600000| Untracked 
| 247|0x00000000af700000, 0x00000000af800000, 0x00000000af800000|100%| O|  |TAMS 0x00000000af800000, 0x00000000af700000| Untracked 
| 248|0x00000000af800000, 0x00000000af900000, 0x00000000af900000|100%| O|  |TAMS 0x00000000af900000, 0x00000000af800000| Untracked 
| 249|0x00000000af900000, 0x00000000afa00000, 0x00000000afa00000|100%| O|  |TAMS 0x00000000afa00000, 0x00000000af900000| Untracked 
| 250|0x00000000afa00000, 0x00000000afb00000, 0x00000000afb00000|100%| O|  |TAMS 0x00000000afb00000, 0x00000000afa00000| Untracked 
| 251|0x00000000afb00000, 0x00000000afc00000, 0x00000000afc00000|100%| O|  |TAMS 0x00000000afc00000, 0x00000000afb00000| Untracked 
| 252|0x00000000afc00000, 0x00000000afd00000, 0x00000000afd00000|100%| O|  |TAMS 0x00000000afd00000, 0x00000000afc00000| Untracked 
| 253|0x00000000afd00000, 0x00000000afe00000, 0x00000000afe00000|100%| O|  |TAMS 0x00000000afe00000, 0x00000000afd00000| Untracked 
| 254|0x00000000afe00000, 0x00000000aff00000, 0x00000000aff00000|100%| O|  |TAMS 0x00000000aff00000, 0x00000000afe00000| Untracked 
| 255|0x00000000aff00000, 0x00000000b0000000, 0x00000000b0000000|100%| O|  |TAMS 0x00000000b0000000, 0x00000000aff00000| Untracked 
| 256|0x00000000b0000000, 0x00000000b0000000, 0x00000000b0100000|  0%| F|  |TAMS 0x00000000b0000000, 0x00000000b0000000| Untracked 
| 257|0x00000000b0100000, 0x00000000b0200000, 0x00000000b0200000|100%| O|  |TAMS 0x00000000b0200000, 0x00000000b0100000| Untracked 
| 258|0x00000000b0200000, 0x00000000b0300000, 0x00000000b0300000|100%| O|  |TAMS 0x00000000b0300000, 0x00000000b0200000| Untracked 
| 259|0x00000000b0300000, 0x00000000b0400000, 0x00000000b0400000|100%| O|  |TAMS 0x00000000b0400000, 0x00000000b0300000| Complete 
| 260|0x00000000b0400000, 0x00000000b0500000, 0x00000000b0500000|100%| O|  |TAMS 0x00000000b0500000, 0x00000000b0400000| Untracked 
| 261|0x00000000b0500000, 0x00000000b0600000, 0x00000000b0600000|100%| O|  |TAMS 0x00000000b0600000, 0x00000000b0500000| Untracked 
| 262|0x00000000b0600000, 0x00000000b0700000, 0x00000000b0700000|100%| O|  |TAMS 0x00000000b0700000, 0x00000000b0600000| Untracked 
| 263|0x00000000b0700000, 0x00000000b0800000, 0x00000000b0800000|100%| O|  |TAMS 0x00000000b0800000, 0x00000000b0700000| Untracked 
| 264|0x00000000b0800000, 0x00000000b0900000, 0x00000000b0900000|100%| O|  |TAMS 0x00000000b0900000, 0x00000000b0800000| Untracked 
| 265|0x00000000b0900000, 0x00000000b0a00000, 0x00000000b0a00000|100%| O|  |TAMS 0x00000000b0a00000, 0x00000000b0900000| Complete 
| 266|0x00000000b0a00000, 0x00000000b0b00000, 0x00000000b0b00000|100%| O|  |TAMS 0x00000000b0b00000, 0x00000000b0a00000| Untracked 
| 267|0x00000000b0b00000, 0x00000000b0c00000, 0x00000000b0c00000|100%| O|  |TAMS 0x00000000b0c00000, 0x00000000b0b00000| Untracked 
| 268|0x00000000b0c00000, 0x00000000b0d00000, 0x00000000b0d00000|100%| O|  |TAMS 0x00000000b0d00000, 0x00000000b0c00000| Untracked 
| 269|0x00000000b0d00000, 0x00000000b0e00000, 0x00000000b0e00000|100%| O|  |TAMS 0x00000000b0e00000, 0x00000000b0d00000| Untracked 
| 270|0x00000000b0e00000, 0x00000000b0f00000, 0x00000000b0f00000|100%| O|  |TAMS 0x00000000b0f00000, 0x00000000b0e00000| Untracked 
| 271|0x00000000b0f00000, 0x00000000b1000000, 0x00000000b1000000|100%| O|  |TAMS 0x00000000b1000000, 0x00000000b0f00000| Untracked 
| 272|0x00000000b1000000, 0x00000000b1100000, 0x00000000b1100000|100%| O|  |TAMS 0x00000000b1100000, 0x00000000b1000000| Untracked 
| 273|0x00000000b1100000, 0x00000000b1200000, 0x00000000b1200000|100%| O|  |TAMS 0x00000000b1200000, 0x00000000b1100000| Untracked 
| 274|0x00000000b1200000, 0x00000000b1300000, 0x00000000b1300000|100%| O|  |TAMS 0x00000000b1300000, 0x00000000b1200000| Untracked 
| 275|0x00000000b1300000, 0x00000000b1400000, 0x00000000b1400000|100%| O|  |TAMS 0x00000000b1400000, 0x00000000b1300000| Complete 
| 276|0x00000000b1400000, 0x00000000b1500000, 0x00000000b1500000|100%| O|  |TAMS 0x00000000b1500000, 0x00000000b1400000| Untracked 
| 277|0x00000000b1500000, 0x00000000b1600000, 0x00000000b1600000|100%| O|  |TAMS 0x00000000b1600000, 0x00000000b1500000| Untracked 
| 278|0x00000000b1600000, 0x00000000b1700000, 0x00000000b1700000|100%| O|  |TAMS 0x00000000b1700000, 0x00000000b1600000| Untracked 
| 279|0x00000000b1700000, 0x00000000b1800000, 0x00000000b1800000|100%| O|  |TAMS 0x00000000b1800000, 0x00000000b1700000| Untracked 
| 280|0x00000000b1800000, 0x00000000b1900000, 0x00000000b1900000|100%| O|  |TAMS 0x00000000b1900000, 0x00000000b1800000| Untracked 
| 281|0x00000000b1900000, 0x00000000b1a00000, 0x00000000b1a00000|100%| O|  |TAMS 0x00000000b1a00000, 0x00000000b1900000| Untracked 
| 282|0x00000000b1a00000, 0x00000000b1b00000, 0x00000000b1b00000|100%| O|  |TAMS 0x00000000b1b00000, 0x00000000b1a00000| Untracked 
| 283|0x00000000b1b00000, 0x00000000b1c00000, 0x00000000b1c00000|100%| O|  |TAMS 0x00000000b1c00000, 0x00000000b1b00000| Untracked 
| 284|0x00000000b1c00000, 0x00000000b1d00000, 0x00000000b1d00000|100%| O|  |TAMS 0x00000000b1d00000, 0x00000000b1c00000| Untracked 
| 285|0x00000000b1d00000, 0x00000000b1e00000, 0x00000000b1e00000|100%| O|  |TAMS 0x00000000b1e00000, 0x00000000b1d00000| Untracked 
| 286|0x00000000b1e00000, 0x00000000b1f00000, 0x00000000b1f00000|100%| O|  |TAMS 0x00000000b1f00000, 0x00000000b1e00000| Untracked 
| 287|0x00000000b1f00000, 0x00000000b2000000, 0x00000000b2000000|100%| O|  |TAMS 0x00000000b2000000, 0x00000000b1f00000| Untracked 
| 288|0x00000000b2000000, 0x00000000b2000000, 0x00000000b2100000|  0%| F|  |TAMS 0x00000000b2000000, 0x00000000b2000000| Untracked 
| 289|0x00000000b2100000, 0x00000000b2200000, 0x00000000b2200000|100%| O|  |TAMS 0x00000000b2200000, 0x00000000b2100000| Untracked 
| 290|0x00000000b2200000, 0x00000000b2200000, 0x00000000b2300000|  0%| F|  |TAMS 0x00000000b2200000, 0x00000000b2200000| Untracked 
| 291|0x00000000b2300000, 0x00000000b2400000, 0x00000000b2400000|100%| O|  |TAMS 0x00000000b2400000, 0x00000000b2300000| Untracked 
| 292|0x00000000b2400000, 0x00000000b2500000, 0x00000000b2500000|100%| O|  |TAMS 0x00000000b2500000, 0x00000000b2400000| Untracked 
| 293|0x00000000b2500000, 0x00000000b2500000, 0x00000000b2600000|  0%| F|  |TAMS 0x00000000b2500000, 0x00000000b2500000| Untracked 
| 294|0x00000000b2600000, 0x00000000b2700000, 0x00000000b2700000|100%| O|  |TAMS 0x00000000b2700000, 0x00000000b2600000| Untracked 
| 295|0x00000000b2700000, 0x00000000b2800000, 0x00000000b2800000|100%| O|  |TAMS 0x00000000b2800000, 0x00000000b2700000| Untracked 
| 296|0x00000000b2800000, 0x00000000b2900000, 0x00000000b2900000|100%| O|  |TAMS 0x00000000b2900000, 0x00000000b2800000| Untracked 
| 297|0x00000000b2900000, 0x00000000b2a00000, 0x00000000b2a00000|100%| O|  |TAMS 0x00000000b2a00000, 0x00000000b2900000| Untracked 
| 298|0x00000000b2a00000, 0x00000000b2b00000, 0x00000000b2b00000|100%| O|  |TAMS 0x00000000b2b00000, 0x00000000b2a00000| Complete 
| 299|0x00000000b2b00000, 0x00000000b2c00000, 0x00000000b2c00000|100%| O|  |TAMS 0x00000000b2c00000, 0x00000000b2b00000| Complete 
| 300|0x00000000b2c00000, 0x00000000b2c00000, 0x00000000b2d00000|  0%| F|  |TAMS 0x00000000b2c00000, 0x00000000b2c00000| Untracked 
| 301|0x00000000b2d00000, 0x00000000b2e00000, 0x00000000b2e00000|100%| O|  |TAMS 0x00000000b2e00000, 0x00000000b2d00000| Untracked 
| 302|0x00000000b2e00000, 0x00000000b2e00000, 0x00000000b2f00000|  0%| F|  |TAMS 0x00000000b2e00000, 0x00000000b2e00000| Untracked 
| 303|0x00000000b2f00000, 0x00000000b3000000, 0x00000000b3000000|100%| O|  |TAMS 0x00000000b3000000, 0x00000000b2f00000| Untracked 
| 304|0x00000000b3000000, 0x00000000b3100000, 0x00000000b3100000|100%| O|  |TAMS 0x00000000b3100000, 0x00000000b3000000| Untracked 
| 305|0x00000000b3100000, 0x00000000b3200000, 0x00000000b3200000|100%| O|  |TAMS 0x00000000b3200000, 0x00000000b3100000| Complete 
| 306|0x00000000b3200000, 0x00000000b3200000, 0x00000000b3300000|  0%| F|  |TAMS 0x00000000b3200000, 0x00000000b3200000| Untracked 
| 307|0x00000000b3300000, 0x00000000b3400000, 0x00000000b3400000|100%| O|  |TAMS 0x00000000b3400000, 0x00000000b3300000| Untracked 
| 308|0x00000000b3400000, 0x00000000b3500000, 0x00000000b3500000|100%| O|  |TAMS 0x00000000b3500000, 0x00000000b3400000| Untracked 
| 309|0x00000000b3500000, 0x00000000b3600000, 0x00000000b3600000|100%| O|  |TAMS 0x00000000b3600000, 0x00000000b3500000| Untracked 
| 310|0x00000000b3600000, 0x00000000b3600000, 0x00000000b3700000|  0%| F|  |TAMS 0x00000000b3600000, 0x00000000b3600000| Untracked 
| 311|0x00000000b3700000, 0x00000000b3800000, 0x00000000b3800000|100%| O|  |TAMS 0x00000000b3800000, 0x00000000b3700000| Untracked 
| 312|0x00000000b3800000, 0x00000000b3900000, 0x00000000b3900000|100%| O|  |TAMS 0x00000000b3900000, 0x00000000b3800000| Untracked 
| 313|0x00000000b3900000, 0x00000000b3a00000, 0x00000000b3a00000|100%| O|  |TAMS 0x00000000b3a00000, 0x00000000b3900000| Untracked 
| 314|0x00000000b3a00000, 0x00000000b3b00000, 0x00000000b3b00000|100%| O|  |TAMS 0x00000000b3b00000, 0x00000000b3a00000| Untracked 
| 315|0x00000000b3b00000, 0x00000000b3c00000, 0x00000000b3c00000|100%| O|  |TAMS 0x00000000b3c00000, 0x00000000b3b00000| Untracked 
| 316|0x00000000b3c00000, 0x00000000b3d00000, 0x00000000b3d00000|100%| O|  |TAMS 0x00000000b3d00000, 0x00000000b3c00000| Untracked 
| 317|0x00000000b3d00000, 0x00000000b3e00000, 0x00000000b3e00000|100%| O|  |TAMS 0x00000000b3e00000, 0x00000000b3d00000| Complete 
| 318|0x00000000b3e00000, 0x00000000b3f00000, 0x00000000b3f00000|100%| O|  |TAMS 0x00000000b3f00000, 0x00000000b3e00000| Untracked 
| 319|0x00000000b3f00000, 0x00000000b4000000, 0x00000000b4000000|100%| O|  |TAMS 0x00000000b4000000, 0x00000000b3f00000| Untracked 
| 320|0x00000000b4000000, 0x00000000b4100000, 0x00000000b4100000|100%| O|  |TAMS 0x00000000b4100000, 0x00000000b4000000| Untracked 
| 321|0x00000000b4100000, 0x00000000b4200000, 0x00000000b4200000|100%| O|  |TAMS 0x00000000b4200000, 0x00000000b4100000| Untracked 
| 322|0x00000000b4200000, 0x00000000b4300000, 0x00000000b4300000|100%| O|  |TAMS 0x00000000b4300000, 0x00000000b4200000| Untracked 
| 323|0x00000000b4300000, 0x00000000b4400000, 0x00000000b4400000|100%| O|  |TAMS 0x00000000b4400000, 0x00000000b4300000| Untracked 
| 324|0x00000000b4400000, 0x00000000b4500000, 0x00000000b4500000|100%| O|  |TAMS 0x00000000b4500000, 0x00000000b4400000| Untracked 
| 325|0x00000000b4500000, 0x00000000b4600000, 0x00000000b4600000|100%| O|  |TAMS 0x00000000b4600000, 0x00000000b4500000| Untracked 
| 326|0x00000000b4600000, 0x00000000b4700000, 0x00000000b4700000|100%| O|  |TAMS 0x00000000b4700000, 0x00000000b4600000| Untracked 
| 327|0x00000000b4700000, 0x00000000b4800000, 0x00000000b4800000|100%| O|  |TAMS 0x00000000b4800000, 0x00000000b4700000| Untracked 
| 328|0x00000000b4800000, 0x00000000b4900000, 0x00000000b4900000|100%| O|  |TAMS 0x00000000b4900000, 0x00000000b4800000| Untracked 
| 329|0x00000000b4900000, 0x00000000b4a00000, 0x00000000b4a00000|100%| O|  |TAMS 0x00000000b4a00000, 0x00000000b4900000| Untracked 
| 330|0x00000000b4a00000, 0x00000000b4b00000, 0x00000000b4b00000|100%| O|  |TAMS 0x00000000b4b00000, 0x00000000b4a00000| Untracked 
| 331|0x00000000b4b00000, 0x00000000b4c00000, 0x00000000b4c00000|100%| O|  |TAMS 0x00000000b4c00000, 0x00000000b4b00000| Untracked 
| 332|0x00000000b4c00000, 0x00000000b4d00000, 0x00000000b4d00000|100%| O|  |TAMS 0x00000000b4d00000, 0x00000000b4c00000| Untracked 
| 333|0x00000000b4d00000, 0x00000000b4e00000, 0x00000000b4e00000|100%| O|  |TAMS 0x00000000b4e00000, 0x00000000b4d00000| Untracked 
| 334|0x00000000b4e00000, 0x00000000b4f00000, 0x00000000b4f00000|100%| O|  |TAMS 0x00000000b4f00000, 0x00000000b4e00000| Complete 
| 335|0x00000000b4f00000, 0x00000000b5000000, 0x00000000b5000000|100%| O|  |TAMS 0x00000000b5000000, 0x00000000b4f00000| Untracked 
| 336|0x00000000b5000000, 0x00000000b5100000, 0x00000000b5100000|100%| O|  |TAMS 0x00000000b5100000, 0x00000000b5000000| Untracked 
| 337|0x00000000b5100000, 0x00000000b5200000, 0x00000000b5200000|100%| O|  |TAMS 0x00000000b5200000, 0x00000000b5100000| Untracked 
| 338|0x00000000b5200000, 0x00000000b5300000, 0x00000000b5300000|100%| O|  |TAMS 0x00000000b5300000, 0x00000000b5200000| Untracked 
| 339|0x00000000b5300000, 0x00000000b5400000, 0x00000000b5400000|100%| O|  |TAMS 0x00000000b5400000, 0x00000000b5300000| Untracked 
| 340|0x00000000b5400000, 0x00000000b5500000, 0x00000000b5500000|100%| O|  |TAMS 0x00000000b5500000, 0x00000000b5400000| Untracked 
| 341|0x00000000b5500000, 0x00000000b5600000, 0x00000000b5600000|100%| O|  |TAMS 0x00000000b5600000, 0x00000000b5500000| Untracked 
| 342|0x00000000b5600000, 0x00000000b5700000, 0x00000000b5700000|100%| O|  |TAMS 0x00000000b5700000, 0x00000000b5600000| Untracked 
| 343|0x00000000b5700000, 0x00000000b5800000, 0x00000000b5800000|100%| O|  |TAMS 0x00000000b5800000, 0x00000000b5700000| Untracked 
| 344|0x00000000b5800000, 0x00000000b5900000, 0x00000000b5900000|100%| O|  |TAMS 0x00000000b5900000, 0x00000000b5800000| Untracked 
| 345|0x00000000b5900000, 0x00000000b5a00000, 0x00000000b5a00000|100%| O|  |TAMS 0x00000000b5a00000, 0x00000000b5900000| Untracked 
| 346|0x00000000b5a00000, 0x00000000b5b00000, 0x00000000b5b00000|100%| O|  |TAMS 0x00000000b5b00000, 0x00000000b5a00000| Untracked 
| 347|0x00000000b5b00000, 0x00000000b5c00000, 0x00000000b5c00000|100%| O|  |TAMS 0x00000000b5c00000, 0x00000000b5b00000| Untracked 
| 348|0x00000000b5c00000, 0x00000000b5d00000, 0x00000000b5d00000|100%| O|  |TAMS 0x00000000b5d00000, 0x00000000b5c00000| Untracked 
| 349|0x00000000b5d00000, 0x00000000b5e00000, 0x00000000b5e00000|100%| O|  |TAMS 0x00000000b5e00000, 0x00000000b5d00000| Untracked 
| 350|0x00000000b5e00000, 0x00000000b5f00000, 0x00000000b5f00000|100%| O|  |TAMS 0x00000000b5f00000, 0x00000000b5e00000| Untracked 
| 351|0x00000000b5f00000, 0x00000000b6000000, 0x00000000b6000000|100%| O|  |TAMS 0x00000000b6000000, 0x00000000b5f00000| Untracked 
| 352|0x00000000b6000000, 0x00000000b6000000, 0x00000000b6100000|  0%| F|  |TAMS 0x00000000b6000000, 0x00000000b6000000| Untracked 
| 353|0x00000000b6100000, 0x00000000b6100000, 0x00000000b6200000|  0%| F|  |TAMS 0x00000000b6100000, 0x00000000b6100000| Untracked 
| 354|0x00000000b6200000, 0x00000000b6300000, 0x00000000b6300000|100%| O|  |TAMS 0x00000000b6300000, 0x00000000b6200000| Untracked 
| 355|0x00000000b6300000, 0x00000000b6400000, 0x00000000b6400000|100%| O|  |TAMS 0x00000000b6400000, 0x00000000b6300000| Untracked 
| 356|0x00000000b6400000, 0x00000000b6500000, 0x00000000b6500000|100%| O|  |TAMS 0x00000000b6500000, 0x00000000b6400000| Untracked 
| 357|0x00000000b6500000, 0x00000000b6600000, 0x00000000b6600000|100%| O|  |TAMS 0x00000000b6600000, 0x00000000b6500000| Untracked 
| 358|0x00000000b6600000, 0x00000000b6700000, 0x00000000b6700000|100%| O|  |TAMS 0x00000000b6700000, 0x00000000b6600000| Untracked 
| 359|0x00000000b6700000, 0x00000000b6800000, 0x00000000b6800000|100%| O|  |TAMS 0x00000000b6800000, 0x00000000b6700000| Complete 
| 360|0x00000000b6800000, 0x00000000b6900000, 0x00000000b6900000|100%| O|  |TAMS 0x00000000b6900000, 0x00000000b6800000| Untracked 
| 361|0x00000000b6900000, 0x00000000b6a00000, 0x00000000b6a00000|100%| O|  |TAMS 0x00000000b6a00000, 0x00000000b6900000| Untracked 
| 362|0x00000000b6a00000, 0x00000000b6b00000, 0x00000000b6b00000|100%| O|  |TAMS 0x00000000b6b00000, 0x00000000b6a00000| Untracked 
| 363|0x00000000b6b00000, 0x00000000b6c00000, 0x00000000b6c00000|100%| O|  |TAMS 0x00000000b6c00000, 0x00000000b6b00000| Untracked 
| 364|0x00000000b6c00000, 0x00000000b6d00000, 0x00000000b6d00000|100%| O|  |TAMS 0x00000000b6d00000, 0x00000000b6c00000| Untracked 
| 365|0x00000000b6d00000, 0x00000000b6e00000, 0x00000000b6e00000|100%| O|  |TAMS 0x00000000b6e00000, 0x00000000b6d00000| Untracked 
| 366|0x00000000b6e00000, 0x00000000b6f00000, 0x00000000b6f00000|100%| O|  |TAMS 0x00000000b6f00000, 0x00000000b6e00000| Untracked 
| 367|0x00000000b6f00000, 0x00000000b7000000, 0x00000000b7000000|100%| O|  |TAMS 0x00000000b7000000, 0x00000000b6f00000| Untracked 
| 368|0x00000000b7000000, 0x00000000b7100000, 0x00000000b7100000|100%| O|  |TAMS 0x00000000b7100000, 0x00000000b7000000| Untracked 
| 369|0x00000000b7100000, 0x00000000b7200000, 0x00000000b7200000|100%| O|  |TAMS 0x00000000b7200000, 0x00000000b7100000| Untracked 
| 370|0x00000000b7200000, 0x00000000b7300000, 0x00000000b7300000|100%| O|  |TAMS 0x00000000b7300000, 0x00000000b7200000| Untracked 
| 371|0x00000000b7300000, 0x00000000b7400000, 0x00000000b7400000|100%| O|  |TAMS 0x00000000b7400000, 0x00000000b7300000| Untracked 
| 372|0x00000000b7400000, 0x00000000b7500000, 0x00000000b7500000|100%| O|  |TAMS 0x00000000b7500000, 0x00000000b7400000| Untracked 
| 373|0x00000000b7500000, 0x00000000b7600000, 0x00000000b7600000|100%| O|  |TAMS 0x00000000b7600000, 0x00000000b7500000| Untracked 
| 374|0x00000000b7600000, 0x00000000b7700000, 0x00000000b7700000|100%| O|  |TAMS 0x00000000b7700000, 0x00000000b7600000| Untracked 
| 375|0x00000000b7700000, 0x00000000b7800000, 0x00000000b7800000|100%| O|  |TAMS 0x00000000b7800000, 0x00000000b7700000| Untracked 
| 376|0x00000000b7800000, 0x00000000b7900000, 0x00000000b7900000|100%| O|  |TAMS 0x00000000b7900000, 0x00000000b7800000| Untracked 
| 377|0x00000000b7900000, 0x00000000b7a00000, 0x00000000b7a00000|100%| O|  |TAMS 0x00000000b7a00000, 0x00000000b7900000| Untracked 
| 378|0x00000000b7a00000, 0x00000000b7b00000, 0x00000000b7b00000|100%| O|  |TAMS 0x00000000b7b00000, 0x00000000b7a00000| Complete 
| 379|0x00000000b7b00000, 0x00000000b7c00000, 0x00000000b7c00000|100%| O|  |TAMS 0x00000000b7c00000, 0x00000000b7b00000| Untracked 
| 380|0x00000000b7c00000, 0x00000000b7d00000, 0x00000000b7d00000|100%| O|  |TAMS 0x00000000b7d00000, 0x00000000b7c00000| Untracked 
| 381|0x00000000b7d00000, 0x00000000b7e00000, 0x00000000b7e00000|100%| O|  |TAMS 0x00000000b7e00000, 0x00000000b7d00000| Complete 
| 382|0x00000000b7e00000, 0x00000000b7f00000, 0x00000000b7f00000|100%| O|  |TAMS 0x00000000b7f00000, 0x00000000b7e00000| Complete 
| 383|0x00000000b7f00000, 0x00000000b7f00000, 0x00000000b8000000|  0%| F|  |TAMS 0x00000000b7f00000, 0x00000000b7f00000| Untracked 
| 384|0x00000000b8000000, 0x00000000b8100000, 0x00000000b8100000|100%| O|  |TAMS 0x00000000b8100000, 0x00000000b8000000| Untracked 
| 385|0x00000000b8100000, 0x00000000b8100000, 0x00000000b8200000|  0%| F|  |TAMS 0x00000000b8100000, 0x00000000b8100000| Untracked 
| 386|0x00000000b8200000, 0x00000000b8200000, 0x00000000b8300000|  0%| F|  |TAMS 0x00000000b8200000, 0x00000000b8200000| Untracked 
| 387|0x00000000b8300000, 0x00000000b8300000, 0x00000000b8400000|  0%| F|  |TAMS 0x00000000b8300000, 0x00000000b8300000| Untracked 
| 388|0x00000000b8400000, 0x00000000b8400000, 0x00000000b8500000|  0%| F|  |TAMS 0x00000000b8400000, 0x00000000b8400000| Untracked 
| 389|0x00000000b8500000, 0x00000000b8500000, 0x00000000b8600000|  0%| F|  |TAMS 0x00000000b8500000, 0x00000000b8500000| Untracked 
| 390|0x00000000b8600000, 0x00000000b8600000, 0x00000000b8700000|  0%| F|  |TAMS 0x00000000b8600000, 0x00000000b8600000| Untracked 
| 391|0x00000000b8700000, 0x00000000b8700000, 0x00000000b8800000|  0%| F|  |TAMS 0x00000000b8700000, 0x00000000b8700000| Untracked 
| 392|0x00000000b8800000, 0x00000000b8800000, 0x00000000b8900000|  0%| F|  |TAMS 0x00000000b8800000, 0x00000000b8800000| Untracked 
| 393|0x00000000b8900000, 0x00000000b8900000, 0x00000000b8a00000|  0%| F|  |TAMS 0x00000000b8900000, 0x00000000b8900000| Untracked 
| 394|0x00000000b8a00000, 0x00000000b8a00000, 0x00000000b8b00000|  0%| F|  |TAMS 0x00000000b8a00000, 0x00000000b8a00000| Untracked 
| 395|0x00000000b8b00000, 0x00000000b8b00000, 0x00000000b8c00000|  0%| F|  |TAMS 0x00000000b8b00000, 0x00000000b8b00000| Untracked 
| 396|0x00000000b8c00000, 0x00000000b8c00000, 0x00000000b8d00000|  0%| F|  |TAMS 0x00000000b8c00000, 0x00000000b8c00000| Untracked 
| 397|0x00000000b8d00000, 0x00000000b8d00000, 0x00000000b8e00000|  0%| F|  |TAMS 0x00000000b8d00000, 0x00000000b8d00000| Untracked 
| 398|0x00000000b8e00000, 0x00000000b8e00000, 0x00000000b8f00000|  0%| F|  |TAMS 0x00000000b8e00000, 0x00000000b8e00000| Untracked 
| 399|0x00000000b8f00000, 0x00000000b8f00000, 0x00000000b9000000|  0%| F|  |TAMS 0x00000000b8f00000, 0x00000000b8f00000| Untracked 
| 400|0x00000000b9000000, 0x00000000b9000000, 0x00000000b9100000|  0%| F|  |TAMS 0x00000000b9000000, 0x00000000b9000000| Untracked 
| 401|0x00000000b9100000, 0x00000000b9100000, 0x00000000b9200000|  0%| F|  |TAMS 0x00000000b9100000, 0x00000000b9100000| Untracked 
| 402|0x00000000b9200000, 0x00000000b9200000, 0x00000000b9300000|  0%| F|  |TAMS 0x00000000b9200000, 0x00000000b9200000| Untracked 
| 403|0x00000000b9300000, 0x00000000b9300000, 0x00000000b9400000|  0%| F|  |TAMS 0x00000000b9300000, 0x00000000b9300000| Untracked 
| 404|0x00000000b9400000, 0x00000000b9400000, 0x00000000b9500000|  0%| F|  |TAMS 0x00000000b9400000, 0x00000000b9400000| Untracked 
| 405|0x00000000b9500000, 0x00000000b9500000, 0x00000000b9600000|  0%| F|  |TAMS 0x00000000b9500000, 0x00000000b9500000| Untracked 
| 406|0x00000000b9600000, 0x00000000b9600000, 0x00000000b9700000|  0%| F|  |TAMS 0x00000000b9600000, 0x00000000b9600000| Untracked 
| 407|0x00000000b9700000, 0x00000000b9700000, 0x00000000b9800000|  0%| F|  |TAMS 0x00000000b9700000, 0x00000000b9700000| Untracked 
| 408|0x00000000b9800000, 0x00000000b9800000, 0x00000000b9900000|  0%| F|  |TAMS 0x00000000b9800000, 0x00000000b9800000| Untracked 
| 409|0x00000000b9900000, 0x00000000b9900000, 0x00000000b9a00000|  0%| F|  |TAMS 0x00000000b9900000, 0x00000000b9900000| Untracked 
| 410|0x00000000b9a00000, 0x00000000b9a00000, 0x00000000b9b00000|  0%| F|  |TAMS 0x00000000b9a00000, 0x00000000b9a00000| Untracked 
| 411|0x00000000b9b00000, 0x00000000b9b00000, 0x00000000b9c00000|  0%| F|  |TAMS 0x00000000b9b00000, 0x00000000b9b00000| Untracked 
| 412|0x00000000b9c00000, 0x00000000b9c00000, 0x00000000b9d00000|  0%| F|  |TAMS 0x00000000b9c00000, 0x00000000b9c00000| Untracked 
| 413|0x00000000b9d00000, 0x00000000b9d00000, 0x00000000b9e00000|  0%| F|  |TAMS 0x00000000b9d00000, 0x00000000b9d00000| Untracked 
| 414|0x00000000b9e00000, 0x00000000b9e00000, 0x00000000b9f00000|  0%| F|  |TAMS 0x00000000b9e00000, 0x00000000b9e00000| Untracked 
| 415|0x00000000b9f00000, 0x00000000b9f00000, 0x00000000ba000000|  0%| F|  |TAMS 0x00000000b9f00000, 0x00000000b9f00000| Untracked 
| 416|0x00000000ba000000, 0x00000000ba000000, 0x00000000ba100000|  0%| F|  |TAMS 0x00000000ba000000, 0x00000000ba000000| Untracked 
| 417|0x00000000ba100000, 0x00000000ba100000, 0x00000000ba200000|  0%| F|  |TAMS 0x00000000ba100000, 0x00000000ba100000| Untracked 
| 418|0x00000000ba200000, 0x00000000ba200000, 0x00000000ba300000|  0%| F|  |TAMS 0x00000000ba200000, 0x00000000ba200000| Untracked 
| 419|0x00000000ba300000, 0x00000000ba300000, 0x00000000ba400000|  0%| F|  |TAMS 0x00000000ba300000, 0x00000000ba300000| Untracked 
| 420|0x00000000ba400000, 0x00000000ba400000, 0x00000000ba500000|  0%| F|  |TAMS 0x00000000ba400000, 0x00000000ba400000| Untracked 
| 421|0x00000000ba500000, 0x00000000ba500000, 0x00000000ba600000|  0%| F|  |TAMS 0x00000000ba500000, 0x00000000ba500000| Untracked 
| 422|0x00000000ba600000, 0x00000000ba600000, 0x00000000ba700000|  0%| F|  |TAMS 0x00000000ba600000, 0x00000000ba600000| Untracked 
| 423|0x00000000ba700000, 0x00000000ba700000, 0x00000000ba800000|  0%| F|  |TAMS 0x00000000ba700000, 0x00000000ba700000| Untracked 
| 424|0x00000000ba800000, 0x00000000ba800000, 0x00000000ba900000|  0%| F|  |TAMS 0x00000000ba800000, 0x00000000ba800000| Untracked 
| 425|0x00000000ba900000, 0x00000000ba900000, 0x00000000baa00000|  0%| F|  |TAMS 0x00000000ba900000, 0x00000000ba900000| Untracked 
| 426|0x00000000baa00000, 0x00000000baa00000, 0x00000000bab00000|  0%| F|  |TAMS 0x00000000baa00000, 0x00000000baa00000| Untracked 
| 427|0x00000000bab00000, 0x00000000bab00000, 0x00000000bac00000|  0%| F|  |TAMS 0x00000000bab00000, 0x00000000bab00000| Untracked 
| 428|0x00000000bac00000, 0x00000000bac00000, 0x00000000bad00000|  0%| F|  |TAMS 0x00000000bac00000, 0x00000000bac00000| Untracked 
| 429|0x00000000bad00000, 0x00000000bad00000, 0x00000000bae00000|  0%| F|  |TAMS 0x00000000bad00000, 0x00000000bad00000| Untracked 
| 430|0x00000000bae00000, 0x00000000bae00000, 0x00000000baf00000|  0%| F|  |TAMS 0x00000000bae00000, 0x00000000bae00000| Untracked 
| 431|0x00000000baf00000, 0x00000000baf00000, 0x00000000bb000000|  0%| F|  |TAMS 0x00000000baf00000, 0x00000000baf00000| Untracked 
| 432|0x00000000bb000000, 0x00000000bb000000, 0x00000000bb100000|  0%| F|  |TAMS 0x00000000bb000000, 0x00000000bb000000| Untracked 
| 433|0x00000000bb100000, 0x00000000bb100000, 0x00000000bb200000|  0%| F|  |TAMS 0x00000000bb100000, 0x00000000bb100000| Untracked 
| 434|0x00000000bb200000, 0x00000000bb200000, 0x00000000bb300000|  0%| F|  |TAMS 0x00000000bb200000, 0x00000000bb200000| Untracked 
| 435|0x00000000bb300000, 0x00000000bb300000, 0x00000000bb400000|  0%| F|  |TAMS 0x00000000bb300000, 0x00000000bb300000| Untracked 
| 436|0x00000000bb400000, 0x00000000bb400000, 0x00000000bb500000|  0%| F|  |TAMS 0x00000000bb400000, 0x00000000bb400000| Untracked 
| 437|0x00000000bb500000, 0x00000000bb500000, 0x00000000bb600000|  0%| F|  |TAMS 0x00000000bb500000, 0x00000000bb500000| Untracked 
| 438|0x00000000bb600000, 0x00000000bb600000, 0x00000000bb700000|  0%| F|  |TAMS 0x00000000bb600000, 0x00000000bb600000| Untracked 
| 439|0x00000000bb700000, 0x00000000bb700000, 0x00000000bb800000|  0%| F|  |TAMS 0x00000000bb700000, 0x00000000bb700000| Untracked 
| 440|0x00000000bb800000, 0x00000000bb800000, 0x00000000bb900000|  0%| F|  |TAMS 0x00000000bb800000, 0x00000000bb800000| Untracked 
| 441|0x00000000bb900000, 0x00000000bb900000, 0x00000000bba00000|  0%| F|  |TAMS 0x00000000bb900000, 0x00000000bb900000| Untracked 
| 442|0x00000000bba00000, 0x00000000bba00000, 0x00000000bbb00000|  0%| F|  |TAMS 0x00000000bba00000, 0x00000000bba00000| Untracked 
| 443|0x00000000bbb00000, 0x00000000bbb00000, 0x00000000bbc00000|  0%| F|  |TAMS 0x00000000bbb00000, 0x00000000bbb00000| Untracked 
| 444|0x00000000bbc00000, 0x00000000bbc00000, 0x00000000bbd00000|  0%| F|  |TAMS 0x00000000bbc00000, 0x00000000bbc00000| Untracked 
| 445|0x00000000bbd00000, 0x00000000bbd00000, 0x00000000bbe00000|  0%| F|  |TAMS 0x00000000bbd00000, 0x00000000bbd00000| Untracked 
| 446|0x00000000bbe00000, 0x00000000bbe00000, 0x00000000bbf00000|  0%| F|  |TAMS 0x00000000bbe00000, 0x00000000bbe00000| Untracked 
| 447|0x00000000bbf00000, 0x00000000bbf00000, 0x00000000bc000000|  0%| F|  |TAMS 0x00000000bbf00000, 0x00000000bbf00000| Untracked 
| 448|0x00000000bc000000, 0x00000000bc000000, 0x00000000bc100000|  0%| F|  |TAMS 0x00000000bc000000, 0x00000000bc000000| Untracked 
| 449|0x00000000bc100000, 0x00000000bc100000, 0x00000000bc200000|  0%| F|  |TAMS 0x00000000bc100000, 0x00000000bc100000| Untracked 
| 450|0x00000000bc200000, 0x00000000bc200000, 0x00000000bc300000|  0%| F|  |TAMS 0x00000000bc200000, 0x00000000bc200000| Untracked 
| 451|0x00000000bc300000, 0x00000000bc300000, 0x00000000bc400000|  0%| F|  |TAMS 0x00000000bc300000, 0x00000000bc300000| Untracked 
| 452|0x00000000bc400000, 0x00000000bc400000, 0x00000000bc500000|  0%| F|  |TAMS 0x00000000bc400000, 0x00000000bc400000| Untracked 
| 453|0x00000000bc500000, 0x00000000bc500000, 0x00000000bc600000|  0%| F|  |TAMS 0x00000000bc500000, 0x00000000bc500000| Untracked 
| 454|0x00000000bc600000, 0x00000000bc600000, 0x00000000bc700000|  0%| F|  |TAMS 0x00000000bc600000, 0x00000000bc600000| Untracked 
| 455|0x00000000bc700000, 0x00000000bc700000, 0x00000000bc800000|  0%| F|  |TAMS 0x00000000bc700000, 0x00000000bc700000| Untracked 
| 456|0x00000000bc800000, 0x00000000bc800000, 0x00000000bc900000|  0%| F|  |TAMS 0x00000000bc800000, 0x00000000bc800000| Untracked 
| 457|0x00000000bc900000, 0x00000000bc900000, 0x00000000bca00000|  0%| F|  |TAMS 0x00000000bc900000, 0x00000000bc900000| Untracked 
| 458|0x00000000bca00000, 0x00000000bca00000, 0x00000000bcb00000|  0%| F|  |TAMS 0x00000000bca00000, 0x00000000bca00000| Untracked 
| 459|0x00000000bcb00000, 0x00000000bcb00000, 0x00000000bcc00000|  0%| F|  |TAMS 0x00000000bcb00000, 0x00000000bcb00000| Untracked 
| 460|0x00000000bcc00000, 0x00000000bcc00000, 0x00000000bcd00000|  0%| F|  |TAMS 0x00000000bcc00000, 0x00000000bcc00000| Untracked 
| 461|0x00000000bcd00000, 0x00000000bcd00000, 0x00000000bce00000|  0%| F|  |TAMS 0x00000000bcd00000, 0x00000000bcd00000| Untracked 
| 462|0x00000000bce00000, 0x00000000bce00000, 0x00000000bcf00000|  0%| F|  |TAMS 0x00000000bce00000, 0x00000000bce00000| Untracked 
| 463|0x00000000bcf00000, 0x00000000bcf00000, 0x00000000bd000000|  0%| F|  |TAMS 0x00000000bcf00000, 0x00000000bcf00000| Untracked 
| 464|0x00000000bd000000, 0x00000000bd000000, 0x00000000bd100000|  0%| F|  |TAMS 0x00000000bd000000, 0x00000000bd000000| Untracked 
| 465|0x00000000bd100000, 0x00000000bd100000, 0x00000000bd200000|  0%| F|  |TAMS 0x00000000bd100000, 0x00000000bd100000| Untracked 
| 466|0x00000000bd200000, 0x00000000bd200000, 0x00000000bd300000|  0%| F|  |TAMS 0x00000000bd200000, 0x00000000bd200000| Untracked 
| 467|0x00000000bd300000, 0x00000000bd300000, 0x00000000bd400000|  0%| F|  |TAMS 0x00000000bd300000, 0x00000000bd300000| Untracked 
| 468|0x00000000bd400000, 0x00000000bd400000, 0x00000000bd500000|  0%| F|  |TAMS 0x00000000bd400000, 0x00000000bd400000| Untracked 
| 469|0x00000000bd500000, 0x00000000bd500000, 0x00000000bd600000|  0%| F|  |TAMS 0x00000000bd500000, 0x00000000bd500000| Untracked 
| 470|0x00000000bd600000, 0x00000000bd600000, 0x00000000bd700000|  0%| F|  |TAMS 0x00000000bd600000, 0x00000000bd600000| Untracked 
| 471|0x00000000bd700000, 0x00000000bd700000, 0x00000000bd800000|  0%| F|  |TAMS 0x00000000bd700000, 0x00000000bd700000| Untracked 
| 472|0x00000000bd800000, 0x00000000bd800000, 0x00000000bd900000|  0%| F|  |TAMS 0x00000000bd800000, 0x00000000bd800000| Untracked 
| 473|0x00000000bd900000, 0x00000000bd900000, 0x00000000bda00000|  0%| F|  |TAMS 0x00000000bd900000, 0x00000000bd900000| Untracked 
| 474|0x00000000bda00000, 0x00000000bda00000, 0x00000000bdb00000|  0%| F|  |TAMS 0x00000000bda00000, 0x00000000bda00000| Untracked 
| 475|0x00000000bdb00000, 0x00000000bdb00000, 0x00000000bdc00000|  0%| F|  |TAMS 0x00000000bdb00000, 0x00000000bdb00000| Untracked 
| 476|0x00000000bdc00000, 0x00000000bdc00000, 0x00000000bdd00000|  0%| F|  |TAMS 0x00000000bdc00000, 0x00000000bdc00000| Untracked 
| 477|0x00000000bdd00000, 0x00000000bdd00000, 0x00000000bde00000|  0%| F|  |TAMS 0x00000000bdd00000, 0x00000000bdd00000| Untracked 
| 478|0x00000000bde00000, 0x00000000bde00000, 0x00000000bdf00000|  0%| F|  |TAMS 0x00000000bde00000, 0x00000000bde00000| Untracked 
| 479|0x00000000bdf00000, 0x00000000bdf00000, 0x00000000be000000|  0%| F|  |TAMS 0x00000000bdf00000, 0x00000000bdf00000| Untracked 
| 480|0x00000000be000000, 0x00000000be000000, 0x00000000be100000|  0%| F|  |TAMS 0x00000000be000000, 0x00000000be000000| Untracked 
| 481|0x00000000be100000, 0x00000000be100000, 0x00000000be200000|  0%| F|  |TAMS 0x00000000be100000, 0x00000000be100000| Untracked 
| 482|0x00000000be200000, 0x00000000be200000, 0x00000000be300000|  0%| F|  |TAMS 0x00000000be200000, 0x00000000be200000| Untracked 
| 483|0x00000000be300000, 0x00000000be300000, 0x00000000be400000|  0%| F|  |TAMS 0x00000000be300000, 0x00000000be300000| Untracked 
| 484|0x00000000be400000, 0x00000000be400000, 0x00000000be500000|  0%| F|  |TAMS 0x00000000be400000, 0x00000000be400000| Untracked 
| 485|0x00000000be500000, 0x00000000be500000, 0x00000000be600000|  0%| F|  |TAMS 0x00000000be500000, 0x00000000be500000| Untracked 
| 486|0x00000000be600000, 0x00000000be600000, 0x00000000be700000|  0%| F|  |TAMS 0x00000000be600000, 0x00000000be600000| Untracked 
| 487|0x00000000be700000, 0x00000000be700000, 0x00000000be800000|  0%| F|  |TAMS 0x00000000be700000, 0x00000000be700000| Untracked 
| 488|0x00000000be800000, 0x00000000be800000, 0x00000000be900000|  0%| F|  |TAMS 0x00000000be800000, 0x00000000be800000| Untracked 
| 489|0x00000000be900000, 0x00000000be900000, 0x00000000bea00000|  0%| F|  |TAMS 0x00000000be900000, 0x00000000be900000| Untracked 
| 490|0x00000000bea00000, 0x00000000bea00000, 0x00000000beb00000|  0%| F|  |TAMS 0x00000000bea00000, 0x00000000bea00000| Untracked 
| 491|0x00000000beb00000, 0x00000000beb00000, 0x00000000bec00000|  0%| F|  |TAMS 0x00000000beb00000, 0x00000000beb00000| Untracked 
| 492|0x00000000bec00000, 0x00000000bec00000, 0x00000000bed00000|  0%| F|  |TAMS 0x00000000bec00000, 0x00000000bec00000| Untracked 
| 493|0x00000000bed00000, 0x00000000bed00000, 0x00000000bee00000|  0%| F|  |TAMS 0x00000000bed00000, 0x00000000bed00000| Untracked 
| 494|0x00000000bee00000, 0x00000000bee00000, 0x00000000bef00000|  0%| F|  |TAMS 0x00000000bee00000, 0x00000000bee00000| Untracked 
| 495|0x00000000bef00000, 0x00000000bef00000, 0x00000000bf000000|  0%| F|  |TAMS 0x00000000bef00000, 0x00000000bef00000| Untracked 
| 496|0x00000000bf000000, 0x00000000bf000000, 0x00000000bf100000|  0%| F|  |TAMS 0x00000000bf000000, 0x00000000bf000000| Untracked 
| 497|0x00000000bf100000, 0x00000000bf100000, 0x00000000bf200000|  0%| F|  |TAMS 0x00000000bf100000, 0x00000000bf100000| Untracked 
| 498|0x00000000bf200000, 0x00000000bf200000, 0x00000000bf300000|  0%| F|  |TAMS 0x00000000bf200000, 0x00000000bf200000| Untracked 
| 499|0x00000000bf300000, 0x00000000bf300000, 0x00000000bf400000|  0%| F|  |TAMS 0x00000000bf300000, 0x00000000bf300000| Untracked 
| 500|0x00000000bf400000, 0x00000000bf400000, 0x00000000bf500000|  0%| F|  |TAMS 0x00000000bf400000, 0x00000000bf400000| Untracked 
| 501|0x00000000bf500000, 0x00000000bf500000, 0x00000000bf600000|  0%| F|  |TAMS 0x00000000bf500000, 0x00000000bf500000| Untracked 
| 502|0x00000000bf600000, 0x00000000bf600000, 0x00000000bf700000|  0%| F|  |TAMS 0x00000000bf600000, 0x00000000bf600000| Untracked 
| 503|0x00000000bf700000, 0x00000000bf700000, 0x00000000bf800000|  0%| F|  |TAMS 0x00000000bf700000, 0x00000000bf700000| Untracked 
| 504|0x00000000bf800000, 0x00000000bf800000, 0x00000000bf900000|  0%| F|  |TAMS 0x00000000bf800000, 0x00000000bf800000| Untracked 
| 505|0x00000000bf900000, 0x00000000bf900000, 0x00000000bfa00000|  0%| F|  |TAMS 0x00000000bf900000, 0x00000000bf900000| Untracked 
| 506|0x00000000bfa00000, 0x00000000bfa00000, 0x00000000bfb00000|  0%| F|  |TAMS 0x00000000bfa00000, 0x00000000bfa00000| Untracked 
| 507|0x00000000bfb00000, 0x00000000bfb00000, 0x00000000bfc00000|  0%| F|  |TAMS 0x00000000bfb00000, 0x00000000bfb00000| Untracked 
| 508|0x00000000bfc00000, 0x00000000bfc00000, 0x00000000bfd00000|  0%| F|  |TAMS 0x00000000bfc00000, 0x00000000bfc00000| Untracked 
| 509|0x00000000bfd00000, 0x00000000bfd00000, 0x00000000bfe00000|  0%| F|  |TAMS 0x00000000bfd00000, 0x00000000bfd00000| Untracked 
| 510|0x00000000bfe00000, 0x00000000bff00000, 0x00000000bff00000|100%| O|  |TAMS 0x00000000bff00000, 0x00000000bfe00000| Untracked 
| 511|0x00000000bff00000, 0x00000000bff00000, 0x00000000c0000000|  0%| F|  |TAMS 0x00000000bff00000, 0x00000000bff00000| Untracked 
| 512|0x00000000c0000000, 0x00000000c0000000, 0x00000000c0100000|  0%| F|  |TAMS 0x00000000c0000000, 0x00000000c0000000| Untracked 
| 513|0x00000000c0100000, 0x00000000c0100000, 0x00000000c0200000|  0%| F|  |TAMS 0x00000000c0100000, 0x00000000c0100000| Untracked 
| 514|0x00000000c0200000, 0x00000000c0200000, 0x00000000c0300000|  0%| F|  |TAMS 0x00000000c0200000, 0x00000000c0200000| Untracked 
| 515|0x00000000c0300000, 0x00000000c0400000, 0x00000000c0400000|100%| O|  |TAMS 0x00000000c0400000, 0x00000000c0300000| Untracked 
| 516|0x00000000c0400000, 0x00000000c0400000, 0x00000000c0500000|  0%| F|  |TAMS 0x00000000c0400000, 0x00000000c0400000| Untracked 
| 517|0x00000000c0500000, 0x00000000c0500000, 0x00000000c0600000|  0%| F|  |TAMS 0x00000000c0500000, 0x00000000c0500000| Untracked 
| 518|0x00000000c0600000, 0x00000000c0600000, 0x00000000c0700000|  0%| F|  |TAMS 0x00000000c0600000, 0x00000000c0600000| Untracked 
| 519|0x00000000c0700000, 0x00000000c0700000, 0x00000000c0800000|  0%| F|  |TAMS 0x00000000c0700000, 0x00000000c0700000| Untracked 
| 520|0x00000000c0800000, 0x00000000c0800000, 0x00000000c0900000|  0%| F|  |TAMS 0x00000000c0800000, 0x00000000c0800000| Untracked 
| 521|0x00000000c0900000, 0x00000000c0900000, 0x00000000c0a00000|  0%| F|  |TAMS 0x00000000c0900000, 0x00000000c0900000| Untracked 
| 522|0x00000000c0a00000, 0x00000000c0a00000, 0x00000000c0b00000|  0%| F|  |TAMS 0x00000000c0a00000, 0x00000000c0a00000| Untracked 
| 523|0x00000000c0b00000, 0x00000000c0b00000, 0x00000000c0c00000|  0%| F|  |TAMS 0x00000000c0b00000, 0x00000000c0b00000| Untracked 
| 524|0x00000000c0c00000, 0x00000000c0c00000, 0x00000000c0d00000|  0%| F|  |TAMS 0x00000000c0c00000, 0x00000000c0c00000| Untracked 
| 525|0x00000000c0d00000, 0x00000000c0d00000, 0x00000000c0e00000|  0%| F|  |TAMS 0x00000000c0d00000, 0x00000000c0d00000| Untracked 
| 526|0x00000000c0e00000, 0x00000000c0e00000, 0x00000000c0f00000|  0%| F|  |TAMS 0x00000000c0e00000, 0x00000000c0e00000| Untracked 
| 527|0x00000000c0f00000, 0x00000000c0f00000, 0x00000000c1000000|  0%| F|  |TAMS 0x00000000c0f00000, 0x00000000c0f00000| Untracked 
| 528|0x00000000c1000000, 0x00000000c1000000, 0x00000000c1100000|  0%| F|  |TAMS 0x00000000c1000000, 0x00000000c1000000| Untracked 
| 529|0x00000000c1100000, 0x00000000c1100000, 0x00000000c1200000|  0%| F|  |TAMS 0x00000000c1100000, 0x00000000c1100000| Untracked 
| 530|0x00000000c1200000, 0x00000000c1200000, 0x00000000c1300000|  0%| F|  |TAMS 0x00000000c1200000, 0x00000000c1200000| Untracked 
| 531|0x00000000c1300000, 0x00000000c1300000, 0x00000000c1400000|  0%| F|  |TAMS 0x00000000c1300000, 0x00000000c1300000| Untracked 
| 532|0x00000000c1400000, 0x00000000c1400000, 0x00000000c1500000|  0%| F|  |TAMS 0x00000000c1400000, 0x00000000c1400000| Untracked 
| 533|0x00000000c1500000, 0x00000000c1500000, 0x00000000c1600000|  0%| F|  |TAMS 0x00000000c1500000, 0x00000000c1500000| Untracked 
| 534|0x00000000c1600000, 0x00000000c1600000, 0x00000000c1700000|  0%| F|  |TAMS 0x00000000c1600000, 0x00000000c1600000| Untracked 
| 535|0x00000000c1700000, 0x00000000c1700000, 0x00000000c1800000|  0%| F|  |TAMS 0x00000000c1700000, 0x00000000c1700000| Untracked 
| 536|0x00000000c1800000, 0x00000000c1800000, 0x00000000c1900000|  0%| F|  |TAMS 0x00000000c1800000, 0x00000000c1800000| Untracked 
| 537|0x00000000c1900000, 0x00000000c1900000, 0x00000000c1a00000|  0%| F|  |TAMS 0x00000000c1900000, 0x00000000c1900000| Untracked 
| 538|0x00000000c1a00000, 0x00000000c1a00000, 0x00000000c1b00000|  0%| F|  |TAMS 0x00000000c1a00000, 0x00000000c1a00000| Untracked 
| 539|0x00000000c1b00000, 0x00000000c1b00000, 0x00000000c1c00000|  0%| F|  |TAMS 0x00000000c1b00000, 0x00000000c1b00000| Untracked 
| 540|0x00000000c1c00000, 0x00000000c1c00000, 0x00000000c1d00000|  0%| F|  |TAMS 0x00000000c1c00000, 0x00000000c1c00000| Untracked 
| 541|0x00000000c1d00000, 0x00000000c1d00000, 0x00000000c1e00000|  0%| F|  |TAMS 0x00000000c1d00000, 0x00000000c1d00000| Untracked 
| 542|0x00000000c1e00000, 0x00000000c1e00000, 0x00000000c1f00000|  0%| F|  |TAMS 0x00000000c1e00000, 0x00000000c1e00000| Untracked 
| 543|0x00000000c1f00000, 0x00000000c1f00000, 0x00000000c2000000|  0%| F|  |TAMS 0x00000000c1f00000, 0x00000000c1f00000| Untracked 
| 544|0x00000000c2000000, 0x00000000c2000000, 0x00000000c2100000|  0%| F|  |TAMS 0x00000000c2000000, 0x00000000c2000000| Untracked 
| 545|0x00000000c2100000, 0x00000000c2100000, 0x00000000c2200000|  0%| F|  |TAMS 0x00000000c2100000, 0x00000000c2100000| Untracked 
| 546|0x00000000c2200000, 0x00000000c2200000, 0x00000000c2300000|  0%| F|  |TAMS 0x00000000c2200000, 0x00000000c2200000| Untracked 
| 547|0x00000000c2300000, 0x00000000c2300000, 0x00000000c2400000|  0%| F|  |TAMS 0x00000000c2300000, 0x00000000c2300000| Untracked 
| 548|0x00000000c2400000, 0x00000000c2400000, 0x00000000c2500000|  0%| F|  |TAMS 0x00000000c2400000, 0x00000000c2400000| Untracked 
| 549|0x00000000c2500000, 0x00000000c2500000, 0x00000000c2600000|  0%| F|  |TAMS 0x00000000c2500000, 0x00000000c2500000| Untracked 
| 550|0x00000000c2600000, 0x00000000c2600000, 0x00000000c2700000|  0%| F|  |TAMS 0x00000000c2600000, 0x00000000c2600000| Untracked 
| 551|0x00000000c2700000, 0x00000000c2700000, 0x00000000c2800000|  0%| F|  |TAMS 0x00000000c2700000, 0x00000000c2700000| Untracked 
| 552|0x00000000c2800000, 0x00000000c2800000, 0x00000000c2900000|  0%| F|  |TAMS 0x00000000c2800000, 0x00000000c2800000| Untracked 
| 553|0x00000000c2900000, 0x00000000c2900000, 0x00000000c2a00000|  0%| F|  |TAMS 0x00000000c2900000, 0x00000000c2900000| Untracked 
| 554|0x00000000c2a00000, 0x00000000c2a00000, 0x00000000c2b00000|  0%| F|  |TAMS 0x00000000c2a00000, 0x00000000c2a00000| Untracked 
| 555|0x00000000c2b00000, 0x00000000c2b00000, 0x00000000c2c00000|  0%| F|  |TAMS 0x00000000c2b00000, 0x00000000c2b00000| Untracked 
| 556|0x00000000c2c00000, 0x00000000c2c00000, 0x00000000c2d00000|  0%| F|  |TAMS 0x00000000c2c00000, 0x00000000c2c00000| Untracked 
| 557|0x00000000c2d00000, 0x00000000c2d00000, 0x00000000c2e00000|  0%| F|  |TAMS 0x00000000c2d00000, 0x00000000c2d00000| Untracked 
| 558|0x00000000c2e00000, 0x00000000c2e00000, 0x00000000c2f00000|  0%| F|  |TAMS 0x00000000c2e00000, 0x00000000c2e00000| Untracked 
| 559|0x00000000c2f00000, 0x00000000c2f00000, 0x00000000c3000000|  0%| F|  |TAMS 0x00000000c2f00000, 0x00000000c2f00000| Untracked 
| 560|0x00000000c3000000, 0x00000000c3000000, 0x00000000c3100000|  0%| F|  |TAMS 0x00000000c3000000, 0x00000000c3000000| Untracked 
| 561|0x00000000c3100000, 0x00000000c3100000, 0x00000000c3200000|  0%| F|  |TAMS 0x00000000c3100000, 0x00000000c3100000| Untracked 
| 562|0x00000000c3200000, 0x00000000c3200000, 0x00000000c3300000|  0%| F|  |TAMS 0x00000000c3200000, 0x00000000c3200000| Untracked 
| 563|0x00000000c3300000, 0x00000000c3300000, 0x00000000c3400000|  0%| F|  |TAMS 0x00000000c3300000, 0x00000000c3300000| Untracked 
| 564|0x00000000c3400000, 0x00000000c3400000, 0x00000000c3500000|  0%| F|  |TAMS 0x00000000c3400000, 0x00000000c3400000| Untracked 
| 565|0x00000000c3500000, 0x00000000c3500000, 0x00000000c3600000|  0%| F|  |TAMS 0x00000000c3500000, 0x00000000c3500000| Untracked 
| 566|0x00000000c3600000, 0x00000000c3600000, 0x00000000c3700000|  0%| F|  |TAMS 0x00000000c3600000, 0x00000000c3600000| Untracked 
| 567|0x00000000c3700000, 0x00000000c3700000, 0x00000000c3800000|  0%| F|  |TAMS 0x00000000c3700000, 0x00000000c3700000| Untracked 
| 568|0x00000000c3800000, 0x00000000c3800000, 0x00000000c3900000|  0%| F|  |TAMS 0x00000000c3800000, 0x00000000c3800000| Untracked 
| 569|0x00000000c3900000, 0x00000000c3900000, 0x00000000c3a00000|  0%| F|  |TAMS 0x00000000c3900000, 0x00000000c3900000| Untracked 
| 570|0x00000000c3a00000, 0x00000000c3a00000, 0x00000000c3b00000|  0%| F|  |TAMS 0x00000000c3a00000, 0x00000000c3a00000| Untracked 
| 571|0x00000000c3b00000, 0x00000000c3b00000, 0x00000000c3c00000|  0%| F|  |TAMS 0x00000000c3b00000, 0x00000000c3b00000| Untracked 
| 572|0x00000000c3c00000, 0x00000000c3c00000, 0x00000000c3d00000|  0%| F|  |TAMS 0x00000000c3c00000, 0x00000000c3c00000| Untracked 
| 573|0x00000000c3d00000, 0x00000000c3d00000, 0x00000000c3e00000|  0%| F|  |TAMS 0x00000000c3d00000, 0x00000000c3d00000| Untracked 
| 574|0x00000000c3e00000, 0x00000000c3e00000, 0x00000000c3f00000|  0%| F|  |TAMS 0x00000000c3e00000, 0x00000000c3e00000| Untracked 
| 575|0x00000000c3f00000, 0x00000000c3f00000, 0x00000000c4000000|  0%| F|  |TAMS 0x00000000c3f00000, 0x00000000c3f00000| Untracked 
| 576|0x00000000c4000000, 0x00000000c4000000, 0x00000000c4100000|  0%| F|  |TAMS 0x00000000c4000000, 0x00000000c4000000| Untracked 
| 577|0x00000000c4100000, 0x00000000c4100000, 0x00000000c4200000|  0%| F|  |TAMS 0x00000000c4100000, 0x00000000c4100000| Untracked 
| 578|0x00000000c4200000, 0x00000000c4200000, 0x00000000c4300000|  0%| F|  |TAMS 0x00000000c4200000, 0x00000000c4200000| Untracked 
| 579|0x00000000c4300000, 0x00000000c4300000, 0x00000000c4400000|  0%| F|  |TAMS 0x00000000c4300000, 0x00000000c4300000| Untracked 
| 580|0x00000000c4400000, 0x00000000c4400000, 0x00000000c4500000|  0%| F|  |TAMS 0x00000000c4400000, 0x00000000c4400000| Untracked 
| 581|0x00000000c4500000, 0x00000000c4500000, 0x00000000c4600000|  0%| F|  |TAMS 0x00000000c4500000, 0x00000000c4500000| Untracked 
| 582|0x00000000c4600000, 0x00000000c4600000, 0x00000000c4700000|  0%| F|  |TAMS 0x00000000c4600000, 0x00000000c4600000| Untracked 
| 583|0x00000000c4700000, 0x00000000c4700000, 0x00000000c4800000|  0%| F|  |TAMS 0x00000000c4700000, 0x00000000c4700000| Untracked 
| 584|0x00000000c4800000, 0x00000000c4800000, 0x00000000c4900000|  0%| F|  |TAMS 0x00000000c4800000, 0x00000000c4800000| Untracked 
| 585|0x00000000c4900000, 0x00000000c4900000, 0x00000000c4a00000|  0%| F|  |TAMS 0x00000000c4900000, 0x00000000c4900000| Untracked 
| 586|0x00000000c4a00000, 0x00000000c4a00000, 0x00000000c4b00000|  0%| F|  |TAMS 0x00000000c4a00000, 0x00000000c4a00000| Untracked 
| 587|0x00000000c4b00000, 0x00000000c4b00000, 0x00000000c4c00000|  0%| F|  |TAMS 0x00000000c4b00000, 0x00000000c4b00000| Untracked 
| 588|0x00000000c4c00000, 0x00000000c4c00000, 0x00000000c4d00000|  0%| F|  |TAMS 0x00000000c4c00000, 0x00000000c4c00000| Untracked 
| 589|0x00000000c4d00000, 0x00000000c4d00000, 0x00000000c4e00000|  0%| F|  |TAMS 0x00000000c4d00000, 0x00000000c4d00000| Untracked 
| 590|0x00000000c4e00000, 0x00000000c4e00000, 0x00000000c4f00000|  0%| F|  |TAMS 0x00000000c4e00000, 0x00000000c4e00000| Untracked 
| 591|0x00000000c4f00000, 0x00000000c4f00000, 0x00000000c5000000|  0%| F|  |TAMS 0x00000000c4f00000, 0x00000000c4f00000| Untracked 
| 592|0x00000000c5000000, 0x00000000c5000000, 0x00000000c5100000|  0%| F|  |TAMS 0x00000000c5000000, 0x00000000c5000000| Untracked 
| 593|0x00000000c5100000, 0x00000000c5100000, 0x00000000c5200000|  0%| F|  |TAMS 0x00000000c5100000, 0x00000000c5100000| Untracked 
| 594|0x00000000c5200000, 0x00000000c5200000, 0x00000000c5300000|  0%| F|  |TAMS 0x00000000c5200000, 0x00000000c5200000| Untracked 
| 595|0x00000000c5300000, 0x00000000c5300000, 0x00000000c5400000|  0%| F|  |TAMS 0x00000000c5300000, 0x00000000c5300000| Untracked 
| 596|0x00000000c5400000, 0x00000000c5400000, 0x00000000c5500000|  0%| F|  |TAMS 0x00000000c5400000, 0x00000000c5400000| Untracked 
| 597|0x00000000c5500000, 0x00000000c5500000, 0x00000000c5600000|  0%| F|  |TAMS 0x00000000c5500000, 0x00000000c5500000| Untracked 
| 598|0x00000000c5600000, 0x00000000c5600000, 0x00000000c5700000|  0%| F|  |TAMS 0x00000000c5600000, 0x00000000c5600000| Untracked 
| 599|0x00000000c5700000, 0x00000000c5700000, 0x00000000c5800000|  0%| F|  |TAMS 0x00000000c5700000, 0x00000000c5700000| Untracked 
| 600|0x00000000c5800000, 0x00000000c5800000, 0x00000000c5900000|  0%| F|  |TAMS 0x00000000c5800000, 0x00000000c5800000| Untracked 
| 601|0x00000000c5900000, 0x00000000c5900000, 0x00000000c5a00000|  0%| F|  |TAMS 0x00000000c5900000, 0x00000000c5900000| Untracked 
| 602|0x00000000c5a00000, 0x00000000c5a00000, 0x00000000c5b00000|  0%| F|  |TAMS 0x00000000c5a00000, 0x00000000c5a00000| Untracked 
| 603|0x00000000c5b00000, 0x00000000c5b00000, 0x00000000c5c00000|  0%| F|  |TAMS 0x00000000c5b00000, 0x00000000c5b00000| Untracked 
| 604|0x00000000c5c00000, 0x00000000c5c00000, 0x00000000c5d00000|  0%| F|  |TAMS 0x00000000c5c00000, 0x00000000c5c00000| Untracked 
| 605|0x00000000c5d00000, 0x00000000c5d00000, 0x00000000c5e00000|  0%| F|  |TAMS 0x00000000c5d00000, 0x00000000c5d00000| Untracked 
| 606|0x00000000c5e00000, 0x00000000c5e00000, 0x00000000c5f00000|  0%| F|  |TAMS 0x00000000c5e00000, 0x00000000c5e00000| Untracked 
| 607|0x00000000c5f00000, 0x00000000c5f00000, 0x00000000c6000000|  0%| F|  |TAMS 0x00000000c5f00000, 0x00000000c5f00000| Untracked 
| 608|0x00000000c6000000, 0x00000000c6000000, 0x00000000c6100000|  0%| F|  |TAMS 0x00000000c6000000, 0x00000000c6000000| Untracked 
| 609|0x00000000c6100000, 0x00000000c6100000, 0x00000000c6200000|  0%| F|  |TAMS 0x00000000c6100000, 0x00000000c6100000| Untracked 
| 610|0x00000000c6200000, 0x00000000c6200000, 0x00000000c6300000|  0%| F|  |TAMS 0x00000000c6200000, 0x00000000c6200000| Untracked 
| 611|0x00000000c6300000, 0x00000000c6300000, 0x00000000c6400000|  0%| F|  |TAMS 0x00000000c6300000, 0x00000000c6300000| Untracked 
| 612|0x00000000c6400000, 0x00000000c6400000, 0x00000000c6500000|  0%| F|  |TAMS 0x00000000c6400000, 0x00000000c6400000| Untracked 
| 613|0x00000000c6500000, 0x00000000c6500000, 0x00000000c6600000|  0%| F|  |TAMS 0x00000000c6500000, 0x00000000c6500000| Untracked 
| 614|0x00000000c6600000, 0x00000000c6600000, 0x00000000c6700000|  0%| F|  |TAMS 0x00000000c6600000, 0x00000000c6600000| Untracked 
| 615|0x00000000c6700000, 0x00000000c6700000, 0x00000000c6800000|  0%| F|  |TAMS 0x00000000c6700000, 0x00000000c6700000| Untracked 
| 616|0x00000000c6800000, 0x00000000c6800000, 0x00000000c6900000|  0%| F|  |TAMS 0x00000000c6800000, 0x00000000c6800000| Untracked 
| 617|0x00000000c6900000, 0x00000000c6900000, 0x00000000c6a00000|  0%| F|  |TAMS 0x00000000c6900000, 0x00000000c6900000| Untracked 
| 618|0x00000000c6a00000, 0x00000000c6a00000, 0x00000000c6b00000|  0%| F|  |TAMS 0x00000000c6a00000, 0x00000000c6a00000| Untracked 
| 619|0x00000000c6b00000, 0x00000000c6b00000, 0x00000000c6c00000|  0%| F|  |TAMS 0x00000000c6b00000, 0x00000000c6b00000| Untracked 
| 620|0x00000000c6c00000, 0x00000000c6c00000, 0x00000000c6d00000|  0%| F|  |TAMS 0x00000000c6c00000, 0x00000000c6c00000| Untracked 
| 621|0x00000000c6d00000, 0x00000000c6d00000, 0x00000000c6e00000|  0%| F|  |TAMS 0x00000000c6d00000, 0x00000000c6d00000| Untracked 
| 622|0x00000000c6e00000, 0x00000000c6e00000, 0x00000000c6f00000|  0%| F|  |TAMS 0x00000000c6e00000, 0x00000000c6e00000| Untracked 
| 623|0x00000000c6f00000, 0x00000000c6f00000, 0x00000000c7000000|  0%| F|  |TAMS 0x00000000c6f00000, 0x00000000c6f00000| Untracked 
| 624|0x00000000c7000000, 0x00000000c7000000, 0x00000000c7100000|  0%| F|  |TAMS 0x00000000c7000000, 0x00000000c7000000| Untracked 
| 625|0x00000000c7100000, 0x00000000c7100000, 0x00000000c7200000|  0%| F|  |TAMS 0x00000000c7100000, 0x00000000c7100000| Untracked 
| 626|0x00000000c7200000, 0x00000000c7200000, 0x00000000c7300000|  0%| F|  |TAMS 0x00000000c7200000, 0x00000000c7200000| Untracked 
| 627|0x00000000c7300000, 0x00000000c7300000, 0x00000000c7400000|  0%| F|  |TAMS 0x00000000c7300000, 0x00000000c7300000| Untracked 
| 628|0x00000000c7400000, 0x00000000c7400000, 0x00000000c7500000|  0%| F|  |TAMS 0x00000000c7400000, 0x00000000c7400000| Untracked 
| 629|0x00000000c7500000, 0x00000000c7500000, 0x00000000c7600000|  0%| F|  |TAMS 0x00000000c7500000, 0x00000000c7500000| Untracked 
| 630|0x00000000c7600000, 0x00000000c7600000, 0x00000000c7700000|  0%| F|  |TAMS 0x00000000c7600000, 0x00000000c7600000| Untracked 
| 631|0x00000000c7700000, 0x00000000c7700000, 0x00000000c7800000|  0%| F|  |TAMS 0x00000000c7700000, 0x00000000c7700000| Untracked 
| 632|0x00000000c7800000, 0x00000000c7800000, 0x00000000c7900000|  0%| F|  |TAMS 0x00000000c7800000, 0x00000000c7800000| Untracked 
| 633|0x00000000c7900000, 0x00000000c7900000, 0x00000000c7a00000|  0%| F|  |TAMS 0x00000000c7900000, 0x00000000c7900000| Untracked 
| 634|0x00000000c7a00000, 0x00000000c7a00000, 0x00000000c7b00000|  0%| F|  |TAMS 0x00000000c7a00000, 0x00000000c7a00000| Untracked 
| 635|0x00000000c7b00000, 0x00000000c7b00000, 0x00000000c7c00000|  0%| F|  |TAMS 0x00000000c7b00000, 0x00000000c7b00000| Untracked 
| 636|0x00000000c7c00000, 0x00000000c7c00000, 0x00000000c7d00000|  0%| F|  |TAMS 0x00000000c7c00000, 0x00000000c7c00000| Untracked 
| 637|0x00000000c7d00000, 0x00000000c7d00000, 0x00000000c7e00000|  0%| F|  |TAMS 0x00000000c7d00000, 0x00000000c7d00000| Untracked 
| 638|0x00000000c7e00000, 0x00000000c7e00000, 0x00000000c7f00000|  0%| F|  |TAMS 0x00000000c7e00000, 0x00000000c7e00000| Untracked 
| 639|0x00000000c7f00000, 0x00000000c7f00000, 0x00000000c8000000|  0%| F|  |TAMS 0x00000000c7f00000, 0x00000000c7f00000| Untracked 
| 640|0x00000000c8000000, 0x00000000c8000000, 0x00000000c8100000|  0%| F|  |TAMS 0x00000000c8000000, 0x00000000c8000000| Untracked 
| 641|0x00000000c8100000, 0x00000000c8100000, 0x00000000c8200000|  0%| F|  |TAMS 0x00000000c8100000, 0x00000000c8100000| Untracked 
| 642|0x00000000c8200000, 0x00000000c8200000, 0x00000000c8300000|  0%| F|  |TAMS 0x00000000c8200000, 0x00000000c8200000| Untracked 
| 643|0x00000000c8300000, 0x00000000c8300000, 0x00000000c8400000|  0%| F|  |TAMS 0x00000000c8300000, 0x00000000c8300000| Untracked 
| 644|0x00000000c8400000, 0x00000000c8400000, 0x00000000c8500000|  0%| F|  |TAMS 0x00000000c8400000, 0x00000000c8400000| Untracked 
| 645|0x00000000c8500000, 0x00000000c8500000, 0x00000000c8600000|  0%| F|  |TAMS 0x00000000c8500000, 0x00000000c8500000| Untracked 
| 646|0x00000000c8600000, 0x00000000c8600000, 0x00000000c8700000|  0%| F|  |TAMS 0x00000000c8600000, 0x00000000c8600000| Untracked 
| 647|0x00000000c8700000, 0x00000000c8700000, 0x00000000c8800000|  0%| F|  |TAMS 0x00000000c8700000, 0x00000000c8700000| Untracked 
| 648|0x00000000c8800000, 0x00000000c8800000, 0x00000000c8900000|  0%| F|  |TAMS 0x00000000c8800000, 0x00000000c8800000| Untracked 
| 649|0x00000000c8900000, 0x00000000c8900000, 0x00000000c8a00000|  0%| F|  |TAMS 0x00000000c8900000, 0x00000000c8900000| Untracked 
| 650|0x00000000c8a00000, 0x00000000c8a00000, 0x00000000c8b00000|  0%| F|  |TAMS 0x00000000c8a00000, 0x00000000c8a00000| Untracked 
| 651|0x00000000c8b00000, 0x00000000c8b00000, 0x00000000c8c00000|  0%| F|  |TAMS 0x00000000c8b00000, 0x00000000c8b00000| Untracked 
| 652|0x00000000c8c00000, 0x00000000c8c00000, 0x00000000c8d00000|  0%| F|  |TAMS 0x00000000c8c00000, 0x00000000c8c00000| Untracked 
| 653|0x00000000c8d00000, 0x00000000c8d00000, 0x00000000c8e00000|  0%| F|  |TAMS 0x00000000c8d00000, 0x00000000c8d00000| Untracked 
| 654|0x00000000c8e00000, 0x00000000c8e00000, 0x00000000c8f00000|  0%| F|  |TAMS 0x00000000c8e00000, 0x00000000c8e00000| Untracked 
| 655|0x00000000c8f00000, 0x00000000c8f00000, 0x00000000c9000000|  0%| F|  |TAMS 0x00000000c8f00000, 0x00000000c8f00000| Untracked 
| 656|0x00000000c9000000, 0x00000000c9000000, 0x00000000c9100000|  0%| F|  |TAMS 0x00000000c9000000, 0x00000000c9000000| Untracked 
| 657|0x00000000c9100000, 0x00000000c9100000, 0x00000000c9200000|  0%| F|  |TAMS 0x00000000c9100000, 0x00000000c9100000| Untracked 
| 658|0x00000000c9200000, 0x00000000c9200000, 0x00000000c9300000|  0%| F|  |TAMS 0x00000000c9200000, 0x00000000c9200000| Untracked 
| 659|0x00000000c9300000, 0x00000000c9300000, 0x00000000c9400000|  0%| F|  |TAMS 0x00000000c9300000, 0x00000000c9300000| Untracked 
| 660|0x00000000c9400000, 0x00000000c9400000, 0x00000000c9500000|  0%| F|  |TAMS 0x00000000c9400000, 0x00000000c9400000| Untracked 
| 661|0x00000000c9500000, 0x00000000c9500000, 0x00000000c9600000|  0%| F|  |TAMS 0x00000000c9500000, 0x00000000c9500000| Untracked 
| 662|0x00000000c9600000, 0x00000000c9600000, 0x00000000c9700000|  0%| F|  |TAMS 0x00000000c9600000, 0x00000000c9600000| Untracked 
| 663|0x00000000c9700000, 0x00000000c9700000, 0x00000000c9800000|  0%| F|  |TAMS 0x00000000c9700000, 0x00000000c9700000| Untracked 
| 664|0x00000000c9800000, 0x00000000c9800000, 0x00000000c9900000|  0%| F|  |TAMS 0x00000000c9800000, 0x00000000c9800000| Untracked 
| 665|0x00000000c9900000, 0x00000000c9900000, 0x00000000c9a00000|  0%| F|  |TAMS 0x00000000c9900000, 0x00000000c9900000| Untracked 
| 666|0x00000000c9a00000, 0x00000000c9a00000, 0x00000000c9b00000|  0%| F|  |TAMS 0x00000000c9a00000, 0x00000000c9a00000| Untracked 
| 667|0x00000000c9b00000, 0x00000000c9b00000, 0x00000000c9c00000|  0%| F|  |TAMS 0x00000000c9b00000, 0x00000000c9b00000| Untracked 
| 668|0x00000000c9c00000, 0x00000000c9c00000, 0x00000000c9d00000|  0%| F|  |TAMS 0x00000000c9c00000, 0x00000000c9c00000| Untracked 
| 669|0x00000000c9d00000, 0x00000000c9d00000, 0x00000000c9e00000|  0%| F|  |TAMS 0x00000000c9d00000, 0x00000000c9d00000| Untracked 
| 670|0x00000000c9e00000, 0x00000000c9e00000, 0x00000000c9f00000|  0%| F|  |TAMS 0x00000000c9e00000, 0x00000000c9e00000| Untracked 
| 671|0x00000000c9f00000, 0x00000000c9f00000, 0x00000000ca000000|  0%| F|  |TAMS 0x00000000c9f00000, 0x00000000c9f00000| Untracked 
| 672|0x00000000ca000000, 0x00000000ca000000, 0x00000000ca100000|  0%| F|  |TAMS 0x00000000ca000000, 0x00000000ca000000| Untracked 
| 673|0x00000000ca100000, 0x00000000ca100000, 0x00000000ca200000|  0%| F|  |TAMS 0x00000000ca100000, 0x00000000ca100000| Untracked 
| 674|0x00000000ca200000, 0x00000000ca200000, 0x00000000ca300000|  0%| F|  |TAMS 0x00000000ca200000, 0x00000000ca200000| Untracked 
| 675|0x00000000ca300000, 0x00000000ca300000, 0x00000000ca400000|  0%| F|  |TAMS 0x00000000ca300000, 0x00000000ca300000| Untracked 
| 676|0x00000000ca400000, 0x00000000ca400000, 0x00000000ca500000|  0%| F|  |TAMS 0x00000000ca400000, 0x00000000ca400000| Untracked 
| 677|0x00000000ca500000, 0x00000000ca500000, 0x00000000ca600000|  0%| F|  |TAMS 0x00000000ca500000, 0x00000000ca500000| Untracked 
| 678|0x00000000ca600000, 0x00000000ca600000, 0x00000000ca700000|  0%| F|  |TAMS 0x00000000ca600000, 0x00000000ca600000| Untracked 
| 679|0x00000000ca700000, 0x00000000ca700000, 0x00000000ca800000|  0%| F|  |TAMS 0x00000000ca700000, 0x00000000ca700000| Untracked 
| 680|0x00000000ca800000, 0x00000000ca800000, 0x00000000ca900000|  0%| F|  |TAMS 0x00000000ca800000, 0x00000000ca800000| Untracked 
| 681|0x00000000ca900000, 0x00000000ca900000, 0x00000000caa00000|  0%| F|  |TAMS 0x00000000ca900000, 0x00000000ca900000| Untracked 
| 682|0x00000000caa00000, 0x00000000caa00000, 0x00000000cab00000|  0%| F|  |TAMS 0x00000000caa00000, 0x00000000caa00000| Untracked 
| 683|0x00000000cab00000, 0x00000000cab00000, 0x00000000cac00000|  0%| F|  |TAMS 0x00000000cab00000, 0x00000000cab00000| Untracked 
| 684|0x00000000cac00000, 0x00000000cac00000, 0x00000000cad00000|  0%| F|  |TAMS 0x00000000cac00000, 0x00000000cac00000| Untracked 
| 685|0x00000000cad00000, 0x00000000cad00000, 0x00000000cae00000|  0%| F|  |TAMS 0x00000000cad00000, 0x00000000cad00000| Untracked 
| 686|0x00000000cae00000, 0x00000000cae00000, 0x00000000caf00000|  0%| F|  |TAMS 0x00000000cae00000, 0x00000000cae00000| Untracked 
| 687|0x00000000caf00000, 0x00000000caf00000, 0x00000000cb000000|  0%| F|  |TAMS 0x00000000caf00000, 0x00000000caf00000| Untracked 
| 688|0x00000000cb000000, 0x00000000cb000000, 0x00000000cb100000|  0%| F|  |TAMS 0x00000000cb000000, 0x00000000cb000000| Untracked 
| 689|0x00000000cb100000, 0x00000000cb100000, 0x00000000cb200000|  0%| F|  |TAMS 0x00000000cb100000, 0x00000000cb100000| Untracked 
| 690|0x00000000cb200000, 0x00000000cb200000, 0x00000000cb300000|  0%| F|  |TAMS 0x00000000cb200000, 0x00000000cb200000| Untracked 
| 691|0x00000000cb300000, 0x00000000cb300000, 0x00000000cb400000|  0%| F|  |TAMS 0x00000000cb300000, 0x00000000cb300000| Untracked 
| 692|0x00000000cb400000, 0x00000000cb400000, 0x00000000cb500000|  0%| F|  |TAMS 0x00000000cb400000, 0x00000000cb400000| Untracked 
| 693|0x00000000cb500000, 0x00000000cb500000, 0x00000000cb600000|  0%| F|  |TAMS 0x00000000cb500000, 0x00000000cb500000| Untracked 
| 694|0x00000000cb600000, 0x00000000cb600000, 0x00000000cb700000|  0%| F|  |TAMS 0x00000000cb600000, 0x00000000cb600000| Untracked 
| 695|0x00000000cb700000, 0x00000000cb700000, 0x00000000cb800000|  0%| F|  |TAMS 0x00000000cb700000, 0x00000000cb700000| Untracked 
| 696|0x00000000cb800000, 0x00000000cb800000, 0x00000000cb900000|  0%| F|  |TAMS 0x00000000cb800000, 0x00000000cb800000| Untracked 
| 697|0x00000000cb900000, 0x00000000cb900000, 0x00000000cba00000|  0%| F|  |TAMS 0x00000000cb900000, 0x00000000cb900000| Untracked 
| 698|0x00000000cba00000, 0x00000000cba00000, 0x00000000cbb00000|  0%| F|  |TAMS 0x00000000cba00000, 0x00000000cba00000| Untracked 
| 699|0x00000000cbb00000, 0x00000000cbb00000, 0x00000000cbc00000|  0%| F|  |TAMS 0x00000000cbb00000, 0x00000000cbb00000| Untracked 
| 700|0x00000000cbc00000, 0x00000000cbc00000, 0x00000000cbd00000|  0%| F|  |TAMS 0x00000000cbc00000, 0x00000000cbc00000| Untracked 
| 701|0x00000000cbd00000, 0x00000000cbd00000, 0x00000000cbe00000|  0%| F|  |TAMS 0x00000000cbd00000, 0x00000000cbd00000| Untracked 
| 702|0x00000000cbe00000, 0x00000000cbe00000, 0x00000000cbf00000|  0%| F|  |TAMS 0x00000000cbe00000, 0x00000000cbe00000| Untracked 
| 703|0x00000000cbf00000, 0x00000000cbf00000, 0x00000000cc000000|  0%| F|  |TAMS 0x00000000cbf00000, 0x00000000cbf00000| Untracked 
| 704|0x00000000cc000000, 0x00000000cc000000, 0x00000000cc100000|  0%| F|  |TAMS 0x00000000cc000000, 0x00000000cc000000| Untracked 
| 705|0x00000000cc100000, 0x00000000cc100000, 0x00000000cc200000|  0%| F|  |TAMS 0x00000000cc100000, 0x00000000cc100000| Untracked 
| 706|0x00000000cc200000, 0x00000000cc200000, 0x00000000cc300000|  0%| F|  |TAMS 0x00000000cc200000, 0x00000000cc200000| Untracked 
| 707|0x00000000cc300000, 0x00000000cc300000, 0x00000000cc400000|  0%| F|  |TAMS 0x00000000cc300000, 0x00000000cc300000| Untracked 
| 708|0x00000000cc400000, 0x00000000cc400000, 0x00000000cc500000|  0%| F|  |TAMS 0x00000000cc400000, 0x00000000cc400000| Untracked 
| 709|0x00000000cc500000, 0x00000000cc500000, 0x00000000cc600000|  0%| F|  |TAMS 0x00000000cc500000, 0x00000000cc500000| Untracked 
| 710|0x00000000cc600000, 0x00000000cc600000, 0x00000000cc700000|  0%| F|  |TAMS 0x00000000cc600000, 0x00000000cc600000| Untracked 
| 711|0x00000000cc700000, 0x00000000cc700000, 0x00000000cc800000|  0%| F|  |TAMS 0x00000000cc700000, 0x00000000cc700000| Untracked 
| 712|0x00000000cc800000, 0x00000000cc800000, 0x00000000cc900000|  0%| F|  |TAMS 0x00000000cc800000, 0x00000000cc800000| Untracked 
| 713|0x00000000cc900000, 0x00000000cc900000, 0x00000000cca00000|  0%| F|  |TAMS 0x00000000cc900000, 0x00000000cc900000| Untracked 
| 714|0x00000000cca00000, 0x00000000cca00000, 0x00000000ccb00000|  0%| F|  |TAMS 0x00000000cca00000, 0x00000000cca00000| Untracked 
| 715|0x00000000ccb00000, 0x00000000ccb00000, 0x00000000ccc00000|  0%| F|  |TAMS 0x00000000ccb00000, 0x00000000ccb00000| Untracked 
| 716|0x00000000ccc00000, 0x00000000ccc00000, 0x00000000ccd00000|  0%| F|  |TAMS 0x00000000ccc00000, 0x00000000ccc00000| Untracked 
| 717|0x00000000ccd00000, 0x00000000ccd00000, 0x00000000cce00000|  0%| F|  |TAMS 0x00000000ccd00000, 0x00000000ccd00000| Untracked 
| 718|0x00000000cce00000, 0x00000000cce00000, 0x00000000ccf00000|  0%| F|  |TAMS 0x00000000cce00000, 0x00000000cce00000| Untracked 
| 719|0x00000000ccf00000, 0x00000000ccf00000, 0x00000000cd000000|  0%| F|  |TAMS 0x00000000ccf00000, 0x00000000ccf00000| Untracked 
| 720|0x00000000cd000000, 0x00000000cd000000, 0x00000000cd100000|  0%| F|  |TAMS 0x00000000cd000000, 0x00000000cd000000| Untracked 
| 721|0x00000000cd100000, 0x00000000cd100000, 0x00000000cd200000|  0%| F|  |TAMS 0x00000000cd100000, 0x00000000cd100000| Untracked 
| 722|0x00000000cd200000, 0x00000000cd200000, 0x00000000cd300000|  0%| F|  |TAMS 0x00000000cd200000, 0x00000000cd200000| Untracked 
| 723|0x00000000cd300000, 0x00000000cd300000, 0x00000000cd400000|  0%| F|  |TAMS 0x00000000cd300000, 0x00000000cd300000| Untracked 
| 724|0x00000000cd400000, 0x00000000cd400000, 0x00000000cd500000|  0%| F|  |TAMS 0x00000000cd400000, 0x00000000cd400000| Untracked 
| 725|0x00000000cd500000, 0x00000000cd500000, 0x00000000cd600000|  0%| F|  |TAMS 0x00000000cd500000, 0x00000000cd500000| Untracked 
| 726|0x00000000cd600000, 0x00000000cd600000, 0x00000000cd700000|  0%| F|  |TAMS 0x00000000cd600000, 0x00000000cd600000| Untracked 
| 727|0x00000000cd700000, 0x00000000cd700000, 0x00000000cd800000|  0%| F|  |TAMS 0x00000000cd700000, 0x00000000cd700000| Untracked 
| 728|0x00000000cd800000, 0x00000000cd800000, 0x00000000cd900000|  0%| F|  |TAMS 0x00000000cd800000, 0x00000000cd800000| Untracked 
| 729|0x00000000cd900000, 0x00000000cd900000, 0x00000000cda00000|  0%| F|  |TAMS 0x00000000cd900000, 0x00000000cd900000| Untracked 
| 730|0x00000000cda00000, 0x00000000cda00000, 0x00000000cdb00000|  0%| F|  |TAMS 0x00000000cda00000, 0x00000000cda00000| Untracked 
| 731|0x00000000cdb00000, 0x00000000cdb00000, 0x00000000cdc00000|  0%| F|  |TAMS 0x00000000cdb00000, 0x00000000cdb00000| Untracked 
| 732|0x00000000cdc00000, 0x00000000cdc00000, 0x00000000cdd00000|  0%| F|  |TAMS 0x00000000cdc00000, 0x00000000cdc00000| Untracked 
| 733|0x00000000cdd00000, 0x00000000cdd00000, 0x00000000cde00000|  0%| F|  |TAMS 0x00000000cdd00000, 0x00000000cdd00000| Untracked 
| 734|0x00000000cde00000, 0x00000000cde00000, 0x00000000cdf00000|  0%| F|  |TAMS 0x00000000cde00000, 0x00000000cde00000| Untracked 
| 735|0x00000000cdf00000, 0x00000000cdf00000, 0x00000000ce000000|  0%| F|  |TAMS 0x00000000cdf00000, 0x00000000cdf00000| Untracked 
| 736|0x00000000ce000000, 0x00000000ce000000, 0x00000000ce100000|  0%| F|  |TAMS 0x00000000ce000000, 0x00000000ce000000| Untracked 
| 737|0x00000000ce100000, 0x00000000ce100000, 0x00000000ce200000|  0%| F|  |TAMS 0x00000000ce100000, 0x00000000ce100000| Untracked 
| 738|0x00000000ce200000, 0x00000000ce200000, 0x00000000ce300000|  0%| F|  |TAMS 0x00000000ce200000, 0x00000000ce200000| Untracked 
| 739|0x00000000ce300000, 0x00000000ce300000, 0x00000000ce400000|  0%| F|  |TAMS 0x00000000ce300000, 0x00000000ce300000| Untracked 
| 740|0x00000000ce400000, 0x00000000ce400000, 0x00000000ce500000|  0%| F|  |TAMS 0x00000000ce400000, 0x00000000ce400000| Untracked 
| 741|0x00000000ce500000, 0x00000000ce500000, 0x00000000ce600000|  0%| F|  |TAMS 0x00000000ce500000, 0x00000000ce500000| Untracked 
| 742|0x00000000ce600000, 0x00000000ce600000, 0x00000000ce700000|  0%| F|  |TAMS 0x00000000ce600000, 0x00000000ce600000| Untracked 
| 743|0x00000000ce700000, 0x00000000ce700000, 0x00000000ce800000|  0%| F|  |TAMS 0x00000000ce700000, 0x00000000ce700000| Untracked 
| 744|0x00000000ce800000, 0x00000000ce800000, 0x00000000ce900000|  0%| F|  |TAMS 0x00000000ce800000, 0x00000000ce800000| Untracked 
| 745|0x00000000ce900000, 0x00000000ce900000, 0x00000000cea00000|  0%| F|  |TAMS 0x00000000ce900000, 0x00000000ce900000| Untracked 
| 746|0x00000000cea00000, 0x00000000cea00000, 0x00000000ceb00000|  0%| F|  |TAMS 0x00000000cea00000, 0x00000000cea00000| Untracked 
| 747|0x00000000ceb00000, 0x00000000ceb00000, 0x00000000cec00000|  0%| F|  |TAMS 0x00000000ceb00000, 0x00000000ceb00000| Untracked 
| 748|0x00000000cec00000, 0x00000000cec00000, 0x00000000ced00000|  0%| F|  |TAMS 0x00000000cec00000, 0x00000000cec00000| Untracked 
| 749|0x00000000ced00000, 0x00000000ced00000, 0x00000000cee00000|  0%| F|  |TAMS 0x00000000ced00000, 0x00000000ced00000| Untracked 
| 750|0x00000000cee00000, 0x00000000cee00000, 0x00000000cef00000|  0%| F|  |TAMS 0x00000000cee00000, 0x00000000cee00000| Untracked 
| 751|0x00000000cef00000, 0x00000000cef00000, 0x00000000cf000000|  0%| F|  |TAMS 0x00000000cef00000, 0x00000000cef00000| Untracked 
| 752|0x00000000cf000000, 0x00000000cf000000, 0x00000000cf100000|  0%| F|  |TAMS 0x00000000cf000000, 0x00000000cf000000| Untracked 
| 753|0x00000000cf100000, 0x00000000cf100000, 0x00000000cf200000|  0%| F|  |TAMS 0x00000000cf100000, 0x00000000cf100000| Untracked 
| 754|0x00000000cf200000, 0x00000000cf200000, 0x00000000cf300000|  0%| F|  |TAMS 0x00000000cf200000, 0x00000000cf200000| Untracked 
| 755|0x00000000cf300000, 0x00000000cf300000, 0x00000000cf400000|  0%| F|  |TAMS 0x00000000cf300000, 0x00000000cf300000| Untracked 
| 756|0x00000000cf400000, 0x00000000cf400000, 0x00000000cf500000|  0%| F|  |TAMS 0x00000000cf400000, 0x00000000cf400000| Untracked 
| 757|0x00000000cf500000, 0x00000000cf500000, 0x00000000cf600000|  0%| F|  |TAMS 0x00000000cf500000, 0x00000000cf500000| Untracked 
| 758|0x00000000cf600000, 0x00000000cf600000, 0x00000000cf700000|  0%| F|  |TAMS 0x00000000cf600000, 0x00000000cf600000| Untracked 
| 759|0x00000000cf700000, 0x00000000cf700000, 0x00000000cf800000|  0%| F|  |TAMS 0x00000000cf700000, 0x00000000cf700000| Untracked 
| 760|0x00000000cf800000, 0x00000000cf800000, 0x00000000cf900000|  0%| F|  |TAMS 0x00000000cf800000, 0x00000000cf800000| Untracked 
| 761|0x00000000cf900000, 0x00000000cf900000, 0x00000000cfa00000|  0%| F|  |TAMS 0x00000000cf900000, 0x00000000cf900000| Untracked 
| 762|0x00000000cfa00000, 0x00000000cfa00000, 0x00000000cfb00000|  0%| F|  |TAMS 0x00000000cfa00000, 0x00000000cfa00000| Untracked 
| 763|0x00000000cfb00000, 0x00000000cfb00000, 0x00000000cfc00000|  0%| F|  |TAMS 0x00000000cfb00000, 0x00000000cfb00000| Untracked 
| 764|0x00000000cfc00000, 0x00000000cfc00000, 0x00000000cfd00000|  0%| F|  |TAMS 0x00000000cfc00000, 0x00000000cfc00000| Untracked 
| 765|0x00000000cfd00000, 0x00000000cfd00000, 0x00000000cfe00000|  0%| F|  |TAMS 0x00000000cfd00000, 0x00000000cfd00000| Untracked 
| 766|0x00000000cfe00000, 0x00000000cfe00000, 0x00000000cff00000|  0%| F|  |TAMS 0x00000000cfe00000, 0x00000000cfe00000| Untracked 
| 767|0x00000000cff00000, 0x00000000cff00000, 0x00000000d0000000|  0%| F|  |TAMS 0x00000000cff00000, 0x00000000cff00000| Untracked 
| 768|0x00000000d0000000, 0x00000000d0000000, 0x00000000d0100000|  0%| F|  |TAMS 0x00000000d0000000, 0x00000000d0000000| Untracked 
| 769|0x00000000d0100000, 0x00000000d0100000, 0x00000000d0200000|  0%| F|  |TAMS 0x00000000d0100000, 0x00000000d0100000| Untracked 
| 770|0x00000000d0200000, 0x00000000d0200000, 0x00000000d0300000|  0%| F|  |TAMS 0x00000000d0200000, 0x00000000d0200000| Untracked 
| 771|0x00000000d0300000, 0x00000000d0300000, 0x00000000d0400000|  0%| F|  |TAMS 0x00000000d0300000, 0x00000000d0300000| Untracked 
| 772|0x00000000d0400000, 0x00000000d0400000, 0x00000000d0500000|  0%| F|  |TAMS 0x00000000d0400000, 0x00000000d0400000| Untracked 
| 773|0x00000000d0500000, 0x00000000d0500000, 0x00000000d0600000|  0%| F|  |TAMS 0x00000000d0500000, 0x00000000d0500000| Untracked 
| 774|0x00000000d0600000, 0x00000000d0600000, 0x00000000d0700000|  0%| F|  |TAMS 0x00000000d0600000, 0x00000000d0600000| Untracked 
| 775|0x00000000d0700000, 0x00000000d0700000, 0x00000000d0800000|  0%| F|  |TAMS 0x00000000d0700000, 0x00000000d0700000| Untracked 
| 776|0x00000000d0800000, 0x00000000d0800000, 0x00000000d0900000|  0%| F|  |TAMS 0x00000000d0800000, 0x00000000d0800000| Untracked 
| 777|0x00000000d0900000, 0x00000000d0900000, 0x00000000d0a00000|  0%| F|  |TAMS 0x00000000d0900000, 0x00000000d0900000| Untracked 
| 778|0x00000000d0a00000, 0x00000000d0a00000, 0x00000000d0b00000|  0%| F|  |TAMS 0x00000000d0a00000, 0x00000000d0a00000| Untracked 
| 779|0x00000000d0b00000, 0x00000000d0b00000, 0x00000000d0c00000|  0%| F|  |TAMS 0x00000000d0b00000, 0x00000000d0b00000| Untracked 
| 780|0x00000000d0c00000, 0x00000000d0c00000, 0x00000000d0d00000|  0%| F|  |TAMS 0x00000000d0c00000, 0x00000000d0c00000| Untracked 
| 781|0x00000000d0d00000, 0x00000000d0d00000, 0x00000000d0e00000|  0%| F|  |TAMS 0x00000000d0d00000, 0x00000000d0d00000| Untracked 
| 782|0x00000000d0e00000, 0x00000000d0e00000, 0x00000000d0f00000|  0%| F|  |TAMS 0x00000000d0e00000, 0x00000000d0e00000| Untracked 
| 783|0x00000000d0f00000, 0x00000000d0f00000, 0x00000000d1000000|  0%| F|  |TAMS 0x00000000d0f00000, 0x00000000d0f00000| Untracked 
| 784|0x00000000d1000000, 0x00000000d1000000, 0x00000000d1100000|  0%| F|  |TAMS 0x00000000d1000000, 0x00000000d1000000| Untracked 
| 785|0x00000000d1100000, 0x00000000d1100000, 0x00000000d1200000|  0%| F|  |TAMS 0x00000000d1100000, 0x00000000d1100000| Untracked 
| 786|0x00000000d1200000, 0x00000000d1200000, 0x00000000d1300000|  0%| F|  |TAMS 0x00000000d1200000, 0x00000000d1200000| Untracked 
| 787|0x00000000d1300000, 0x00000000d1300000, 0x00000000d1400000|  0%| F|  |TAMS 0x00000000d1300000, 0x00000000d1300000| Untracked 
| 788|0x00000000d1400000, 0x00000000d1400000, 0x00000000d1500000|  0%| F|  |TAMS 0x00000000d1400000, 0x00000000d1400000| Untracked 
| 789|0x00000000d1500000, 0x00000000d1500000, 0x00000000d1600000|  0%| F|  |TAMS 0x00000000d1500000, 0x00000000d1500000| Untracked 
| 790|0x00000000d1600000, 0x00000000d1600000, 0x00000000d1700000|  0%| F|  |TAMS 0x00000000d1600000, 0x00000000d1600000| Untracked 
| 791|0x00000000d1700000, 0x00000000d1700000, 0x00000000d1800000|  0%| F|  |TAMS 0x00000000d1700000, 0x00000000d1700000| Untracked 
| 792|0x00000000d1800000, 0x00000000d1800000, 0x00000000d1900000|  0%| F|  |TAMS 0x00000000d1800000, 0x00000000d1800000| Untracked 
| 793|0x00000000d1900000, 0x00000000d1900000, 0x00000000d1a00000|  0%| F|  |TAMS 0x00000000d1900000, 0x00000000d1900000| Untracked 
| 794|0x00000000d1a00000, 0x00000000d1a00000, 0x00000000d1b00000|  0%| F|  |TAMS 0x00000000d1a00000, 0x00000000d1a00000| Untracked 
| 795|0x00000000d1b00000, 0x00000000d1b00000, 0x00000000d1c00000|  0%| F|  |TAMS 0x00000000d1b00000, 0x00000000d1b00000| Untracked 
| 796|0x00000000d1c00000, 0x00000000d1c00000, 0x00000000d1d00000|  0%| F|  |TAMS 0x00000000d1c00000, 0x00000000d1c00000| Untracked 
| 797|0x00000000d1d00000, 0x00000000d1d00000, 0x00000000d1e00000|  0%| F|  |TAMS 0x00000000d1d00000, 0x00000000d1d00000| Untracked 
| 798|0x00000000d1e00000, 0x00000000d1e00000, 0x00000000d1f00000|  0%| F|  |TAMS 0x00000000d1e00000, 0x00000000d1e00000| Untracked 
| 799|0x00000000d1f00000, 0x00000000d1f00000, 0x00000000d2000000|  0%| F|  |TAMS 0x00000000d1f00000, 0x00000000d1f00000| Untracked 
| 800|0x00000000d2000000, 0x00000000d2000000, 0x00000000d2100000|  0%| F|  |TAMS 0x00000000d2000000, 0x00000000d2000000| Untracked 
| 801|0x00000000d2100000, 0x00000000d2100000, 0x00000000d2200000|  0%| F|  |TAMS 0x00000000d2100000, 0x00000000d2100000| Untracked 
| 802|0x00000000d2200000, 0x00000000d2200000, 0x00000000d2300000|  0%| F|  |TAMS 0x00000000d2200000, 0x00000000d2200000| Untracked 
| 803|0x00000000d2300000, 0x00000000d2300000, 0x00000000d2400000|  0%| F|  |TAMS 0x00000000d2300000, 0x00000000d2300000| Untracked 
| 804|0x00000000d2400000, 0x00000000d2400000, 0x00000000d2500000|  0%| F|  |TAMS 0x00000000d2400000, 0x00000000d2400000| Untracked 
| 805|0x00000000d2500000, 0x00000000d2500000, 0x00000000d2600000|  0%| F|  |TAMS 0x00000000d2500000, 0x00000000d2500000| Untracked 
| 806|0x00000000d2600000, 0x00000000d2600000, 0x00000000d2700000|  0%| F|  |TAMS 0x00000000d2600000, 0x00000000d2600000| Untracked 
| 807|0x00000000d2700000, 0x00000000d2700000, 0x00000000d2800000|  0%| F|  |TAMS 0x00000000d2700000, 0x00000000d2700000| Untracked 
| 808|0x00000000d2800000, 0x00000000d2800000, 0x00000000d2900000|  0%| F|  |TAMS 0x00000000d2800000, 0x00000000d2800000| Untracked 
| 809|0x00000000d2900000, 0x00000000d2900000, 0x00000000d2a00000|  0%| F|  |TAMS 0x00000000d2900000, 0x00000000d2900000| Untracked 
| 810|0x00000000d2a00000, 0x00000000d2a00000, 0x00000000d2b00000|  0%| F|  |TAMS 0x00000000d2a00000, 0x00000000d2a00000| Untracked 
| 811|0x00000000d2b00000, 0x00000000d2b00000, 0x00000000d2c00000|  0%| F|  |TAMS 0x00000000d2b00000, 0x00000000d2b00000| Untracked 
| 812|0x00000000d2c00000, 0x00000000d2c00000, 0x00000000d2d00000|  0%| F|  |TAMS 0x00000000d2c00000, 0x00000000d2c00000| Untracked 
| 813|0x00000000d2d00000, 0x00000000d2d00000, 0x00000000d2e00000|  0%| F|  |TAMS 0x00000000d2d00000, 0x00000000d2d00000| Untracked 
| 814|0x00000000d2e00000, 0x00000000d2e00000, 0x00000000d2f00000|  0%| F|  |TAMS 0x00000000d2e00000, 0x00000000d2e00000| Untracked 
| 815|0x00000000d2f00000, 0x00000000d2f00000, 0x00000000d3000000|  0%| F|  |TAMS 0x00000000d2f00000, 0x00000000d2f00000| Untracked 
| 816|0x00000000d3000000, 0x00000000d3000000, 0x00000000d3100000|  0%| F|  |TAMS 0x00000000d3000000, 0x00000000d3000000| Untracked 
| 817|0x00000000d3100000, 0x00000000d3100000, 0x00000000d3200000|  0%| F|  |TAMS 0x00000000d3100000, 0x00000000d3100000| Untracked 
| 818|0x00000000d3200000, 0x00000000d3200000, 0x00000000d3300000|  0%| F|  |TAMS 0x00000000d3200000, 0x00000000d3200000| Untracked 
| 819|0x00000000d3300000, 0x00000000d3300000, 0x00000000d3400000|  0%| F|  |TAMS 0x00000000d3300000, 0x00000000d3300000| Untracked 
| 820|0x00000000d3400000, 0x00000000d3400000, 0x00000000d3500000|  0%| F|  |TAMS 0x00000000d3400000, 0x00000000d3400000| Untracked 
| 821|0x00000000d3500000, 0x00000000d3500000, 0x00000000d3600000|  0%| F|  |TAMS 0x00000000d3500000, 0x00000000d3500000| Untracked 
| 822|0x00000000d3600000, 0x00000000d3600000, 0x00000000d3700000|  0%| F|  |TAMS 0x00000000d3600000, 0x00000000d3600000| Untracked 
| 823|0x00000000d3700000, 0x00000000d3700000, 0x00000000d3800000|  0%| F|  |TAMS 0x00000000d3700000, 0x00000000d3700000| Untracked 
| 824|0x00000000d3800000, 0x00000000d3800000, 0x00000000d3900000|  0%| F|  |TAMS 0x00000000d3800000, 0x00000000d3800000| Untracked 
| 825|0x00000000d3900000, 0x00000000d3900000, 0x00000000d3a00000|  0%| F|  |TAMS 0x00000000d3900000, 0x00000000d3900000| Untracked 
| 826|0x00000000d3a00000, 0x00000000d3a00000, 0x00000000d3b00000|  0%| F|  |TAMS 0x00000000d3a00000, 0x00000000d3a00000| Untracked 
| 827|0x00000000d3b00000, 0x00000000d3b00000, 0x00000000d3c00000|  0%| F|  |TAMS 0x00000000d3b00000, 0x00000000d3b00000| Untracked 
| 828|0x00000000d3c00000, 0x00000000d3c00000, 0x00000000d3d00000|  0%| F|  |TAMS 0x00000000d3c00000, 0x00000000d3c00000| Untracked 
| 829|0x00000000d3d00000, 0x00000000d3d00000, 0x00000000d3e00000|  0%| F|  |TAMS 0x00000000d3d00000, 0x00000000d3d00000| Untracked 
| 830|0x00000000d3e00000, 0x00000000d3e00000, 0x00000000d3f00000|  0%| F|  |TAMS 0x00000000d3e00000, 0x00000000d3e00000| Untracked 
| 831|0x00000000d3f00000, 0x00000000d3f00000, 0x00000000d4000000|  0%| F|  |TAMS 0x00000000d3f00000, 0x00000000d3f00000| Untracked 
| 832|0x00000000d4000000, 0x00000000d4000000, 0x00000000d4100000|  0%| F|  |TAMS 0x00000000d4000000, 0x00000000d4000000| Untracked 
| 833|0x00000000d4100000, 0x00000000d4100000, 0x00000000d4200000|  0%| F|  |TAMS 0x00000000d4100000, 0x00000000d4100000| Untracked 
| 834|0x00000000d4200000, 0x00000000d4200000, 0x00000000d4300000|  0%| F|  |TAMS 0x00000000d4200000, 0x00000000d4200000| Untracked 
| 835|0x00000000d4300000, 0x00000000d4300000, 0x00000000d4400000|  0%| F|  |TAMS 0x00000000d4300000, 0x00000000d4300000| Untracked 
| 836|0x00000000d4400000, 0x00000000d4400000, 0x00000000d4500000|  0%| F|  |TAMS 0x00000000d4400000, 0x00000000d4400000| Untracked 
| 837|0x00000000d4500000, 0x00000000d4500000, 0x00000000d4600000|  0%| F|  |TAMS 0x00000000d4500000, 0x00000000d4500000| Untracked 
| 838|0x00000000d4600000, 0x00000000d4600000, 0x00000000d4700000|  0%| F|  |TAMS 0x00000000d4600000, 0x00000000d4600000| Untracked 
| 839|0x00000000d4700000, 0x00000000d4700000, 0x00000000d4800000|  0%| F|  |TAMS 0x00000000d4700000, 0x00000000d4700000| Untracked 
| 840|0x00000000d4800000, 0x00000000d4800000, 0x00000000d4900000|  0%| F|  |TAMS 0x00000000d4800000, 0x00000000d4800000| Untracked 
| 841|0x00000000d4900000, 0x00000000d4900000, 0x00000000d4a00000|  0%| F|  |TAMS 0x00000000d4900000, 0x00000000d4900000| Untracked 
| 842|0x00000000d4a00000, 0x00000000d4a00000, 0x00000000d4b00000|  0%| F|  |TAMS 0x00000000d4a00000, 0x00000000d4a00000| Untracked 
| 843|0x00000000d4b00000, 0x00000000d4b00000, 0x00000000d4c00000|  0%| F|  |TAMS 0x00000000d4b00000, 0x00000000d4b00000| Untracked 
| 844|0x00000000d4c00000, 0x00000000d4c00000, 0x00000000d4d00000|  0%| F|  |TAMS 0x00000000d4c00000, 0x00000000d4c00000| Untracked 
| 845|0x00000000d4d00000, 0x00000000d4d00000, 0x00000000d4e00000|  0%| F|  |TAMS 0x00000000d4d00000, 0x00000000d4d00000| Untracked 
| 846|0x00000000d4e00000, 0x00000000d4e00000, 0x00000000d4f00000|  0%| F|  |TAMS 0x00000000d4e00000, 0x00000000d4e00000| Untracked 
| 847|0x00000000d4f00000, 0x00000000d4f00000, 0x00000000d5000000|  0%| F|  |TAMS 0x00000000d4f00000, 0x00000000d4f00000| Untracked 
| 848|0x00000000d5000000, 0x00000000d5000000, 0x00000000d5100000|  0%| F|  |TAMS 0x00000000d5000000, 0x00000000d5000000| Untracked 
| 849|0x00000000d5100000, 0x00000000d5100000, 0x00000000d5200000|  0%| F|  |TAMS 0x00000000d5100000, 0x00000000d5100000| Untracked 
| 850|0x00000000d5200000, 0x00000000d5200000, 0x00000000d5300000|  0%| F|  |TAMS 0x00000000d5200000, 0x00000000d5200000| Untracked 
| 851|0x00000000d5300000, 0x00000000d5300000, 0x00000000d5400000|  0%| F|  |TAMS 0x00000000d5300000, 0x00000000d5300000| Untracked 
| 852|0x00000000d5400000, 0x00000000d5400000, 0x00000000d5500000|  0%| F|  |TAMS 0x00000000d5400000, 0x00000000d5400000| Untracked 
| 853|0x00000000d5500000, 0x00000000d5500000, 0x00000000d5600000|  0%| F|  |TAMS 0x00000000d5500000, 0x00000000d5500000| Untracked 
| 854|0x00000000d5600000, 0x00000000d5600000, 0x00000000d5700000|  0%| F|  |TAMS 0x00000000d5600000, 0x00000000d5600000| Untracked 
| 855|0x00000000d5700000, 0x00000000d5700000, 0x00000000d5800000|  0%| F|  |TAMS 0x00000000d5700000, 0x00000000d5700000| Untracked 
| 856|0x00000000d5800000, 0x00000000d5800000, 0x00000000d5900000|  0%| F|  |TAMS 0x00000000d5800000, 0x00000000d5800000| Untracked 
| 857|0x00000000d5900000, 0x00000000d5900000, 0x00000000d5a00000|  0%| F|  |TAMS 0x00000000d5900000, 0x00000000d5900000| Untracked 
| 858|0x00000000d5a00000, 0x00000000d5a00000, 0x00000000d5b00000|  0%| F|  |TAMS 0x00000000d5a00000, 0x00000000d5a00000| Untracked 
| 859|0x00000000d5b00000, 0x00000000d5b00000, 0x00000000d5c00000|  0%| F|  |TAMS 0x00000000d5b00000, 0x00000000d5b00000| Untracked 
| 860|0x00000000d5c00000, 0x00000000d5c00000, 0x00000000d5d00000|  0%| F|  |TAMS 0x00000000d5c00000, 0x00000000d5c00000| Untracked 
| 861|0x00000000d5d00000, 0x00000000d5d00000, 0x00000000d5e00000|  0%| F|  |TAMS 0x00000000d5d00000, 0x00000000d5d00000| Untracked 
| 862|0x00000000d5e00000, 0x00000000d5e00000, 0x00000000d5f00000|  0%| F|  |TAMS 0x00000000d5e00000, 0x00000000d5e00000| Untracked 
| 863|0x00000000d5f00000, 0x00000000d5f00000, 0x00000000d6000000|  0%| F|  |TAMS 0x00000000d5f00000, 0x00000000d5f00000| Untracked 
| 864|0x00000000d6000000, 0x00000000d6000000, 0x00000000d6100000|  0%| F|  |TAMS 0x00000000d6000000, 0x00000000d6000000| Untracked 
| 865|0x00000000d6100000, 0x00000000d6100000, 0x00000000d6200000|  0%| F|  |TAMS 0x00000000d6100000, 0x00000000d6100000| Untracked 
| 866|0x00000000d6200000, 0x00000000d6200000, 0x00000000d6300000|  0%| F|  |TAMS 0x00000000d6200000, 0x00000000d6200000| Untracked 
| 867|0x00000000d6300000, 0x00000000d6300000, 0x00000000d6400000|  0%| F|  |TAMS 0x00000000d6300000, 0x00000000d6300000| Untracked 
| 868|0x00000000d6400000, 0x00000000d6400000, 0x00000000d6500000|  0%| F|  |TAMS 0x00000000d6400000, 0x00000000d6400000| Untracked 
| 869|0x00000000d6500000, 0x00000000d6500000, 0x00000000d6600000|  0%| F|  |TAMS 0x00000000d6500000, 0x00000000d6500000| Untracked 
| 870|0x00000000d6600000, 0x00000000d6600000, 0x00000000d6700000|  0%| F|  |TAMS 0x00000000d6600000, 0x00000000d6600000| Untracked 
| 871|0x00000000d6700000, 0x00000000d6700000, 0x00000000d6800000|  0%| F|  |TAMS 0x00000000d6700000, 0x00000000d6700000| Untracked 
| 872|0x00000000d6800000, 0x00000000d6800000, 0x00000000d6900000|  0%| F|  |TAMS 0x00000000d6800000, 0x00000000d6800000| Untracked 
| 873|0x00000000d6900000, 0x00000000d6900000, 0x00000000d6a00000|  0%| F|  |TAMS 0x00000000d6900000, 0x00000000d6900000| Untracked 
| 874|0x00000000d6a00000, 0x00000000d6a00000, 0x00000000d6b00000|  0%| F|  |TAMS 0x00000000d6a00000, 0x00000000d6a00000| Untracked 
| 875|0x00000000d6b00000, 0x00000000d6b00000, 0x00000000d6c00000|  0%| F|  |TAMS 0x00000000d6b00000, 0x00000000d6b00000| Untracked 
| 876|0x00000000d6c00000, 0x00000000d6c00000, 0x00000000d6d00000|  0%| F|  |TAMS 0x00000000d6c00000, 0x00000000d6c00000| Untracked 
| 877|0x00000000d6d00000, 0x00000000d6d00000, 0x00000000d6e00000|  0%| F|  |TAMS 0x00000000d6d00000, 0x00000000d6d00000| Untracked 
| 878|0x00000000d6e00000, 0x00000000d6e00000, 0x00000000d6f00000|  0%| F|  |TAMS 0x00000000d6e00000, 0x00000000d6e00000| Untracked 
| 879|0x00000000d6f00000, 0x00000000d6f00000, 0x00000000d7000000|  0%| F|  |TAMS 0x00000000d6f00000, 0x00000000d6f00000| Untracked 
| 880|0x00000000d7000000, 0x00000000d7000000, 0x00000000d7100000|  0%| F|  |TAMS 0x00000000d7000000, 0x00000000d7000000| Untracked 
| 881|0x00000000d7100000, 0x00000000d7100000, 0x00000000d7200000|  0%| F|  |TAMS 0x00000000d7100000, 0x00000000d7100000| Untracked 
| 882|0x00000000d7200000, 0x00000000d7200000, 0x00000000d7300000|  0%| F|  |TAMS 0x00000000d7200000, 0x00000000d7200000| Untracked 
| 883|0x00000000d7300000, 0x00000000d7300000, 0x00000000d7400000|  0%| F|  |TAMS 0x00000000d7300000, 0x00000000d7300000| Untracked 
| 884|0x00000000d7400000, 0x00000000d7400000, 0x00000000d7500000|  0%| F|  |TAMS 0x00000000d7400000, 0x00000000d7400000| Untracked 
| 885|0x00000000d7500000, 0x00000000d7500000, 0x00000000d7600000|  0%| F|  |TAMS 0x00000000d7500000, 0x00000000d7500000| Untracked 
| 886|0x00000000d7600000, 0x00000000d7600000, 0x00000000d7700000|  0%| F|  |TAMS 0x00000000d7600000, 0x00000000d7600000| Untracked 
| 887|0x00000000d7700000, 0x00000000d7700000, 0x00000000d7800000|  0%| F|  |TAMS 0x00000000d7700000, 0x00000000d7700000| Untracked 
| 888|0x00000000d7800000, 0x00000000d7800000, 0x00000000d7900000|  0%| F|  |TAMS 0x00000000d7800000, 0x00000000d7800000| Untracked 
| 889|0x00000000d7900000, 0x00000000d7900000, 0x00000000d7a00000|  0%| F|  |TAMS 0x00000000d7900000, 0x00000000d7900000| Untracked 
| 890|0x00000000d7a00000, 0x00000000d7a00000, 0x00000000d7b00000|  0%| F|  |TAMS 0x00000000d7a00000, 0x00000000d7a00000| Untracked 
| 891|0x00000000d7b00000, 0x00000000d7b00000, 0x00000000d7c00000|  0%| F|  |TAMS 0x00000000d7b00000, 0x00000000d7b00000| Untracked 
| 892|0x00000000d7c00000, 0x00000000d7c00000, 0x00000000d7d00000|  0%| F|  |TAMS 0x00000000d7c00000, 0x00000000d7c00000| Untracked 
| 893|0x00000000d7d00000, 0x00000000d7d00000, 0x00000000d7e00000|  0%| F|  |TAMS 0x00000000d7d00000, 0x00000000d7d00000| Untracked 
| 894|0x00000000d7e00000, 0x00000000d7e00000, 0x00000000d7f00000|  0%| F|  |TAMS 0x00000000d7e00000, 0x00000000d7e00000| Untracked 
| 895|0x00000000d7f00000, 0x00000000d7f00000, 0x00000000d8000000|  0%| F|  |TAMS 0x00000000d7f00000, 0x00000000d7f00000| Untracked 
| 896|0x00000000d8000000, 0x00000000d8000000, 0x00000000d8100000|  0%| F|  |TAMS 0x00000000d8000000, 0x00000000d8000000| Untracked 
| 897|0x00000000d8100000, 0x00000000d8100000, 0x00000000d8200000|  0%| F|  |TAMS 0x00000000d8100000, 0x00000000d8100000| Untracked 
| 898|0x00000000d8200000, 0x00000000d8200000, 0x00000000d8300000|  0%| F|  |TAMS 0x00000000d8200000, 0x00000000d8200000| Untracked 
| 899|0x00000000d8300000, 0x00000000d8300000, 0x00000000d8400000|  0%| F|  |TAMS 0x00000000d8300000, 0x00000000d8300000| Untracked 
| 900|0x00000000d8400000, 0x00000000d8400000, 0x00000000d8500000|  0%| F|  |TAMS 0x00000000d8400000, 0x00000000d8400000| Untracked 
| 901|0x00000000d8500000, 0x00000000d8500000, 0x00000000d8600000|  0%| F|  |TAMS 0x00000000d8500000, 0x00000000d8500000| Untracked 
| 902|0x00000000d8600000, 0x00000000d8600000, 0x00000000d8700000|  0%| F|  |TAMS 0x00000000d8600000, 0x00000000d8600000| Untracked 
| 903|0x00000000d8700000, 0x00000000d8700000, 0x00000000d8800000|  0%| F|  |TAMS 0x00000000d8700000, 0x00000000d8700000| Untracked 
| 904|0x00000000d8800000, 0x00000000d8800000, 0x00000000d8900000|  0%| F|  |TAMS 0x00000000d8800000, 0x00000000d8800000| Untracked 
| 905|0x00000000d8900000, 0x00000000d8900000, 0x00000000d8a00000|  0%| F|  |TAMS 0x00000000d8900000, 0x00000000d8900000| Untracked 
| 906|0x00000000d8a00000, 0x00000000d8a00000, 0x00000000d8b00000|  0%| F|  |TAMS 0x00000000d8a00000, 0x00000000d8a00000| Untracked 
| 907|0x00000000d8b00000, 0x00000000d8b00000, 0x00000000d8c00000|  0%| F|  |TAMS 0x00000000d8b00000, 0x00000000d8b00000| Untracked 
| 908|0x00000000d8c00000, 0x00000000d8c00000, 0x00000000d8d00000|  0%| F|  |TAMS 0x00000000d8c00000, 0x00000000d8c00000| Untracked 
| 909|0x00000000d8d00000, 0x00000000d8d00000, 0x00000000d8e00000|  0%| F|  |TAMS 0x00000000d8d00000, 0x00000000d8d00000| Untracked 
| 910|0x00000000d8e00000, 0x00000000d8e00000, 0x00000000d8f00000|  0%| F|  |TAMS 0x00000000d8e00000, 0x00000000d8e00000| Untracked 
| 911|0x00000000d8f00000, 0x00000000d8f00000, 0x00000000d9000000|  0%| F|  |TAMS 0x00000000d8f00000, 0x00000000d8f00000| Untracked 
| 912|0x00000000d9000000, 0x00000000d9000000, 0x00000000d9100000|  0%| F|  |TAMS 0x00000000d9000000, 0x00000000d9000000| Untracked 
| 913|0x00000000d9100000, 0x00000000d9100000, 0x00000000d9200000|  0%| F|  |TAMS 0x00000000d9100000, 0x00000000d9100000| Untracked 
| 914|0x00000000d9200000, 0x00000000d9200000, 0x00000000d9300000|  0%| F|  |TAMS 0x00000000d9200000, 0x00000000d9200000| Untracked 
| 915|0x00000000d9300000, 0x00000000d9300000, 0x00000000d9400000|  0%| F|  |TAMS 0x00000000d9300000, 0x00000000d9300000| Untracked 
| 916|0x00000000d9400000, 0x00000000d9400000, 0x00000000d9500000|  0%| F|  |TAMS 0x00000000d9400000, 0x00000000d9400000| Untracked 
| 917|0x00000000d9500000, 0x00000000d9500000, 0x00000000d9600000|  0%| F|  |TAMS 0x00000000d9500000, 0x00000000d9500000| Untracked 
| 918|0x00000000d9600000, 0x00000000d9600000, 0x00000000d9700000|  0%| F|  |TAMS 0x00000000d9600000, 0x00000000d9600000| Untracked 
| 919|0x00000000d9700000, 0x00000000d9700000, 0x00000000d9800000|  0%| F|  |TAMS 0x00000000d9700000, 0x00000000d9700000| Untracked 
| 920|0x00000000d9800000, 0x00000000d9800000, 0x00000000d9900000|  0%| F|  |TAMS 0x00000000d9800000, 0x00000000d9800000| Untracked 
| 921|0x00000000d9900000, 0x00000000d9900000, 0x00000000d9a00000|  0%| F|  |TAMS 0x00000000d9900000, 0x00000000d9900000| Untracked 
| 922|0x00000000d9a00000, 0x00000000d9a00000, 0x00000000d9b00000|  0%| F|  |TAMS 0x00000000d9a00000, 0x00000000d9a00000| Untracked 
| 923|0x00000000d9b00000, 0x00000000d9b00000, 0x00000000d9c00000|  0%| F|  |TAMS 0x00000000d9b00000, 0x00000000d9b00000| Untracked 
| 924|0x00000000d9c00000, 0x00000000d9c00000, 0x00000000d9d00000|  0%| F|  |TAMS 0x00000000d9c00000, 0x00000000d9c00000| Untracked 
| 925|0x00000000d9d00000, 0x00000000d9d00000, 0x00000000d9e00000|  0%| F|  |TAMS 0x00000000d9d00000, 0x00000000d9d00000| Untracked 
| 926|0x00000000d9e00000, 0x00000000d9e00000, 0x00000000d9f00000|  0%| F|  |TAMS 0x00000000d9e00000, 0x00000000d9e00000| Untracked 
| 927|0x00000000d9f00000, 0x00000000d9f00000, 0x00000000da000000|  0%| F|  |TAMS 0x00000000d9f00000, 0x00000000d9f00000| Untracked 
| 928|0x00000000da000000, 0x00000000da000000, 0x00000000da100000|  0%| F|  |TAMS 0x00000000da000000, 0x00000000da000000| Untracked 
| 929|0x00000000da100000, 0x00000000da100000, 0x00000000da200000|  0%| F|  |TAMS 0x00000000da100000, 0x00000000da100000| Untracked 
| 930|0x00000000da200000, 0x00000000da200000, 0x00000000da300000|  0%| F|  |TAMS 0x00000000da200000, 0x00000000da200000| Untracked 
| 931|0x00000000da300000, 0x00000000da300000, 0x00000000da400000|  0%| F|  |TAMS 0x00000000da300000, 0x00000000da300000| Untracked 
| 932|0x00000000da400000, 0x00000000da400000, 0x00000000da500000|  0%| F|  |TAMS 0x00000000da400000, 0x00000000da400000| Untracked 
| 933|0x00000000da500000, 0x00000000da500000, 0x00000000da600000|  0%| F|  |TAMS 0x00000000da500000, 0x00000000da500000| Untracked 
| 934|0x00000000da600000, 0x00000000da600000, 0x00000000da700000|  0%| F|  |TAMS 0x00000000da600000, 0x00000000da600000| Untracked 
| 935|0x00000000da700000, 0x00000000da700000, 0x00000000da800000|  0%| F|  |TAMS 0x00000000da700000, 0x00000000da700000| Untracked 
| 936|0x00000000da800000, 0x00000000da800000, 0x00000000da900000|  0%| F|  |TAMS 0x00000000da800000, 0x00000000da800000| Untracked 
| 937|0x00000000da900000, 0x00000000da900000, 0x00000000daa00000|  0%| F|  |TAMS 0x00000000da900000, 0x00000000da900000| Untracked 
| 938|0x00000000daa00000, 0x00000000daafd790, 0x00000000dab00000| 99%| S|CS|TAMS 0x00000000daa00000, 0x00000000daa00000| Complete 
| 939|0x00000000dab00000, 0x00000000dac00000, 0x00000000dac00000|100%| S|CS|TAMS 0x00000000dab00000, 0x00000000dab00000| Complete 
| 940|0x00000000dac00000, 0x00000000dad00000, 0x00000000dad00000|100%| S|CS|TAMS 0x00000000dac00000, 0x00000000dac00000| Complete 
| 941|0x00000000dad00000, 0x00000000dae00000, 0x00000000dae00000|100%| S|CS|TAMS 0x00000000dad00000, 0x00000000dad00000| Complete 
| 942|0x00000000dae00000, 0x00000000daf00000, 0x00000000daf00000|100%| S|CS|TAMS 0x00000000dae00000, 0x00000000dae00000| Complete 
| 943|0x00000000daf00000, 0x00000000db000000, 0x00000000db000000|100%| S|CS|TAMS 0x00000000daf00000, 0x00000000daf00000| Complete 
| 944|0x00000000db000000, 0x00000000db100000, 0x00000000db100000|100%| S|CS|TAMS 0x00000000db000000, 0x00000000db000000| Complete 
| 945|0x00000000db100000, 0x00000000db200000, 0x00000000db200000|100%| S|CS|TAMS 0x00000000db100000, 0x00000000db100000| Complete 
| 946|0x00000000db200000, 0x00000000db300000, 0x00000000db300000|100%| S|CS|TAMS 0x00000000db200000, 0x00000000db200000| Complete 
| 947|0x00000000db300000, 0x00000000db400000, 0x00000000db400000|100%| S|CS|TAMS 0x00000000db300000, 0x00000000db300000| Complete 
| 948|0x00000000db400000, 0x00000000db400000, 0x00000000db500000|  0%| F|  |TAMS 0x00000000db400000, 0x00000000db400000| Untracked 
| 949|0x00000000db500000, 0x00000000db500000, 0x00000000db600000|  0%| F|  |TAMS 0x00000000db500000, 0x00000000db500000| Untracked 
| 950|0x00000000db600000, 0x00000000db600000, 0x00000000db700000|  0%| F|  |TAMS 0x00000000db600000, 0x00000000db600000| Untracked 
| 951|0x00000000db700000, 0x00000000db700000, 0x00000000db800000|  0%| F|  |TAMS 0x00000000db700000, 0x00000000db700000| Untracked 
| 952|0x00000000db800000, 0x00000000db800000, 0x00000000db900000|  0%| F|  |TAMS 0x00000000db800000, 0x00000000db800000| Untracked 
| 953|0x00000000db900000, 0x00000000db900000, 0x00000000dba00000|  0%| F|  |TAMS 0x00000000db900000, 0x00000000db900000| Untracked 
| 954|0x00000000dba00000, 0x00000000dba00000, 0x00000000dbb00000|  0%| F|  |TAMS 0x00000000dba00000, 0x00000000dba00000| Untracked 
| 955|0x00000000dbb00000, 0x00000000dbb00000, 0x00000000dbc00000|  0%| F|  |TAMS 0x00000000dbb00000, 0x00000000dbb00000| Untracked 
| 956|0x00000000dbc00000, 0x00000000dbc00000, 0x00000000dbd00000|  0%| F|  |TAMS 0x00000000dbc00000, 0x00000000dbc00000| Untracked 
| 957|0x00000000dbd00000, 0x00000000dbd00000, 0x00000000dbe00000|  0%| F|  |TAMS 0x00000000dbd00000, 0x00000000dbd00000| Untracked 
| 958|0x00000000dbe00000, 0x00000000dbe00000, 0x00000000dbf00000|  0%| F|  |TAMS 0x00000000dbe00000, 0x00000000dbe00000| Untracked 
| 959|0x00000000dbf00000, 0x00000000dbf00000, 0x00000000dc000000|  0%| F|  |TAMS 0x00000000dbf00000, 0x00000000dbf00000| Untracked 
| 960|0x00000000dc000000, 0x00000000dc000000, 0x00000000dc100000|  0%| F|  |TAMS 0x00000000dc000000, 0x00000000dc000000| Untracked 
| 961|0x00000000dc100000, 0x00000000dc100000, 0x00000000dc200000|  0%| F|  |TAMS 0x00000000dc100000, 0x00000000dc100000| Untracked 
| 962|0x00000000dc200000, 0x00000000dc200000, 0x00000000dc300000|  0%| F|  |TAMS 0x00000000dc200000, 0x00000000dc200000| Untracked 
| 963|0x00000000dc300000, 0x00000000dc300000, 0x00000000dc400000|  0%| F|  |TAMS 0x00000000dc300000, 0x00000000dc300000| Untracked 
| 964|0x00000000dc400000, 0x00000000dc400000, 0x00000000dc500000|  0%| F|  |TAMS 0x00000000dc400000, 0x00000000dc400000| Untracked 
| 965|0x00000000dc500000, 0x00000000dc500000, 0x00000000dc600000|  0%| F|  |TAMS 0x00000000dc500000, 0x00000000dc500000| Untracked 
| 966|0x00000000dc600000, 0x00000000dc600000, 0x00000000dc700000|  0%| F|  |TAMS 0x00000000dc600000, 0x00000000dc600000| Untracked 
| 967|0x00000000dc700000, 0x00000000dc700000, 0x00000000dc800000|  0%| F|  |TAMS 0x00000000dc700000, 0x00000000dc700000| Untracked 
| 968|0x00000000dc800000, 0x00000000dc800000, 0x00000000dc900000|  0%| F|  |TAMS 0x00000000dc800000, 0x00000000dc800000| Untracked 
| 969|0x00000000dc900000, 0x00000000dc900000, 0x00000000dca00000|  0%| F|  |TAMS 0x00000000dc900000, 0x00000000dc900000| Untracked 
| 970|0x00000000dca00000, 0x00000000dca00000, 0x00000000dcb00000|  0%| F|  |TAMS 0x00000000dca00000, 0x00000000dca00000| Untracked 
| 971|0x00000000dcb00000, 0x00000000dcb00000, 0x00000000dcc00000|  0%| F|  |TAMS 0x00000000dcb00000, 0x00000000dcb00000| Untracked 
| 972|0x00000000dcc00000, 0x00000000dcc00000, 0x00000000dcd00000|  0%| F|  |TAMS 0x00000000dcc00000, 0x00000000dcc00000| Untracked 
| 973|0x00000000dcd00000, 0x00000000dcd00000, 0x00000000dce00000|  0%| F|  |TAMS 0x00000000dcd00000, 0x00000000dcd00000| Untracked 
| 974|0x00000000dce00000, 0x00000000dce00000, 0x00000000dcf00000|  0%| F|  |TAMS 0x00000000dce00000, 0x00000000dce00000| Untracked 
| 975|0x00000000dcf00000, 0x00000000dcf00000, 0x00000000dd000000|  0%| F|  |TAMS 0x00000000dcf00000, 0x00000000dcf00000| Untracked 
| 976|0x00000000dd000000, 0x00000000dd000000, 0x00000000dd100000|  0%| F|  |TAMS 0x00000000dd000000, 0x00000000dd000000| Untracked 
| 977|0x00000000dd100000, 0x00000000dd100000, 0x00000000dd200000|  0%| F|  |TAMS 0x00000000dd100000, 0x00000000dd100000| Untracked 
| 978|0x00000000dd200000, 0x00000000dd200000, 0x00000000dd300000|  0%| F|  |TAMS 0x00000000dd200000, 0x00000000dd200000| Untracked 
| 979|0x00000000dd300000, 0x00000000dd300000, 0x00000000dd400000|  0%| F|  |TAMS 0x00000000dd300000, 0x00000000dd300000| Untracked 
| 980|0x00000000dd400000, 0x00000000dd400000, 0x00000000dd500000|  0%| F|  |TAMS 0x00000000dd400000, 0x00000000dd400000| Untracked 
| 981|0x00000000dd500000, 0x00000000dd500000, 0x00000000dd600000|  0%| F|  |TAMS 0x00000000dd500000, 0x00000000dd500000| Untracked 
| 982|0x00000000dd600000, 0x00000000dd600000, 0x00000000dd700000|  0%| F|  |TAMS 0x00000000dd600000, 0x00000000dd600000| Untracked 
| 983|0x00000000dd700000, 0x00000000dd700000, 0x00000000dd800000|  0%| F|  |TAMS 0x00000000dd700000, 0x00000000dd700000| Untracked 
| 984|0x00000000dd800000, 0x00000000dd800000, 0x00000000dd900000|  0%| F|  |TAMS 0x00000000dd800000, 0x00000000dd800000| Untracked 
| 985|0x00000000dd900000, 0x00000000dd900000, 0x00000000dda00000|  0%| F|  |TAMS 0x00000000dd900000, 0x00000000dd900000| Untracked 
| 986|0x00000000dda00000, 0x00000000dda00000, 0x00000000ddb00000|  0%| F|  |TAMS 0x00000000dda00000, 0x00000000dda00000| Untracked 
| 987|0x00000000ddb00000, 0x00000000ddb00000, 0x00000000ddc00000|  0%| F|  |TAMS 0x00000000ddb00000, 0x00000000ddb00000| Untracked 
| 988|0x00000000ddc00000, 0x00000000ddc00000, 0x00000000ddd00000|  0%| F|  |TAMS 0x00000000ddc00000, 0x00000000ddc00000| Untracked 
| 989|0x00000000ddd00000, 0x00000000ddd00000, 0x00000000dde00000|  0%| F|  |TAMS 0x00000000ddd00000, 0x00000000ddd00000| Untracked 
| 990|0x00000000dde00000, 0x00000000dde00000, 0x00000000ddf00000|  0%| F|  |TAMS 0x00000000dde00000, 0x00000000dde00000| Untracked 
| 991|0x00000000ddf00000, 0x00000000ddf00000, 0x00000000de000000|  0%| F|  |TAMS 0x00000000ddf00000, 0x00000000ddf00000| Untracked 
| 992|0x00000000de000000, 0x00000000de000000, 0x00000000de100000|  0%| F|  |TAMS 0x00000000de000000, 0x00000000de000000| Untracked 
| 993|0x00000000de100000, 0x00000000de100000, 0x00000000de200000|  0%| F|  |TAMS 0x00000000de100000, 0x00000000de100000| Untracked 
| 994|0x00000000de200000, 0x00000000de200000, 0x00000000de300000|  0%| F|  |TAMS 0x00000000de200000, 0x00000000de200000| Untracked 
| 995|0x00000000de300000, 0x00000000de300000, 0x00000000de400000|  0%| F|  |TAMS 0x00000000de300000, 0x00000000de300000| Untracked 
| 996|0x00000000de400000, 0x00000000de400000, 0x00000000de500000|  0%| F|  |TAMS 0x00000000de400000, 0x00000000de400000| Untracked 
| 997|0x00000000de500000, 0x00000000de500000, 0x00000000de600000|  0%| F|  |TAMS 0x00000000de500000, 0x00000000de500000| Untracked 
| 998|0x00000000de600000, 0x00000000de600000, 0x00000000de700000|  0%| F|  |TAMS 0x00000000de600000, 0x00000000de600000| Untracked 
| 999|0x00000000de700000, 0x00000000de700000, 0x00000000de800000|  0%| F|  |TAMS 0x00000000de700000, 0x00000000de700000| Untracked 
|1000|0x00000000de800000, 0x00000000de800000, 0x00000000de900000|  0%| F|  |TAMS 0x00000000de800000, 0x00000000de800000| Untracked 
|1001|0x00000000de900000, 0x00000000de900000, 0x00000000dea00000|  0%| F|  |TAMS 0x00000000de900000, 0x00000000de900000| Untracked 
|1002|0x00000000dea00000, 0x00000000dea00000, 0x00000000deb00000|  0%| F|  |TAMS 0x00000000dea00000, 0x00000000dea00000| Untracked 
|1003|0x00000000deb00000, 0x00000000deb00000, 0x00000000dec00000|  0%| F|  |TAMS 0x00000000deb00000, 0x00000000deb00000| Untracked 
|1004|0x00000000dec00000, 0x00000000dec00000, 0x00000000ded00000|  0%| F|  |TAMS 0x00000000dec00000, 0x00000000dec00000| Untracked 
|1005|0x00000000ded00000, 0x00000000ded00000, 0x00000000dee00000|  0%| F|  |TAMS 0x00000000ded00000, 0x00000000ded00000| Untracked 
|1006|0x00000000dee00000, 0x00000000dee00000, 0x00000000def00000|  0%| F|  |TAMS 0x00000000dee00000, 0x00000000dee00000| Untracked 
|1007|0x00000000def00000, 0x00000000def00000, 0x00000000df000000|  0%| F|  |TAMS 0x00000000def00000, 0x00000000def00000| Untracked 
|1008|0x00000000df000000, 0x00000000df000000, 0x00000000df100000|  0%| F|  |TAMS 0x00000000df000000, 0x00000000df000000| Untracked 
|1009|0x00000000df100000, 0x00000000df100000, 0x00000000df200000|  0%| F|  |TAMS 0x00000000df100000, 0x00000000df100000| Untracked 
|1010|0x00000000df200000, 0x00000000df200000, 0x00000000df300000|  0%| F|  |TAMS 0x00000000df200000, 0x00000000df200000| Untracked 
|1011|0x00000000df300000, 0x00000000df300000, 0x00000000df400000|  0%| F|  |TAMS 0x00000000df300000, 0x00000000df300000| Untracked 
|1012|0x00000000df400000, 0x00000000df400000, 0x00000000df500000|  0%| F|  |TAMS 0x00000000df400000, 0x00000000df400000| Untracked 
|1013|0x00000000df500000, 0x00000000df500000, 0x00000000df600000|  0%| F|  |TAMS 0x00000000df500000, 0x00000000df500000| Untracked 
|1014|0x00000000df600000, 0x00000000df600000, 0x00000000df700000|  0%| F|  |TAMS 0x00000000df600000, 0x00000000df600000| Untracked 
|1015|0x00000000df700000, 0x00000000df700000, 0x00000000df800000|  0%| F|  |TAMS 0x00000000df700000, 0x00000000df700000| Untracked 
|1016|0x00000000df800000, 0x00000000df800000, 0x00000000df900000|  0%| F|  |TAMS 0x00000000df800000, 0x00000000df800000| Untracked 
|1017|0x00000000df900000, 0x00000000df900000, 0x00000000dfa00000|  0%| F|  |TAMS 0x00000000df900000, 0x00000000df900000| Untracked 
|1018|0x00000000dfa00000, 0x00000000dfa00000, 0x00000000dfb00000|  0%| F|  |TAMS 0x00000000dfa00000, 0x00000000dfa00000| Untracked 
|1019|0x00000000dfb00000, 0x00000000dfb00000, 0x00000000dfc00000|  0%| F|  |TAMS 0x00000000dfb00000, 0x00000000dfb00000| Untracked 
|1020|0x00000000dfc00000, 0x00000000dfc00000, 0x00000000dfd00000|  0%| F|  |TAMS 0x00000000dfc00000, 0x00000000dfc00000| Untracked 
|1021|0x00000000dfd00000, 0x00000000dfd00000, 0x00000000dfe00000|  0%| F|  |TAMS 0x00000000dfd00000, 0x00000000dfd00000| Untracked 
|1022|0x00000000dfe00000, 0x00000000dfe00000, 0x00000000dff00000|  0%| F|  |TAMS 0x00000000dfe00000, 0x00000000dfe00000| Untracked 
|1023|0x00000000dff00000, 0x00000000dff00000, 0x00000000e0000000|  0%| F|  |TAMS 0x00000000dff00000, 0x00000000dff00000| Untracked 
|1024|0x00000000e0000000, 0x00000000e0000000, 0x00000000e0100000|  0%| F|  |TAMS 0x00000000e0000000, 0x00000000e0000000| Untracked 
|1025|0x00000000e0100000, 0x00000000e0100000, 0x00000000e0200000|  0%| F|  |TAMS 0x00000000e0100000, 0x00000000e0100000| Untracked 
|1026|0x00000000e0200000, 0x00000000e0200000, 0x00000000e0300000|  0%| F|  |TAMS 0x00000000e0200000, 0x00000000e0200000| Untracked 
|1027|0x00000000e0300000, 0x00000000e0300000, 0x00000000e0400000|  0%| F|  |TAMS 0x00000000e0300000, 0x00000000e0300000| Untracked 
|1028|0x00000000e0400000, 0x00000000e0400000, 0x00000000e0500000|  0%| F|  |TAMS 0x00000000e0400000, 0x00000000e0400000| Untracked 
|1029|0x00000000e0500000, 0x00000000e0500000, 0x00000000e0600000|  0%| F|  |TAMS 0x00000000e0500000, 0x00000000e0500000| Untracked 
|1030|0x00000000e0600000, 0x00000000e0600000, 0x00000000e0700000|  0%| F|  |TAMS 0x00000000e0600000, 0x00000000e0600000| Untracked 
|1031|0x00000000e0700000, 0x00000000e0700000, 0x00000000e0800000|  0%| F|  |TAMS 0x00000000e0700000, 0x00000000e0700000| Untracked 
|1032|0x00000000e0800000, 0x00000000e0800000, 0x00000000e0900000|  0%| F|  |TAMS 0x00000000e0800000, 0x00000000e0800000| Untracked 
|1033|0x00000000e0900000, 0x00000000e0900000, 0x00000000e0a00000|  0%| F|  |TAMS 0x00000000e0900000, 0x00000000e0900000| Untracked 
|1034|0x00000000e0a00000, 0x00000000e0a00000, 0x00000000e0b00000|  0%| F|  |TAMS 0x00000000e0a00000, 0x00000000e0a00000| Untracked 
|1035|0x00000000e0b00000, 0x00000000e0b00000, 0x00000000e0c00000|  0%| F|  |TAMS 0x00000000e0b00000, 0x00000000e0b00000| Untracked 
|1036|0x00000000e0c00000, 0x00000000e0c00000, 0x00000000e0d00000|  0%| F|  |TAMS 0x00000000e0c00000, 0x00000000e0c00000| Untracked 
|1037|0x00000000e0d00000, 0x00000000e0d00000, 0x00000000e0e00000|  0%| F|  |TAMS 0x00000000e0d00000, 0x00000000e0d00000| Untracked 
|1038|0x00000000e0e00000, 0x00000000e0e00000, 0x00000000e0f00000|  0%| F|  |TAMS 0x00000000e0e00000, 0x00000000e0e00000| Untracked 
|1039|0x00000000e0f00000, 0x00000000e0f00000, 0x00000000e1000000|  0%| F|  |TAMS 0x00000000e0f00000, 0x00000000e0f00000| Untracked 
|1040|0x00000000e1000000, 0x00000000e1000000, 0x00000000e1100000|  0%| F|  |TAMS 0x00000000e1000000, 0x00000000e1000000| Untracked 
|1041|0x00000000e1100000, 0x00000000e1100000, 0x00000000e1200000|  0%| F|  |TAMS 0x00000000e1100000, 0x00000000e1100000| Untracked 
|1042|0x00000000e1200000, 0x00000000e1200000, 0x00000000e1300000|  0%| F|  |TAMS 0x00000000e1200000, 0x00000000e1200000| Untracked 
|1043|0x00000000e1300000, 0x00000000e1300000, 0x00000000e1400000|  0%| F|  |TAMS 0x00000000e1300000, 0x00000000e1300000| Untracked 
|1044|0x00000000e1400000, 0x00000000e1400000, 0x00000000e1500000|  0%| F|  |TAMS 0x00000000e1400000, 0x00000000e1400000| Untracked 
|1045|0x00000000e1500000, 0x00000000e1500000, 0x00000000e1600000|  0%| F|  |TAMS 0x00000000e1500000, 0x00000000e1500000| Untracked 
|1046|0x00000000e1600000, 0x00000000e1600000, 0x00000000e1700000|  0%| F|  |TAMS 0x00000000e1600000, 0x00000000e1600000| Untracked 
|1047|0x00000000e1700000, 0x00000000e1700000, 0x00000000e1800000|  0%| F|  |TAMS 0x00000000e1700000, 0x00000000e1700000| Untracked 
|1048|0x00000000e1800000, 0x00000000e1800000, 0x00000000e1900000|  0%| F|  |TAMS 0x00000000e1800000, 0x00000000e1800000| Untracked 
|1049|0x00000000e1900000, 0x00000000e1900000, 0x00000000e1a00000|  0%| F|  |TAMS 0x00000000e1900000, 0x00000000e1900000| Untracked 
|1050|0x00000000e1a00000, 0x00000000e1a00000, 0x00000000e1b00000|  0%| F|  |TAMS 0x00000000e1a00000, 0x00000000e1a00000| Untracked 
|1051|0x00000000e1b00000, 0x00000000e1b00000, 0x00000000e1c00000|  0%| F|  |TAMS 0x00000000e1b00000, 0x00000000e1b00000| Untracked 
|1052|0x00000000e1c00000, 0x00000000e1c00000, 0x00000000e1d00000|  0%| F|  |TAMS 0x00000000e1c00000, 0x00000000e1c00000| Untracked 
|1053|0x00000000e1d00000, 0x00000000e1d00000, 0x00000000e1e00000|  0%| F|  |TAMS 0x00000000e1d00000, 0x00000000e1d00000| Untracked 
|1054|0x00000000e1e00000, 0x00000000e1e00000, 0x00000000e1f00000|  0%| F|  |TAMS 0x00000000e1e00000, 0x00000000e1e00000| Untracked 
|1055|0x00000000e1f00000, 0x00000000e1f00000, 0x00000000e2000000|  0%| F|  |TAMS 0x00000000e1f00000, 0x00000000e1f00000| Untracked 
|1056|0x00000000e2000000, 0x00000000e2000000, 0x00000000e2100000|  0%| F|  |TAMS 0x00000000e2000000, 0x00000000e2000000| Untracked 
|1057|0x00000000e2100000, 0x00000000e2100000, 0x00000000e2200000|  0%| F|  |TAMS 0x00000000e2100000, 0x00000000e2100000| Untracked 
|1058|0x00000000e2200000, 0x00000000e2200000, 0x00000000e2300000|  0%| F|  |TAMS 0x00000000e2200000, 0x00000000e2200000| Untracked 
|1059|0x00000000e2300000, 0x00000000e2300000, 0x00000000e2400000|  0%| F|  |TAMS 0x00000000e2300000, 0x00000000e2300000| Untracked 
|1060|0x00000000e2400000, 0x00000000e2400000, 0x00000000e2500000|  0%| F|  |TAMS 0x00000000e2400000, 0x00000000e2400000| Untracked 
|1061|0x00000000e2500000, 0x00000000e2500000, 0x00000000e2600000|  0%| F|  |TAMS 0x00000000e2500000, 0x00000000e2500000| Untracked 
|1062|0x00000000e2600000, 0x00000000e2600000, 0x00000000e2700000|  0%| F|  |TAMS 0x00000000e2600000, 0x00000000e2600000| Untracked 
|1063|0x00000000e2700000, 0x00000000e2700000, 0x00000000e2800000|  0%| F|  |TAMS 0x00000000e2700000, 0x00000000e2700000| Untracked 
|1064|0x00000000e2800000, 0x00000000e2800000, 0x00000000e2900000|  0%| F|  |TAMS 0x00000000e2800000, 0x00000000e2800000| Untracked 
|1065|0x00000000e2900000, 0x00000000e2900000, 0x00000000e2a00000|  0%| F|  |TAMS 0x00000000e2900000, 0x00000000e2900000| Untracked 
|1066|0x00000000e2a00000, 0x00000000e2a00000, 0x00000000e2b00000|  0%| F|  |TAMS 0x00000000e2a00000, 0x00000000e2a00000| Untracked 
|1067|0x00000000e2b00000, 0x00000000e2b00000, 0x00000000e2c00000|  0%| F|  |TAMS 0x00000000e2b00000, 0x00000000e2b00000| Untracked 
|1068|0x00000000e2c00000, 0x00000000e2c00000, 0x00000000e2d00000|  0%| F|  |TAMS 0x00000000e2c00000, 0x00000000e2c00000| Untracked 
|1069|0x00000000e2d00000, 0x00000000e2d00000, 0x00000000e2e00000|  0%| F|  |TAMS 0x00000000e2d00000, 0x00000000e2d00000| Untracked 
|1070|0x00000000e2e00000, 0x00000000e2e00000, 0x00000000e2f00000|  0%| F|  |TAMS 0x00000000e2e00000, 0x00000000e2e00000| Untracked 
|1071|0x00000000e2f00000, 0x00000000e2f00000, 0x00000000e3000000|  0%| F|  |TAMS 0x00000000e2f00000, 0x00000000e2f00000| Untracked 
|1072|0x00000000e3000000, 0x00000000e3000000, 0x00000000e3100000|  0%| F|  |TAMS 0x00000000e3000000, 0x00000000e3000000| Untracked 
|1073|0x00000000e3100000, 0x00000000e3100000, 0x00000000e3200000|  0%| F|  |TAMS 0x00000000e3100000, 0x00000000e3100000| Untracked 
|1074|0x00000000e3200000, 0x00000000e3200000, 0x00000000e3300000|  0%| F|  |TAMS 0x00000000e3200000, 0x00000000e3200000| Untracked 
|1075|0x00000000e3300000, 0x00000000e3300000, 0x00000000e3400000|  0%| F|  |TAMS 0x00000000e3300000, 0x00000000e3300000| Untracked 
|1076|0x00000000e3400000, 0x00000000e3400000, 0x00000000e3500000|  0%| F|  |TAMS 0x00000000e3400000, 0x00000000e3400000| Untracked 
|1077|0x00000000e3500000, 0x00000000e3500000, 0x00000000e3600000|  0%| F|  |TAMS 0x00000000e3500000, 0x00000000e3500000| Untracked 
|1078|0x00000000e3600000, 0x00000000e3600000, 0x00000000e3700000|  0%| F|  |TAMS 0x00000000e3600000, 0x00000000e3600000| Untracked 
|1079|0x00000000e3700000, 0x00000000e3700000, 0x00000000e3800000|  0%| F|  |TAMS 0x00000000e3700000, 0x00000000e3700000| Untracked 
|1080|0x00000000e3800000, 0x00000000e3800000, 0x00000000e3900000|  0%| F|  |TAMS 0x00000000e3800000, 0x00000000e3800000| Untracked 
|1081|0x00000000e3900000, 0x00000000e3900000, 0x00000000e3a00000|  0%| F|  |TAMS 0x00000000e3900000, 0x00000000e3900000| Untracked 
|1082|0x00000000e3a00000, 0x00000000e3a00000, 0x00000000e3b00000|  0%| F|  |TAMS 0x00000000e3a00000, 0x00000000e3a00000| Untracked 
|1083|0x00000000e3b00000, 0x00000000e3b00000, 0x00000000e3c00000|  0%| F|  |TAMS 0x00000000e3b00000, 0x00000000e3b00000| Untracked 
|1084|0x00000000e3c00000, 0x00000000e3c00000, 0x00000000e3d00000|  0%| F|  |TAMS 0x00000000e3c00000, 0x00000000e3c00000| Untracked 
|1085|0x00000000e3d00000, 0x00000000e3d00000, 0x00000000e3e00000|  0%| F|  |TAMS 0x00000000e3d00000, 0x00000000e3d00000| Untracked 
|1086|0x00000000e3e00000, 0x00000000e3e00000, 0x00000000e3f00000|  0%| F|  |TAMS 0x00000000e3e00000, 0x00000000e3e00000| Untracked 
|1087|0x00000000e3f00000, 0x00000000e3f00000, 0x00000000e4000000|  0%| F|  |TAMS 0x00000000e3f00000, 0x00000000e3f00000| Untracked 
|1088|0x00000000e4000000, 0x00000000e4000000, 0x00000000e4100000|  0%| F|  |TAMS 0x00000000e4000000, 0x00000000e4000000| Untracked 
|1089|0x00000000e4100000, 0x00000000e4100000, 0x00000000e4200000|  0%| F|  |TAMS 0x00000000e4100000, 0x00000000e4100000| Untracked 
|1090|0x00000000e4200000, 0x00000000e4200000, 0x00000000e4300000|  0%| F|  |TAMS 0x00000000e4200000, 0x00000000e4200000| Untracked 
|1091|0x00000000e4300000, 0x00000000e4300000, 0x00000000e4400000|  0%| F|  |TAMS 0x00000000e4300000, 0x00000000e4300000| Untracked 
|1092|0x00000000e4400000, 0x00000000e4400000, 0x00000000e4500000|  0%| F|  |TAMS 0x00000000e4400000, 0x00000000e4400000| Untracked 
|1093|0x00000000e4500000, 0x00000000e4500000, 0x00000000e4600000|  0%| F|  |TAMS 0x00000000e4500000, 0x00000000e4500000| Untracked 
|1094|0x00000000e4600000, 0x00000000e4600000, 0x00000000e4700000|  0%| F|  |TAMS 0x00000000e4600000, 0x00000000e4600000| Untracked 
|1095|0x00000000e4700000, 0x00000000e4700000, 0x00000000e4800000|  0%| F|  |TAMS 0x00000000e4700000, 0x00000000e4700000| Untracked 
|1096|0x00000000e4800000, 0x00000000e4800000, 0x00000000e4900000|  0%| F|  |TAMS 0x00000000e4800000, 0x00000000e4800000| Untracked 
|1097|0x00000000e4900000, 0x00000000e4900000, 0x00000000e4a00000|  0%| F|  |TAMS 0x00000000e4900000, 0x00000000e4900000| Untracked 
|1098|0x00000000e4a00000, 0x00000000e4a00000, 0x00000000e4b00000|  0%| F|  |TAMS 0x00000000e4a00000, 0x00000000e4a00000| Untracked 
|1099|0x00000000e4b00000, 0x00000000e4b00000, 0x00000000e4c00000|  0%| F|  |TAMS 0x00000000e4b00000, 0x00000000e4b00000| Untracked 
|1100|0x00000000e4c00000, 0x00000000e4c00000, 0x00000000e4d00000|  0%| F|  |TAMS 0x00000000e4c00000, 0x00000000e4c00000| Untracked 
|1101|0x00000000e4d00000, 0x00000000e4d00000, 0x00000000e4e00000|  0%| F|  |TAMS 0x00000000e4d00000, 0x00000000e4d00000| Untracked 
|1102|0x00000000e4e00000, 0x00000000e4e00000, 0x00000000e4f00000|  0%| F|  |TAMS 0x00000000e4e00000, 0x00000000e4e00000| Untracked 
|1103|0x00000000e4f00000, 0x00000000e4f00000, 0x00000000e5000000|  0%| F|  |TAMS 0x00000000e4f00000, 0x00000000e4f00000| Untracked 
|1104|0x00000000e5000000, 0x00000000e5000000, 0x00000000e5100000|  0%| F|  |TAMS 0x00000000e5000000, 0x00000000e5000000| Untracked 
|1105|0x00000000e5100000, 0x00000000e5100000, 0x00000000e5200000|  0%| F|  |TAMS 0x00000000e5100000, 0x00000000e5100000| Untracked 
|1106|0x00000000e5200000, 0x00000000e5200000, 0x00000000e5300000|  0%| F|  |TAMS 0x00000000e5200000, 0x00000000e5200000| Untracked 
|1107|0x00000000e5300000, 0x00000000e5300000, 0x00000000e5400000|  0%| F|  |TAMS 0x00000000e5300000, 0x00000000e5300000| Untracked 
|1108|0x00000000e5400000, 0x00000000e5400000, 0x00000000e5500000|  0%| F|  |TAMS 0x00000000e5400000, 0x00000000e5400000| Untracked 
|1109|0x00000000e5500000, 0x00000000e5500000, 0x00000000e5600000|  0%| F|  |TAMS 0x00000000e5500000, 0x00000000e5500000| Untracked 
|1110|0x00000000e5600000, 0x00000000e5600000, 0x00000000e5700000|  0%| F|  |TAMS 0x00000000e5600000, 0x00000000e5600000| Untracked 
|1111|0x00000000e5700000, 0x00000000e5700000, 0x00000000e5800000|  0%| F|  |TAMS 0x00000000e5700000, 0x00000000e5700000| Untracked 
|1112|0x00000000e5800000, 0x00000000e5800000, 0x00000000e5900000|  0%| F|  |TAMS 0x00000000e5800000, 0x00000000e5800000| Untracked 
|1113|0x00000000e5900000, 0x00000000e5900000, 0x00000000e5a00000|  0%| F|  |TAMS 0x00000000e5900000, 0x00000000e5900000| Untracked 
|1114|0x00000000e5a00000, 0x00000000e5a00000, 0x00000000e5b00000|  0%| F|  |TAMS 0x00000000e5a00000, 0x00000000e5a00000| Untracked 
|1115|0x00000000e5b00000, 0x00000000e5b00000, 0x00000000e5c00000|  0%| F|  |TAMS 0x00000000e5b00000, 0x00000000e5b00000| Untracked 
|1116|0x00000000e5c00000, 0x00000000e5c00000, 0x00000000e5d00000|  0%| F|  |TAMS 0x00000000e5c00000, 0x00000000e5c00000| Untracked 
|1117|0x00000000e5d00000, 0x00000000e5d00000, 0x00000000e5e00000|  0%| F|  |TAMS 0x00000000e5d00000, 0x00000000e5d00000| Untracked 
|1118|0x00000000e5e00000, 0x00000000e5e00000, 0x00000000e5f00000|  0%| F|  |TAMS 0x00000000e5e00000, 0x00000000e5e00000| Untracked 
|1119|0x00000000e5f00000, 0x00000000e5f00000, 0x00000000e6000000|  0%| F|  |TAMS 0x00000000e5f00000, 0x00000000e5f00000| Untracked 
|1120|0x00000000e6000000, 0x00000000e6000000, 0x00000000e6100000|  0%| F|  |TAMS 0x00000000e6000000, 0x00000000e6000000| Untracked 
|1121|0x00000000e6100000, 0x00000000e6100000, 0x00000000e6200000|  0%| F|  |TAMS 0x00000000e6100000, 0x00000000e6100000| Untracked 
|1122|0x00000000e6200000, 0x00000000e6200000, 0x00000000e6300000|  0%| F|  |TAMS 0x00000000e6200000, 0x00000000e6200000| Untracked 
|1123|0x00000000e6300000, 0x00000000e6300000, 0x00000000e6400000|  0%| F|  |TAMS 0x00000000e6300000, 0x00000000e6300000| Untracked 
|1124|0x00000000e6400000, 0x00000000e6400000, 0x00000000e6500000|  0%| F|  |TAMS 0x00000000e6400000, 0x00000000e6400000| Untracked 
|1125|0x00000000e6500000, 0x00000000e6500000, 0x00000000e6600000|  0%| F|  |TAMS 0x00000000e6500000, 0x00000000e6500000| Untracked 
|1126|0x00000000e6600000, 0x00000000e6600000, 0x00000000e6700000|  0%| F|  |TAMS 0x00000000e6600000, 0x00000000e6600000| Untracked 
|1127|0x00000000e6700000, 0x00000000e6700000, 0x00000000e6800000|  0%| F|  |TAMS 0x00000000e6700000, 0x00000000e6700000| Untracked 
|1128|0x00000000e6800000, 0x00000000e6800000, 0x00000000e6900000|  0%| F|  |TAMS 0x00000000e6800000, 0x00000000e6800000| Untracked 
|1129|0x00000000e6900000, 0x00000000e6900000, 0x00000000e6a00000|  0%| F|  |TAMS 0x00000000e6900000, 0x00000000e6900000| Untracked 
|1130|0x00000000e6a00000, 0x00000000e6a00000, 0x00000000e6b00000|  0%| F|  |TAMS 0x00000000e6a00000, 0x00000000e6a00000| Untracked 
|1131|0x00000000e6b00000, 0x00000000e6b00000, 0x00000000e6c00000|  0%| F|  |TAMS 0x00000000e6b00000, 0x00000000e6b00000| Untracked 
|1132|0x00000000e6c00000, 0x00000000e6c00000, 0x00000000e6d00000|  0%| F|  |TAMS 0x00000000e6c00000, 0x00000000e6c00000| Untracked 
|1133|0x00000000e6d00000, 0x00000000e6d00000, 0x00000000e6e00000|  0%| F|  |TAMS 0x00000000e6d00000, 0x00000000e6d00000| Untracked 
|1134|0x00000000e6e00000, 0x00000000e6e00000, 0x00000000e6f00000|  0%| F|  |TAMS 0x00000000e6e00000, 0x00000000e6e00000| Untracked 
|1135|0x00000000e6f00000, 0x00000000e6f00000, 0x00000000e7000000|  0%| F|  |TAMS 0x00000000e6f00000, 0x00000000e6f00000| Untracked 
|1136|0x00000000e7000000, 0x00000000e7000000, 0x00000000e7100000|  0%| F|  |TAMS 0x00000000e7000000, 0x00000000e7000000| Untracked 
|1137|0x00000000e7100000, 0x00000000e7100000, 0x00000000e7200000|  0%| F|  |TAMS 0x00000000e7100000, 0x00000000e7100000| Untracked 
|1138|0x00000000e7200000, 0x00000000e7200000, 0x00000000e7300000|  0%| F|  |TAMS 0x00000000e7200000, 0x00000000e7200000| Untracked 
|1139|0x00000000e7300000, 0x00000000e7300000, 0x00000000e7400000|  0%| F|  |TAMS 0x00000000e7300000, 0x00000000e7300000| Untracked 
|1140|0x00000000e7400000, 0x00000000e7400000, 0x00000000e7500000|  0%| F|  |TAMS 0x00000000e7400000, 0x00000000e7400000| Untracked 
|1141|0x00000000e7500000, 0x00000000e7500000, 0x00000000e7600000|  0%| F|  |TAMS 0x00000000e7500000, 0x00000000e7500000| Untracked 
|1142|0x00000000e7600000, 0x00000000e7600000, 0x00000000e7700000|  0%| F|  |TAMS 0x00000000e7600000, 0x00000000e7600000| Untracked 
|1143|0x00000000e7700000, 0x00000000e7700000, 0x00000000e7800000|  0%| F|  |TAMS 0x00000000e7700000, 0x00000000e7700000| Untracked 
|1144|0x00000000e7800000, 0x00000000e7800000, 0x00000000e7900000|  0%| F|  |TAMS 0x00000000e7800000, 0x00000000e7800000| Untracked 
|1145|0x00000000e7900000, 0x00000000e7900000, 0x00000000e7a00000|  0%| F|  |TAMS 0x00000000e7900000, 0x00000000e7900000| Untracked 
|1146|0x00000000e7a00000, 0x00000000e7a00000, 0x00000000e7b00000|  0%| F|  |TAMS 0x00000000e7a00000, 0x00000000e7a00000| Untracked 
|1147|0x00000000e7b00000, 0x00000000e7b00000, 0x00000000e7c00000|  0%| F|  |TAMS 0x00000000e7b00000, 0x00000000e7b00000| Untracked 
|1148|0x00000000e7c00000, 0x00000000e7c00000, 0x00000000e7d00000|  0%| F|  |TAMS 0x00000000e7c00000, 0x00000000e7c00000| Untracked 
|1149|0x00000000e7d00000, 0x00000000e7d00000, 0x00000000e7e00000|  0%| F|  |TAMS 0x00000000e7d00000, 0x00000000e7d00000| Untracked 
|1150|0x00000000e7e00000, 0x00000000e7e00000, 0x00000000e7f00000|  0%| F|  |TAMS 0x00000000e7e00000, 0x00000000e7e00000| Untracked 
|1151|0x00000000e7f00000, 0x00000000e7f00000, 0x00000000e8000000|  0%| F|  |TAMS 0x00000000e7f00000, 0x00000000e7f00000| Untracked 
|1152|0x00000000e8000000, 0x00000000e8000000, 0x00000000e8100000|  0%| F|  |TAMS 0x00000000e8000000, 0x00000000e8000000| Untracked 
|1153|0x00000000e8100000, 0x00000000e8100000, 0x00000000e8200000|  0%| F|  |TAMS 0x00000000e8100000, 0x00000000e8100000| Untracked 
|1154|0x00000000e8200000, 0x00000000e8200000, 0x00000000e8300000|  0%| F|  |TAMS 0x00000000e8200000, 0x00000000e8200000| Untracked 
|1155|0x00000000e8300000, 0x00000000e8300000, 0x00000000e8400000|  0%| F|  |TAMS 0x00000000e8300000, 0x00000000e8300000| Untracked 
|1156|0x00000000e8400000, 0x00000000e8400000, 0x00000000e8500000|  0%| F|  |TAMS 0x00000000e8400000, 0x00000000e8400000| Untracked 
|1157|0x00000000e8500000, 0x00000000e8500000, 0x00000000e8600000|  0%| F|  |TAMS 0x00000000e8500000, 0x00000000e8500000| Untracked 
|1158|0x00000000e8600000, 0x00000000e8600000, 0x00000000e8700000|  0%| F|  |TAMS 0x00000000e8600000, 0x00000000e8600000| Untracked 
|1159|0x00000000e8700000, 0x00000000e8700000, 0x00000000e8800000|  0%| F|  |TAMS 0x00000000e8700000, 0x00000000e8700000| Untracked 
|1160|0x00000000e8800000, 0x00000000e8800000, 0x00000000e8900000|  0%| F|  |TAMS 0x00000000e8800000, 0x00000000e8800000| Untracked 
|1161|0x00000000e8900000, 0x00000000e8900000, 0x00000000e8a00000|  0%| F|  |TAMS 0x00000000e8900000, 0x00000000e8900000| Untracked 
|1162|0x00000000e8a00000, 0x00000000e8a00000, 0x00000000e8b00000|  0%| F|  |TAMS 0x00000000e8a00000, 0x00000000e8a00000| Untracked 
|1163|0x00000000e8b00000, 0x00000000e8b00000, 0x00000000e8c00000|  0%| F|  |TAMS 0x00000000e8b00000, 0x00000000e8b00000| Untracked 
|1164|0x00000000e8c00000, 0x00000000e8c00000, 0x00000000e8d00000|  0%| F|  |TAMS 0x00000000e8c00000, 0x00000000e8c00000| Untracked 
|1165|0x00000000e8d00000, 0x00000000e8d00000, 0x00000000e8e00000|  0%| F|  |TAMS 0x00000000e8d00000, 0x00000000e8d00000| Untracked 
|1166|0x00000000e8e00000, 0x00000000e8e00000, 0x00000000e8f00000|  0%| F|  |TAMS 0x00000000e8e00000, 0x00000000e8e00000| Untracked 
|1167|0x00000000e8f00000, 0x00000000e8f00000, 0x00000000e9000000|  0%| F|  |TAMS 0x00000000e8f00000, 0x00000000e8f00000| Untracked 
|1168|0x00000000e9000000, 0x00000000e9000000, 0x00000000e9100000|  0%| F|  |TAMS 0x00000000e9000000, 0x00000000e9000000| Untracked 
|1169|0x00000000e9100000, 0x00000000e9100000, 0x00000000e9200000|  0%| F|  |TAMS 0x00000000e9100000, 0x00000000e9100000| Untracked 
|1170|0x00000000e9200000, 0x00000000e9200000, 0x00000000e9300000|  0%| F|  |TAMS 0x00000000e9200000, 0x00000000e9200000| Untracked 
|1171|0x00000000e9300000, 0x00000000e9300000, 0x00000000e9400000|  0%| F|  |TAMS 0x00000000e9300000, 0x00000000e9300000| Untracked 
|1172|0x00000000e9400000, 0x00000000e9400000, 0x00000000e9500000|  0%| F|  |TAMS 0x00000000e9400000, 0x00000000e9400000| Untracked 
|1173|0x00000000e9500000, 0x00000000e9500000, 0x00000000e9600000|  0%| F|  |TAMS 0x00000000e9500000, 0x00000000e9500000| Untracked 
|1174|0x00000000e9600000, 0x00000000e96f9bd0, 0x00000000e9700000| 97%| E|  |TAMS 0x00000000e9600000, 0x00000000e9600000| Complete 
|1175|0x00000000e9700000, 0x00000000e9800000, 0x00000000e9800000|100%| E|CS|TAMS 0x00000000e9700000, 0x00000000e9700000| Complete 
|1176|0x00000000e9800000, 0x00000000e9900000, 0x00000000e9900000|100%| E|CS|TAMS 0x00000000e9800000, 0x00000000e9800000| Complete 
|1177|0x00000000e9900000, 0x00000000e9a00000, 0x00000000e9a00000|100%| E|CS|TAMS 0x00000000e9900000, 0x00000000e9900000| Complete 
|1178|0x00000000e9a00000, 0x00000000e9b00000, 0x00000000e9b00000|100%| E|CS|TAMS 0x00000000e9a00000, 0x00000000e9a00000| Complete 
|1179|0x00000000e9b00000, 0x00000000e9c00000, 0x00000000e9c00000|100%| E|CS|TAMS 0x00000000e9b00000, 0x00000000e9b00000| Complete 
|1180|0x00000000e9c00000, 0x00000000e9d00000, 0x00000000e9d00000|100%| E|CS|TAMS 0x00000000e9c00000, 0x00000000e9c00000| Complete 
|1181|0x00000000e9d00000, 0x00000000e9e00000, 0x00000000e9e00000|100%| E|CS|TAMS 0x00000000e9d00000, 0x00000000e9d00000| Complete 
|1182|0x00000000e9e00000, 0x00000000e9f00000, 0x00000000e9f00000|100%| E|CS|TAMS 0x00000000e9e00000, 0x00000000e9e00000| Complete 
|1183|0x00000000e9f00000, 0x00000000ea000000, 0x00000000ea000000|100%| E|CS|TAMS 0x00000000e9f00000, 0x00000000e9f00000| Complete 
|1184|0x00000000ea000000, 0x00000000ea100000, 0x00000000ea100000|100%| E|CS|TAMS 0x00000000ea000000, 0x00000000ea000000| Complete 
|1185|0x00000000ea100000, 0x00000000ea200000, 0x00000000ea200000|100%| E|  |TAMS 0x00000000ea100000, 0x00000000ea100000| Complete 
|1186|0x00000000ea200000, 0x00000000ea300000, 0x00000000ea300000|100%| E|CS|TAMS 0x00000000ea200000, 0x00000000ea200000| Complete 
|1187|0x00000000ea300000, 0x00000000ea400000, 0x00000000ea400000|100%| E|CS|TAMS 0x00000000ea300000, 0x00000000ea300000| Complete 
|1188|0x00000000ea400000, 0x00000000ea500000, 0x00000000ea500000|100%| E|CS|TAMS 0x00000000ea400000, 0x00000000ea400000| Complete 
|1292|0x00000000f0c00000, 0x00000000f0d00000, 0x00000000f0d00000|100%| E|CS|TAMS 0x00000000f0c00000, 0x00000000f0c00000| Complete 
|1293|0x00000000f0d00000, 0x00000000f0e00000, 0x00000000f0e00000|100%| E|CS|TAMS 0x00000000f0d00000, 0x00000000f0d00000| Complete 
|1294|0x00000000f0e00000, 0x00000000f0f00000, 0x00000000f0f00000|100%| E|CS|TAMS 0x00000000f0e00000, 0x00000000f0e00000| Complete 
|1295|0x00000000f0f00000, 0x00000000f1000000, 0x00000000f1000000|100%| E|CS|TAMS 0x00000000f0f00000, 0x00000000f0f00000| Complete 
|1296|0x00000000f1000000, 0x00000000f1100000, 0x00000000f1100000|100%| E|CS|TAMS 0x00000000f1000000, 0x00000000f1000000| Complete 
|1297|0x00000000f1100000, 0x00000000f1200000, 0x00000000f1200000|100%| E|CS|TAMS 0x00000000f1100000, 0x00000000f1100000| Complete 
|1298|0x00000000f1200000, 0x00000000f1300000, 0x00000000f1300000|100%| E|CS|TAMS 0x00000000f1200000, 0x00000000f1200000| Complete 
|1299|0x00000000f1300000, 0x00000000f1400000, 0x00000000f1400000|100%| E|CS|TAMS 0x00000000f1300000, 0x00000000f1300000| Complete 
|1300|0x00000000f1400000, 0x00000000f1500000, 0x00000000f1500000|100%| E|CS|TAMS 0x00000000f1400000, 0x00000000f1400000| Complete 
|1301|0x00000000f1500000, 0x00000000f1600000, 0x00000000f1600000|100%| E|CS|TAMS 0x00000000f1500000, 0x00000000f1500000| Complete 

Card table byte_map: [0x000001fffc980000,0x000001fffcc80000] _byte_map_base: 0x000001fffc480000

Marking Bits (Prev, Next): (CMBitMap*) 0x000001ffe9caf250, (CMBitMap*) 0x000001ffe9caf290
 Prev Bits: [0x000001fffcf80000, 0x000001fffe780000)
 Next Bits: [0x000001fffe780000, 0x000001fffff80000)

Polling page: 0x000001ffe7980000

Metaspace:

Usage:
  Non-class:    104.84 MB used.
      Class:     15.92 MB used.
       Both:    120.76 MB used.

Virtual space:
  Non-class space:      128.00 MB reserved,     106.00 MB ( 83%) committed,  2 nodes.
      Class space:        1.00 GB reserved,      17.00 MB (  2%) committed,  1 nodes.
             Both:        1.12 GB reserved,     123.00 MB ( 11%) committed. 

Chunk freelists:
   Non-Class:  5.42 MB
       Class:  15.03 MB
        Both:  20.45 MB

MaxMetaspaceSize: unlimited
CompressedClassSpaceSize: 1.00 GB
Initial GC threshold: 21.00 MB
Current GC threshold: 204.94 MB
CDS: off
MetaspaceReclaimPolicy: balanced
 - commit_granule_bytes: 65536.
 - commit_granule_words: 8192.
 - virtual_space_node_default_size: 8388608.
 - enlarge_chunks_in_place: 1.
 - new_chunks_are_fully_committed: 0.
 - uncommit_free_chunks: 1.
 - use_allocation_guard: 0.
 - handle_deallocations: 1.


Internal statistics:

num_allocs_failed_limit: 6.
num_arena_births: 5344.
num_arena_deaths: 2446.
num_vsnodes_births: 3.
num_vsnodes_deaths: 0.
num_space_committed: 1971.
num_space_uncommitted: 3.
num_chunks_returned_to_freelist: 3122.
num_chunks_taken_from_freelist: 11824.
num_chunk_merges: 876.
num_chunk_splits: 6002.
num_chunks_enlarged: 2764.
num_inconsistent_stats: 0.

CodeHeap 'non-profiled nmethods': size=120000Kb used=29761Kb max_used=29807Kb free=90238Kb
 bounds [0x000001fff4c00000, 0x000001fff6920000, 0x000001fffc130000]
CodeHeap 'profiled nmethods': size=120000Kb used=47665Kb max_used=49243Kb free=72334Kb
 bounds [0x000001ffed130000, 0x000001fff0150000, 0x000001fff4660000]
CodeHeap 'non-nmethods': size=5760Kb used=2462Kb max_used=2552Kb free=3297Kb
 bounds [0x000001fff4660000, 0x000001fff48f0000, 0x000001fff4c00000]
 total_blobs=26342 nmethods=25339 adapters=912
 compilation: enabled
              stopped_count=0, restarted_count=0
 full_count=0

Compilation events (20 events):
Event: 31045.911 Thread 0x000001ff87021840 nmethod 34343 0x000001ffed383d90 code [0x000001ffed383f60, 0x000001ffed384358]
Event: 31045.915 Thread 0x000001ff8701e3f0 nmethod 34342 0x000001fff5e0b210 code [0x000001fff5e0b400, 0x000001fff5e0baa0]
Event: 31045.965 Thread 0x000001ff8701e3f0 34344       4       jdk.internal.org.objectweb.asm.MethodWriter::computeAllFrames (510 bytes)
Event: 31045.982 Thread 0x000001ff87021840 34345       3       java.lang.invoke.LambdaForm::<init> (13 bytes)
Event: 31045.983 Thread 0x000001ff87021840 nmethod 34345 0x000001ffed726490 code [0x000001ffed726640, 0x000001ffed726788]
Event: 31046.196 Thread 0x000001ff8701e3f0 nmethod 34344 0x000001fff526e590 code [0x000001fff526e8a0, 0x000001fff52714a8]
Event: 31046.860 Thread 0x000001ff87021840 34346       3       org.gradle.util.internal.DefaultGradleVersion::getBaseVersion (24 bytes)
Event: 31046.864 Thread 0x000001ff87021840 nmethod 34346 0x000001ffedaf9390 code [0x000001ffedaf9540, 0x000001ffedaf9728]
Event: 31047.009 Thread 0x000001ff87021840 34347       3       org.gradle.internal.operations.DefaultBuildOperationRunner::access$400 (7 bytes)
Event: 31047.011 Thread 0x000001ff87021840 nmethod 34347 0x000001ffed8e8a90 code [0x000001ffed8e8c20, 0x000001ffed8e8d28]
Event: 31047.011 Thread 0x000001ff87021840 34348       3       org.gradle.internal.operations.DefaultBuildOperationRunner::assertParentRunning (47 bytes)
Event: 31047.031 Thread 0x000001ff87021840 nmethod 34348 0x000001ffee1cb590 code [0x000001ffee1cb820, 0x000001ffee1cc638]
Event: 31047.663 Thread 0x000001ff87021840 34349       1       java.lang.StackTraceElement::getLineNumber (5 bytes)
Event: 31047.663 Thread 0x000001ff87021840 nmethod 34349 0x000001fff5e0af10 code [0x000001fff5e0b0a0, 0x000001fff5e0b178]
Event: 31047.668 Thread 0x000001ff87021840 34350   !   3       java.util.jar.JarFile::getManifestFromReference (197 bytes)
Event: 31047.684 Thread 0x000001ff87021840 nmethod 34350 0x000001ffefc74a90 code [0x000001ffefc74da0, 0x000001ffefc761b8]
Event: 31047.779 Thread 0x000001ff87021840 34351       3       org.codehaus.groovy.runtime.StackTraceUtils::isApplicationClass (84 bytes)
Event: 31047.794 Thread 0x000001ff87021840 nmethod 34351 0x000001ffee9f4f10 code [0x000001ffee9f5160, 0x000001ffee9f5b98]
Event: 31047.794 Thread 0x000001ff87021840 34352       1       org.gradle.cache.internal.InMemoryDecoratedCache::getCacheId (5 bytes)
Event: 31047.795 Thread 0x000001ff87021840 nmethod 34352 0x000001fff5e0aa90 code [0x000001fff5e0ac20, 0x000001fff5e0acf8]

GC Heap History (20 events):
Event: 29479.102 GC heap before
{Heap before GC invocations=194 (full 0):
 garbage-first heap   total 1333248K, used 360068K [0x00000000a0000000, 0x0000000100000000)
  region size 1024K, 65 young (66560K), 9 survivors (9216K)
 Metaspace       used 123153K, committed 125888K, reserved 1179648K
  class space    used 16223K, committed 17408K, reserved 1048576K
}
Event: 29479.163 GC heap after
{Heap after GC invocations=195 (full 0):
 garbage-first heap   total 1333248K, used 319138K [0x00000000a0000000, 0x0000000100000000)
  region size 1024K, 9 young (9216K), 9 survivors (9216K)
 Metaspace       used 123153K, committed 125888K, reserved 1179648K
  class space    used 16223K, committed 17408K, reserved 1048576K
}
Event: 29480.271 GC heap before
{Heap before GC invocations=195 (full 0):
 garbage-first heap   total 1333248K, used 425634K [0x00000000a0000000, 0x0000000100000000)
  region size 1024K, 114 young (116736K), 9 survivors (9216K)
 Metaspace       used 123223K, committed 125888K, reserved 1179648K
  class space    used 16231K, committed 17408K, reserved 1048576K
}
Event: 29480.354 GC heap after
{Heap after GC invocations=196 (full 0):
 garbage-first heap   total 1333248K, used 351232K [0x00000000a0000000, 0x0000000100000000)
  region size 1024K, 24 young (24576K), 24 survivors (24576K)
 Metaspace       used 123223K, committed 125888K, reserved 1179648K
  class space    used 16231K, committed 17408K, reserved 1048576K
}
Event: 29519.911 GC heap before
{Heap before GC invocations=197 (full 0):
 garbage-first heap   total 1212416K, used 416768K [0x00000000a0000000, 0x0000000100000000)
  region size 1024K, 79 young (80896K), 24 survivors (24576K)
 Metaspace       used 123244K, committed 125888K, reserved 1179648K
  class space    used 16234K, committed 17408K, reserved 1048576K
}
Event: 29520.375 GC heap after
{Heap after GC invocations=198 (full 0):
 garbage-first heap   total 1212416K, used 359788K [0x00000000a0000000, 0x0000000100000000)
  region size 1024K, 8 young (8192K), 8 survivors (8192K)
 Metaspace       used 123244K, committed 125888K, reserved 1179648K
  class space    used 16234K, committed 17408K, reserved 1048576K
}
Event: 29525.592 GC heap before
{Heap before GC invocations=198 (full 0):
 garbage-first heap   total 1212416K, used 410988K [0x00000000a0000000, 0x0000000100000000)
  region size 1024K, 59 young (60416K), 8 survivors (8192K)
 Metaspace       used 123302K, committed 125952K, reserved 1179648K
  class space    used 16241K, committed 17408K, reserved 1048576K
}
Event: 29525.706 GC heap after
{Heap after GC invocations=199 (full 0):
 garbage-first heap   total 1212416K, used 352150K [0x00000000a0000000, 0x0000000100000000)
  region size 1024K, 6 young (6144K), 6 survivors (6144K)
 Metaspace       used 123302K, committed 125952K, reserved 1179648K
  class space    used 16241K, committed 17408K, reserved 1048576K
}
Event: 29526.851 GC heap before
{Heap before GC invocations=199 (full 0):
 garbage-first heap   total 1212416K, used 405398K [0x00000000a0000000, 0x0000000100000000)
  region size 1024K, 59 young (60416K), 6 survivors (6144K)
 Metaspace       used 123311K, committed 125952K, reserved 1179648K
  class space    used 16242K, committed 17408K, reserved 1048576K
}
Event: 29526.933 GC heap after
{Heap after GC invocations=200 (full 0):
 garbage-first heap   total 1212416K, used 358332K [0x00000000a0000000, 0x0000000100000000)
  region size 1024K, 8 young (8192K), 8 survivors (8192K)
 Metaspace       used 123311K, committed 125952K, reserved 1179648K
  class space    used 16242K, committed 17408K, reserved 1048576K
}
Event: 29529.479 GC heap before
{Heap before GC invocations=200 (full 0):
 garbage-first heap   total 1212416K, used 497596K [0x00000000a0000000, 0x0000000100000000)
  region size 1024K, 144 young (147456K), 8 survivors (8192K)
 Metaspace       used 123322K, committed 125952K, reserved 1179648K
  class space    used 16245K, committed 17408K, reserved 1048576K
}
Event: 29529.567 GC heap after
{Heap after GC invocations=201 (full 0):
 garbage-first heap   total 1212416K, used 379348K [0x00000000a0000000, 0x0000000100000000)
  region size 1024K, 18 young (18432K), 18 survivors (18432K)
 Metaspace       used 123322K, committed 125952K, reserved 1179648K
  class space    used 16245K, committed 17408K, reserved 1048576K
}
Event: 29532.957 GC heap before
{Heap before GC invocations=202 (full 0):
 garbage-first heap   total 1212416K, used 475604K [0x00000000a0000000, 0x0000000100000000)
  region size 1024K, 118 young (120832K), 18 survivors (18432K)
 Metaspace       used 123426K, committed 125952K, reserved 1179648K
  class space    used 16263K, committed 17408K, reserved 1048576K
}
Event: 29533.074 GC heap after
{Heap after GC invocations=203 (full 0):
 garbage-first heap   total 1212416K, used 386672K [0x00000000a0000000, 0x0000000100000000)
  region size 1024K, 13 young (13312K), 13 survivors (13312K)
 Metaspace       used 123426K, committed 125952K, reserved 1179648K
  class space    used 16263K, committed 17408K, reserved 1048576K
}
Event: 29534.536 GC heap before
{Heap before GC invocations=203 (full 0):
 garbage-first heap   total 1212416K, used 518768K [0x00000000a0000000, 0x0000000100000000)
  region size 1024K, 59 young (60416K), 13 survivors (13312K)
 Metaspace       used 123427K, committed 125952K, reserved 1179648K
  class space    used 16263K, committed 17408K, reserved 1048576K
}
Event: 29534.715 GC heap after
{Heap after GC invocations=204 (full 0):
 garbage-first heap   total 1227776K, used 463356K [0x00000000a0000000, 0x0000000100000000)
  region size 1024K, 5 young (5120K), 5 survivors (5120K)
 Metaspace       used 123427K, committed 125952K, reserved 1179648K
  class space    used 16263K, committed 17408K, reserved 1048576K
}
Event: 29535.307 GC heap before
{Heap before GC invocations=204 (full 0):
 garbage-first heap   total 1227776K, used 491004K [0x00000000a0000000, 0x0000000100000000)
  region size 1024K, 33 young (33792K), 5 survivors (5120K)
 Metaspace       used 123430K, committed 125952K, reserved 1179648K
  class space    used 16263K, committed 17408K, reserved 1048576K
}
Event: 29535.352 GC heap after
{Heap after GC invocations=205 (full 0):
 garbage-first heap   total 1227776K, used 463758K [0x00000000a0000000, 0x0000000100000000)
  region size 1024K, 5 young (5120K), 5 survivors (5120K)
 Metaspace       used 123430K, committed 125952K, reserved 1179648K
  class space    used 16263K, committed 17408K, reserved 1048576K
}
Event: 30897.464 GC heap before
{Heap before GC invocations=206 (full 0):
 garbage-first heap   total 1227776K, used 1021838K [0x00000000a0000000, 0x0000000100000000)
  region size 1024K, 251 young (257024K), 5 survivors (5120K)
 Metaspace       used 123546K, committed 125952K, reserved 1179648K
  class space    used 16283K, committed 17408K, reserved 1048576K
}
Event: 30898.155 GC heap after
{Heap after GC invocations=207 (full 0):
 garbage-first heap   total 1227776K, used 382965K [0x00000000a0000000, 0x0000000100000000)
  region size 1024K, 10 young (10240K), 10 survivors (10240K)
 Metaspace       used 123546K, committed 125952K, reserved 1179648K
  class space    used 16283K, committed 17408K, reserved 1048576K
}

Dll operation events (2 events):
Event: 0.008 Loaded shared library D:\Software Engineer Tools\Android Studio\jbr\bin\java.dll
Event: 0.460 Loaded shared library D:\Software Engineer Tools\Android Studio\jbr\bin\verify.dll

Deoptimization events (20 events):
Event: 31047.023 Thread 0x000001ff94846300 DEOPT UNPACKING pc=0x000001fff46b69a3 sp=0x0000005320afec88 mode 2
Event: 31047.023 Thread 0x000001ff94842130 DEOPT UNPACKING pc=0x000001fff46b69a3 sp=0x00000053204febb8 mode 2
Event: 31047.590 Thread 0x000001ff93ce89f0 DEOPT PACKING pc=0x000001ffee122afc sp=0x000000531bdfb760
Event: 31047.591 Thread 0x000001ff93ce89f0 DEOPT UNPACKING pc=0x000001fff46b7143 sp=0x000000531bdfac40 mode 0
Event: 31047.593 Thread 0x000001ff93ce89f0 DEOPT PACKING pc=0x000001ffef457284 sp=0x000000531bdfb870
Event: 31047.593 Thread 0x000001ff93ce89f0 DEOPT UNPACKING pc=0x000001fff46b7143 sp=0x000000531bdfacf0 mode 0
Event: 31047.600 Thread 0x000001ff93ce89f0 Uncommon trap: trap_request=0xffffff45 fr.pc=0x000001fff5a49020 relative=0x0000000000005b80
Event: 31047.600 Thread 0x000001ff93ce89f0 Uncommon trap: reason=unstable_if action=reinterpret pc=0x000001fff5a49020 method=org.gradle.internal.operations.DefaultBuildOperationRunner$2.execute(Lorg/gradle/internal/operations/BuildOperationDescriptor;Lorg/gradle/internal/operations/BuildOperationS
Event: 31047.600 Thread 0x000001ff93ce89f0 DEOPT PACKING pc=0x000001fff5a49020 sp=0x000000531bdfbde0
Event: 31047.600 Thread 0x000001ff93ce89f0 DEOPT UNPACKING pc=0x000001fff46b69a3 sp=0x000000531bdfbbb8 mode 2
Event: 31047.600 Thread 0x000001ff93ce89f0 DEOPT PACKING pc=0x000001ffee1221cc sp=0x000000531bdfc090
Event: 31047.601 Thread 0x000001ff93ce89f0 DEOPT UNPACKING pc=0x000001fff46b7143 sp=0x000000531bdfb5d0 mode 1
Event: 31047.601 Thread 0x000001ff93ce89f0 DEOPT PACKING pc=0x000001ffef8d307c sp=0x000000531bdfc1a0
Event: 31047.601 Thread 0x000001ff93ce89f0 DEOPT UNPACKING pc=0x000001fff46b7143 sp=0x000000531bdfb6c8 mode 0
Event: 31047.601 Thread 0x000001ff93ce89f0 DEOPT PACKING pc=0x000001ffee1221cc sp=0x000000531bdfc640
Event: 31047.601 Thread 0x000001ff93ce89f0 DEOPT UNPACKING pc=0x000001fff46b7143 sp=0x000000531bdfbb80 mode 1
Event: 31047.601 Thread 0x000001ff93ce89f0 DEOPT PACKING pc=0x000001ffef8d307c sp=0x000000531bdfc750
Event: 31047.601 Thread 0x000001ff93ce89f0 DEOPT UNPACKING pc=0x000001fff46b7143 sp=0x000000531bdfbc78 mode 0
Event: 31047.794 Thread 0x000001ff93ce89f0 DEOPT PACKING pc=0x000001ffee1221cc sp=0x000000531bdfcea0
Event: 31047.794 Thread 0x000001ff93ce89f0 DEOPT UNPACKING pc=0x000001fff46b7143 sp=0x000000531bdfc400 mode 1

Classes unloaded (20 events):
Event: 29474.764 Thread 0x000001ff82c8f820 Unloading class 0x00000001010c2000 'jdk/internal/reflect/GeneratedMethodAccessor953'
Event: 29474.764 Thread 0x000001ff82c8f820 Unloading class 0x00000001010bcc00 'jdk/internal/reflect/GeneratedMethodAccessor952'
Event: 29474.764 Thread 0x000001ff82c8f820 Unloading class 0x00000001010bc800 'jdk/internal/reflect/GeneratedMethodAccessor951'
Event: 29474.764 Thread 0x000001ff82c8f820 Unloading class 0x0000000100bcb400 'jdk/internal/reflect/GeneratedMethodAccessor950'
Event: 29474.764 Thread 0x000001ff82c8f820 Unloading class 0x00000001006dcc00 'jdk/internal/reflect/GeneratedMethodAccessor946'
Event: 29474.764 Thread 0x000001ff82c8f820 Unloading class 0x00000001006dc800 'jdk/internal/reflect/GeneratedMethodAccessor945'
Event: 29474.764 Thread 0x000001ff82c8f820 Unloading class 0x00000001010ac400 'jdk/internal/reflect/GeneratedMethodAccessor944'
Event: 29474.764 Thread 0x000001ff82c8f820 Unloading class 0x00000001010ac000 'jdk/internal/reflect/GeneratedMethodAccessor943'
Event: 29474.764 Thread 0x000001ff82c8f820 Unloading class 0x0000000100dc2000 'java_util_regex_MatchResult$group'
Event: 29474.764 Thread 0x000001ff82c8f820 Unloading class 0x0000000100c19000 'java_util_regex_Matcher$find'
Event: 29474.764 Thread 0x000001ff82c8f820 Unloading class 0x0000000100c03000 'java_util_regex_Pattern$matcher$0'
Event: 29474.764 Thread 0x000001ff82c8f820 Unloading class 0x0000000100bf1000 'java_util_regex_Pattern$compile'
Event: 29474.764 Thread 0x000001ff82c8f820 Unloading class 0x0000000100be4000 'org/gradle/api/plugins/ExtraPropertiesExtension$has'
Event: 29474.764 Thread 0x000001ff82c8f820 Unloading class 0x0000000100bb0000 'jdk/internal/reflect/GeneratedMethodAccessor938'
Event: 29474.764 Thread 0x000001ff82c8f820 Unloading class 0x0000000100c06400 'jdk/internal/reflect/GeneratedMethodAccessor937'
Event: 29474.764 Thread 0x000001ff82c8f820 Unloading class 0x0000000100b5e800 'org/gradle/api/internal/project/ProjectInternal$getTasks$0'
Event: 29474.764 Thread 0x000001ff82c8f820 Unloading class 0x0000000100aac000 'org/gradle/api/internal/project/ProjectInternal$findProject'
Event: 29474.765 Thread 0x000001ff82c8f820 Unloading class 0x00000001010a4000 'jdk/internal/reflect/GeneratedConstructorAccessor353'
Event: 29474.765 Thread 0x000001ff82c8f820 Unloading class 0x0000000101071400 'jdk/internal/reflect/GeneratedConstructorAccessor352'
Event: 29474.765 Thread 0x000001ff82c8f820 Unloading class 0x0000000101070800 'jdk/internal/reflect/GeneratedConstructorAccessor351'

Classes redefined (0 events):
No events

Internal exceptions (20 events):
Event: 29523.398 Thread 0x000001ff947b1630 Exception <a 'sun/nio/fs/WindowsException'{0x00000000e7bea488}> (0x00000000e7bea488) 
thrown [s\src\hotspot\share\prims\jni.cpp, line 517]
Event: 29523.398 Thread 0x000001ff947b1630 Exception <a 'sun/nio/fs/WindowsException'{0x00000000e7bea688}> (0x00000000e7bea688) 
thrown [s\src\hotspot\share\prims\jni.cpp, line 517]
Event: 29523.398 Thread 0x000001ff947b1630 Exception <a 'sun/nio/fs/WindowsException'{0x00000000e7bf3480}> (0x00000000e7bf3480) 
thrown [s\src\hotspot\share\prims\jni.cpp, line 517]
Event: 29523.404 Thread 0x000001ff947b1630 Exception <a 'sun/nio/fs/WindowsException'{0x00000000e7bf4d98}> (0x00000000e7bf4d98) 
thrown [s\src\hotspot\share\prims\jni.cpp, line 517]
Event: 29529.799 Thread 0x000001ff8a406990 Exception <a 'java/lang/NoSuchMethodError'{0x00000000e9922660}: static Lcom/android/build/gradle/internal/scope/InternalArtifactType;.<clinit>()V> (0x00000000e9922660) 
thrown [s\src\hotspot\share\prims\jni.cpp, line 1108]
Event: 29529.799 Thread 0x000001ff8a406990 Exception <a 'java/lang/NoSuchMethodError'{0x00000000e9923bf0}: static Lcom/android/build/gradle/internal/scope/InternalArtifactType;.<clinit>()V> (0x00000000e9923bf0) 
thrown [s\src\hotspot\share\prims\jni.cpp, line 1108]
Event: 29529.799 Thread 0x000001ff8a406990 Exception <a 'java/lang/NoSuchMethodError'{0x00000000e9926778}: static Lcom/android/build/api/artifact/Artifact$Single;.<clinit>()V> (0x00000000e9926778) 
thrown [s\src\hotspot\share\prims\jni.cpp, line 1108]
Event: 29529.799 Thread 0x000001ff8a406990 Exception <a 'java/lang/NoSuchMethodError'{0x00000000e9928ce8}: static Ljava/lang/Object;.<clinit>()V> (0x00000000e9928ce8) 
thrown [s\src\hotspot\share\prims\jni.cpp, line 1108]
Event: 29529.809 Thread 0x000001ff8a406990 Exception <a 'java/lang/NoSuchMethodError'{0x00000000e993ea58}: static Lcom/android/build/api/artifact/ArtifactKind;.<clinit>()V> (0x00000000e993ea58) 
thrown [s\src\hotspot\share\prims\jni.cpp, line 1108]
Event: 29529.809 Thread 0x000001ff8a406990 Exception <a 'java/lang/NoSuchMethodError'{0x00000000e993fc18}: static Lcom/android/build/api/artifact/ArtifactKind;.<clinit>()V> (0x00000000e993fc18) 
thrown [s\src\hotspot\share\prims\jni.cpp, line 1108]
Event: 29531.962 Thread 0x000001ff8a4087f0 Exception <a 'java/lang/NoSuchMethodError'{0x00000000e7188130}: static Lcom/android/build/api/variant/BuildConfigField;.<clinit>()V> (0x00000000e7188130) 
thrown [s\src\hotspot\share\prims\jni.cpp, line 1108]
Event: 29533.527 Thread 0x000001ff947b0c10 Exception <a 'sun/nio/fs/WindowsException'{0x00000000e95f2198}> (0x00000000e95f2198) 
thrown [s\src\hotspot\share\prims\jni.cpp, line 517]
Event: 29533.529 Thread 0x000001ff947b0c10 Exception <a 'sun/nio/fs/WindowsException'{0x00000000e95f2a38}> (0x00000000e95f2a38) 
thrown [s\src\hotspot\share\prims\jni.cpp, line 517]
Event: 29533.530 Thread 0x000001ff947b0c10 Exception <a 'sun/nio/fs/WindowsException'{0x00000000e95f2ca8}> (0x00000000e95f2ca8) 
thrown [s\src\hotspot\share\prims\jni.cpp, line 517]
Event: 29535.895 Thread 0x000001ff8a40b070 Exception <a 'java/lang/NoSuchMethodError'{0x00000000f0e246f0}: static Ljava/lang/Object;.<clinit>()V> (0x00000000f0e246f0) 
thrown [s\src\hotspot\share\prims\jni.cpp, line 1108]
Event: 29544.991 Thread 0x000001ff8a40c9c0 Exception <a 'java/lang/NoSuchMethodError'{0x00000000e2082630}: static [Ljava/lang/Object;.<clinit>()V> (0x00000000e2082630) 
thrown [s\src\hotspot\share\prims\jni.cpp, line 1108]
Event: 29545.075 Thread 0x000001ff8a40c9c0 Exception <a 'java/lang/NoSuchMethodError'{0x00000000e20d1850}: static Lcom/android/build/api/variant/impl/VariantOutputImpl$SerializedForm;.<clinit>()V> (0x00000000e20d1850) 
thrown [s\src\hotspot\share\prims\jni.cpp, line 1108]
Event: 29545.092 Thread 0x000001ff8a40c9c0 Exception <a 'java/lang/NoSuchMethodError'{0x00000000e20e3a50}: static Lcom/android/build/api/variant/impl/VariantOutputConfigurationImpl;.<clinit>()V> (0x00000000e20e3a50) 
thrown [s\src\hotspot\share\prims\jni.cpp, line 1108]
Event: 31045.736 Thread 0x000001ff93ce89f0 Exception <a 'java/lang/NoSuchMethodError'{0x00000000ea281470}: 'java.lang.Object java.lang.invoke.DelegatingMethodHandle$Holder.reinvoke_L(java.lang.Object, java.lang.Object, java.lang.Object, java.lang.Object, java.lang.Object, java.lang.Object, java.lang.Object, java.lang.Object, java.lang.Object, java.lang.Object, java.lang.Object, java.lang.Object, java.lang.Object, java.lang.Object, java.lang.Object, java.lang.Object, java.lang.Object, java.lang.Object, java.lang.Object, java.lang.Object, java.lang.O
Event: 31046.986 Thread 0x000001ff93ce89f0 Exception <a 'java/lang/OutOfMemoryError'{0x00000000e9643ed0}: unable to create native thread: possibly out of memory or process/resource limits reached> (0x00000000e9643ed0) 
thrown [s\src\hotspot\share\prims\jvm.cpp, line 2926]

VM Operations (20 events):
Event: 29552.962 Executing VM operation: Cleanup
Event: 29552.962 Executing VM operation: Cleanup done
Event: 29554.978 Executing VM operation: Cleanup
Event: 29554.994 Executing VM operation: Cleanup done
Event: 29555.484 Executing VM operation: HandshakeAllThreads
Event: 29555.506 Executing VM operation: HandshakeAllThreads done
Event: 29556.510 Executing VM operation: Cleanup
Event: 29556.510 Executing VM operation: Cleanup done
Event: 29580.454 Executing VM operation: HandshakeAllThreads
Event: 29580.480 Executing VM operation: HandshakeAllThreads done
Event: 30897.448 Executing VM operation: G1CollectForAllocation
Event: 30898.160 Executing VM operation: G1CollectForAllocation done
Event: 31043.069 Executing VM operation: Cleanup
Event: 31043.074 Executing VM operation: Cleanup done
Event: 31045.085 Executing VM operation: Cleanup
Event: 31045.115 Executing VM operation: Cleanup done
Event: 31046.128 Executing VM operation: Cleanup
Event: 31046.129 Executing VM operation: Cleanup done
Event: 31047.587 Executing VM operation: HandshakeAllThreads
Event: 31047.590 Executing VM operation: HandshakeAllThreads done

Events (20 events):
Event: 31046.963 Thread 0x000001ff89945000 Thread added: 0x000001ff89945000
Event: 31046.963 Thread 0x000001ff89946440 Thread added: 0x000001ff89946440
Event: 31046.965 Thread 0x000001ff949b0460 Thread added: 0x000001ff949b0460
Event: 31046.966 Thread 0x000001ff949a9f20 Thread added: 0x000001ff949a9f20
Event: 31046.968 Thread 0x000001ff949af020 Thread added: 0x000001ff949af020
Event: 31046.970 Thread 0x000001ff949ac290 Thread added: 0x000001ff949ac290
Event: 31046.972 Thread 0x000001ff949ae600 Thread added: 0x000001ff949ae600
Event: 31046.972 Thread 0x000001ff949abd80 Thread added: 0x000001ff949abd80
Event: 31046.974 Thread 0x000001ff949aeb10 Thread added: 0x000001ff949aeb10
Event: 31046.975 Thread 0x000001ff949aae50 Thread added: 0x000001ff949aae50
Event: 31046.975 Thread 0x000001ff949b0970 Thread added: 0x000001ff949b0970
Event: 31046.975 Thread 0x000001ff949a9500 Thread added: 0x000001ff949a9500
Event: 31046.977 Thread 0x000001ff949adbe0 Thread added: 0x000001ff949adbe0
Event: 31046.977 Thread 0x000001ff949ab870 Thread added: 0x000001ff949ab870
Event: 31046.978 Thread 0x000001ff949ad6d0 Thread added: 0x000001ff949ad6d0
Event: 31046.978 Thread 0x000001ff949ae0f0 Thread added: 0x000001ff949ae0f0
Event: 31046.979 Thread 0x000001ff949af530 Thread added: 0x000001ff949af530
Event: 31046.980 Thread 0x000001ff949afa40 Thread added: 0x000001ff949afa40
Event: 31046.982 Thread 0x000001ff949ac7a0 Thread added: 0x000001ff949ac7a0
Event: 31046.982 Thread 0x000001ff949accb0 Thread added: 0x000001ff949accb0


Dynamic libraries:
0x00007ff7b9420000 - 0x00007ff7b942a000 	D:\Software Engineer Tools\Android Studio\jbr\bin\java.exe
0x00007ffee4050000 - 0x00007ffee4267000 	C:\windows\SYSTEM32\ntdll.dll
0x00007ffee2710000 - 0x00007ffee27d4000 	C:\windows\System32\KERNEL32.DLL
0x00007ffee1650000 - 0x00007ffee1a20000 	C:\windows\System32\KERNELBASE.dll
0x00007ffee1bf0000 - 0x00007ffee1d01000 	C:\windows\System32\ucrtbase.dll
0x00007ffea2430000 - 0x00007ffea244b000 	D:\Software Engineer Tools\Android Studio\jbr\bin\VCRUNTIME140.dll
0x00007ffec69f0000 - 0x00007ffec6a07000 	D:\Software Engineer Tools\Android Studio\jbr\bin\jli.dll
0x00007ffee27e0000 - 0x00007ffee298e000 	C:\windows\System32\USER32.dll
0x00007ffee1bc0000 - 0x00007ffee1be6000 	C:\windows\System32\win32u.dll
0x00007ffec8650000 - 0x00007ffec88e2000 	C:\windows\WinSxS\amd64_microsoft.windows.common-controls_6595b64144ccf1df_6.0.22621.4830_none_270fe7d773858e80\COMCTL32.dll
0x00007ffee1d40000 - 0x00007ffee1de7000 	C:\windows\System32\msvcrt.dll
0x00007ffee2ff0000 - 0x00007ffee3019000 	C:\windows\System32\GDI32.dll
0x00007ffee1a20000 - 0x00007ffee1b3b000 	C:\windows\System32\gdi32full.dll
0x00007ffee15b0000 - 0x00007ffee164a000 	C:\windows\System32\msvcp_win.dll
0x00007ffee2280000 - 0x00007ffee22b1000 	C:\windows\System32\IMM32.DLL
0x00007ffec69e0000 - 0x00007ffec69ec000 	D:\Software Engineer Tools\Android Studio\jbr\bin\vcruntime140_1.dll
0x00007ffe74900000 - 0x00007ffe7498d000 	D:\Software Engineer Tools\Android Studio\jbr\bin\msvcp140.dll
0x00007ffdf5e70000 - 0x00007ffdf6af3000 	D:\Software Engineer Tools\Android Studio\jbr\bin\server\jvm.dll
0x00007ffee3180000 - 0x00007ffee3231000 	C:\windows\System32\ADVAPI32.dll
0x00007ffee2db0000 - 0x00007ffee2e57000 	C:\windows\System32\sechost.dll
0x00007ffee1d10000 - 0x00007ffee1d38000 	C:\windows\System32\bcrypt.dll
0x00007ffee22c0000 - 0x00007ffee23d4000 	C:\windows\System32\RPCRT4.dll
0x00007ffeae430000 - 0x00007ffeae439000 	C:\windows\SYSTEM32\WSOCK32.dll
0x00007ffedbba0000 - 0x00007ffedbbd4000 	C:\windows\SYSTEM32\WINMM.dll
0x00007ffee11d0000 - 0x00007ffee121d000 	C:\windows\SYSTEM32\POWRPROF.dll
0x00007ffed9310000 - 0x00007ffed931a000 	C:\windows\SYSTEM32\VERSION.dll
0x00007ffee3f20000 - 0x00007ffee3f91000 	C:\windows\System32\WS2_32.dll
0x00007ffee11b0000 - 0x00007ffee11c3000 	C:\windows\SYSTEM32\UMPDC.dll
0x00007ffee0310000 - 0x00007ffee0328000 	C:\windows\SYSTEM32\kernel.appcore.dll
0x00007ffec2660000 - 0x00007ffec266a000 	D:\Software Engineer Tools\Android Studio\jbr\bin\jimage.dll
0x00007ffed7b00000 - 0x00007ffed7d32000 	C:\windows\SYSTEM32\DBGHELP.DLL
0x00007ffee2a20000 - 0x00007ffee2db0000 	C:\windows\System32\combase.dll
0x00007ffee30a0000 - 0x00007ffee3177000 	C:\windows\System32\OLEAUT32.dll
0x00007ffed5080000 - 0x00007ffed50b2000 	C:\windows\SYSTEM32\dbgcore.DLL
0x00007ffee13c0000 - 0x00007ffee143b000 	C:\windows\System32\bcryptPrimitives.dll
0x00007ffe9b9a0000 - 0x00007ffe9b9c5000 	D:\Software Engineer Tools\Android Studio\jbr\bin\java.dll
0x00007ffe728e0000 - 0x00007ffe728f8000 	D:\Software Engineer Tools\Android Studio\jbr\bin\zip.dll
0x00007ffee36a0000 - 0x00007ffee3f18000 	C:\windows\System32\SHELL32.dll
0x00007ffedf200000 - 0x00007ffedfb10000 	C:\windows\SYSTEM32\windows.storage.dll
0x00007ffedf0c0000 - 0x00007ffedf1ff000 	C:\windows\SYSTEM32\wintypes.dll
0x00007ffee2440000 - 0x00007ffee254a000 	C:\windows\System32\SHCORE.dll
0x00007ffee3fa0000 - 0x00007ffee3ffe000 	C:\windows\System32\shlwapi.dll
0x00007ffee1230000 - 0x00007ffee125b000 	C:\windows\SYSTEM32\profapi.dll
0x00007ffe728c0000 - 0x00007ffe728d9000 	D:\Software Engineer Tools\Android Studio\jbr\bin\net.dll
0x00007ffedd130000 - 0x00007ffedd25c000 	C:\windows\SYSTEM32\WINHTTP.dll
0x00007ffee07a0000 - 0x00007ffee080a000 	C:\windows\system32\mswsock.dll
0x00007ffe728a0000 - 0x00007ffe728b6000 	D:\Software Engineer Tools\Android Studio\jbr\bin\nio.dll
0x00007ffea7280000 - 0x00007ffea7290000 	D:\Software Engineer Tools\Android Studio\jbr\bin\verify.dll
0x00007ffe727c0000 - 0x00007ffe727e7000 	C:\Users\Naufal\.gradle\native\e1d6ef7f7dcc3fd88c89a11ec53ec762bb8ba0a96d01ffa2cd45eb1d1d8dd5c5\windows-amd64\native-platform.dll
0x00007ffe2e7f0000 - 0x00007ffe2e934000 	C:\Users\Naufal\.gradle\native\0d407fdbe67a94daf76414ababcb853783967236a71b16ec16e742cd7a986fd3\windows-amd64\native-platform-file-events.dll
0x00007ffea2840000 - 0x00007ffea2849000 	D:\Software Engineer Tools\Android Studio\jbr\bin\management.dll
0x00007ffe9fe40000 - 0x00007ffe9fe4b000 	D:\Software Engineer Tools\Android Studio\jbr\bin\management_ext.dll
0x00007ffee1df0000 - 0x00007ffee1df8000 	C:\windows\System32\PSAPI.DLL
0x00007ffee0a20000 - 0x00007ffee0a3b000 	C:\windows\SYSTEM32\CRYPTSP.dll
0x00007ffee0270000 - 0x00007ffee02a5000 	C:\windows\system32\rsaenh.dll
0x00007ffee08b0000 - 0x00007ffee08d8000 	C:\windows\SYSTEM32\USERENV.dll
0x00007ffee0a10000 - 0x00007ffee0a1c000 	C:\windows\SYSTEM32\CRYPTBASE.dll
0x00007ffedfdb0000 - 0x00007ffedfddd000 	C:\windows\SYSTEM32\IPHLPAPI.DLL
0x00007ffee2e60000 - 0x00007ffee2e69000 	C:\windows\System32\NSI.dll
0x00007ffedbe50000 - 0x00007ffedbe69000 	C:\windows\SYSTEM32\dhcpcsvc6.DLL
0x00007ffedbbe0000 - 0x00007ffedbbff000 	C:\windows\SYSTEM32\dhcpcsvc.DLL
0x00007ffedfde0000 - 0x00007ffedfee2000 	C:\windows\SYSTEM32\DNSAPI.dll
0x00007ffea5a30000 - 0x00007ffea5a38000 	C:\windows\system32\wshunix.dll
0x00007ffedcfd0000 - 0x00007ffedcfda000 	C:\Windows\System32\rasadhlp.dll
0x00007ffedab20000 - 0x00007ffedaba3000 	C:\windows\System32\fwpuclnt.dll
0x00007ffee0420000 - 0x00007ffee0454000 	C:\windows\SYSTEM32\ntmarta.dll

dbghelp: loaded successfully - version: 4.0.5 - missing functions: none
symbol engine: initialized successfully - sym options: 0x614 - pdb path: .;D:\Software Engineer Tools\Android Studio\jbr\bin;C:\windows\SYSTEM32;C:\windows\WinSxS\amd64_microsoft.windows.common-controls_6595b64144ccf1df_6.0.22621.4830_none_270fe7d773858e80;D:\Software Engineer Tools\Android Studio\jbr\bin\server;C:\Users\Naufal\.gradle\native\e1d6ef7f7dcc3fd88c89a11ec53ec762bb8ba0a96d01ffa2cd45eb1d1d8dd5c5\windows-amd64;C:\Users\Naufal\.gradle\native\0d407fdbe67a94daf76414ababcb853783967236a71b16ec16e742cd7a986fd3\windows-amd64

VM Arguments:
jvm_args: --add-opens=java.base/java.util=ALL-UNNAMED --add-opens=java.base/java.lang=ALL-UNNAMED --add-opens=java.base/java.lang.invoke=ALL-UNNAMED --add-opens=java.base/java.util=ALL-UNNAMED --add-opens=java.prefs/java.util.prefs=ALL-UNNAMED --add-opens=java.prefs/java.util.prefs=ALL-UNNAMED --add-opens=java.base/java.nio.charset=ALL-UNNAMED --add-opens=java.base/java.net=ALL-UNNAMED --add-opens=java.base/java.util.concurrent.atomic=ALL-UNNAMED -Xmx1536M -Dfile.encoding=windows-1252 -Duser.country=ID -Duser.language=en -Duser.variant 
java_command: org.gradle.launcher.daemon.bootstrap.GradleDaemon 7.5
java_class_path (initial): C:\Users\Naufal\.gradle\wrapper\dists\gradle-7.5-all\6qsw290k5lz422uaf8jf6m7co\gradle-7.5\lib\gradle-launcher-7.5.jar
Launcher Type: SUN_STANDARD

[Global flags]
     intx CICompilerCount                          = 4                                         {product} {ergonomic}
     uint ConcGCThreads                            = 3                                         {product} {ergonomic}
     uint G1ConcRefinementThreads                  = 10                                        {product} {ergonomic}
   size_t G1HeapRegionSize                         = 1048576                                   {product} {ergonomic}
    uintx GCDrainStackTargetSize                   = 64                                        {product} {ergonomic}
   size_t InitialHeapSize                          = 121634816                                 {product} {ergonomic}
   size_t MarkStackSize                            = 4194304                                   {product} {ergonomic}
   size_t MaxHeapSize                              = 1610612736                                {product} {command line}
   size_t MaxNewSize                               = 965738496                                 {product} {ergonomic}
   size_t MinHeapDeltaBytes                        = 1048576                                   {product} {ergonomic}
   size_t MinHeapSize                              = 8388608                                   {product} {ergonomic}
    uintx NonNMethodCodeHeapSize                   = 5839372                                {pd product} {ergonomic}
    uintx NonProfiledCodeHeapSize                  = 122909434                              {pd product} {ergonomic}
    uintx ProfiledCodeHeapSize                     = 122909434                              {pd product} {ergonomic}
    uintx ReservedCodeCacheSize                    = 251658240                              {pd product} {ergonomic}
     bool SegmentedCodeCache                       = true                                      {product} {ergonomic}
   size_t SoftMaxHeapSize                          = 1610612736                             {manageable} {ergonomic}
     bool UseCompressedClassPointers               = true                           {product lp64_product} {ergonomic}
     bool UseCompressedOops                        = true                           {product lp64_product} {ergonomic}
     bool UseG1GC                                  = true                                      {product} {ergonomic}
     bool UseLargePagesIndividualAllocation        = false                                  {pd product} {ergonomic}

Logging:
Log output configuration:
 #0: stdout all=warning uptime,level,tags
 #1: stderr all=off uptime,level,tags

Environment Variables:
JAVA_HOME=D:\Software Engineer Tools\Android Studio\jbr
CLASSPATH=D:\Software_Engineer_Projects\Flutter\camos\android\\gradle\wrapper\gradle-wrapper.jar
PATH=D:\Software Engineer Tools\Android Studio\jbr\bin;C:\windows\system32;C:\windows;C:\windows\System32\Wbem;C:\windows\System32\WindowsPowerShell\v1.0\;C:\windows\System32\OpenSSH\;C:\Program Files (x86)\NVIDIA Corporation\PhysX\Common;C:\Program Files\NVIDIA Corporation\NVIDIA NvDLISR;C:\Users\Administrator\AppData\Local\Microsoft\WindowsApps;C:\Program Files\HP\OMEN-Broadcast\Common;D:\Software Engineer Tools\Git\cmd;C:\Users\Naufal\fvm\default\bin;D:\Software Engineer Tools\nodejs\;C:\ProgramData\chocolatey\bin;C:\Strawberry\c\bin;C:\Strawberry\perl\site\bin;C:\Strawberry\perl\bin;C:\ProgramData\chocolatey\lib\lcov\tools\bin\genhtml;C:\Users\Naufal\AppData\Local\Microsoft\WindowsApps;D:\Software Engineer Tools\Microsoft VS Code\bin;C:\Users\Naufal\fvm\default\bin;C:\Users\Naufal\AppData\Roaming\npm;C:\Users\Naufal\AppData\Local\Pub\Cache\bin;C:\ProgramData\chocolatey\lib\lcov\tools\bin\genhtml;
USERNAME=Naufal
OS=Windows_NT
PROCESSOR_IDENTIFIER=AMD64 Family 25 Model 68 Stepping 1, AuthenticAMD
TMP=C:\Users\Naufal\AppData\Local\Temp
TEMP=C:\Users\Naufal\AppData\Local\Temp



Periodic native trim disabled

JNI global refs:
JNI global refs: 26, weak refs: 0

JNI global refs memory usage: 843, weak refs: 841

OOME stack traces (most recent first):
Classloader memory used:
Loader org.gradle.internal.classloader.VisitableURLClassLoader                         : 5367K
Loader org.gradle.internal.classloader.VisitableURLClassLoader                         : 3878K
Loader bootstrap                                                                       : 3696K
Loader org.gradle.initialization.MixInLegacyTypesClassLoader                           : 1540K
Loader org.gradle.groovy.scripts.internal.DefaultScriptCompilationHandler$ScriptClassLoader: 420K
Loader jdk.internal.reflect.DelegatingClassLoader                                      : 396K
Loader jdk.internal.loader.ClassLoaders$PlatformClassLoader                            : 98684B
Loader org.codehaus.groovy.runtime.callsite.CallSiteClassLoader                        : 36215B
Loader jdk.internal.loader.ClassLoaders$AppClassLoader                                 : 25675B
Loader sun.reflect.misc.MethodUtil                                                     : 519B

Classes loaded by more than one classloader:
Class build_2enl3egpjd6czz9w7dl4rmmjk$_run_closure1                                   : loaded 2 times (x 134B)
Class org.jetbrains.kotlin.config.MavenComparableVersion$ListItem                     : loaded 2 times (x 178B)
Class org.gradle.internal.installation.GradleInstallation                             : loaded 2 times (x 73B)
Class com.google.common.collect.UsingToStringOrdering                                 : loaded 2 times (x 112B)
Class com.google.common.collect.Iterators$MergingIterator                             : loaded 2 times (x 79B)
Class com.google.common.io.Closer$SuppressingSuppressor                               : loaded 2 times (x 72B)
Class org.objectweb.asm.ModuleVisitor                                                 : loaded 2 times (x 78B)
Class build_9yfkzzr18rikfbwvqrmy72zxz$_run_closure1                                   : loaded 2 times (x 134B)
Class com.google.common.collect.Maps$IteratorBasedAbstractMap$1                       : loaded 2 times (x 136B)
Class com.google.common.io.ByteSource                                                 : loaded 2 times (x 82B)
Class build_80h370ni06usk7t0bt1vm9uso$_run_closure1$_closure3                         : loaded 2 times (x 134B)
Class [Lcom.google.common.collect.AbstractMapEntry;                                   : loaded 2 times (x 67B)
Class com.google.common.collect.ImmutableRangeSet$AsSet                               : loaded 2 times (x 233B)
Class com.google.common.collect.SingletonImmutableList                                : loaded 2 times (x 167B)
Class com.google.common.cache.CacheLoader$SupplierToCacheLoader                       : loaded 2 times (x 73B)
Class org.gradle.internal.classpath.ClassPath                                         : loaded 2 times (x 68B)
Class com.google.common.io.FileWriteMode                                              : loaded 2 times (x 77B)
Class com.google.common.cache.RemovalListener                                         : loaded 2 times (x 68B)
Class org.gradle.api.internal.classpath.DefaultModuleRegistry                         : loaded 2 times (x 84B)
Class build_l619ekk6cblxl2z4vq7yusm5$_run_closure1$_closure3                          : loaded 2 times (x 134B)
Class com.google.common.collect.FluentIterable$1                                      : loaded 2 times (x 79B)
Class com.google.common.collect.FluentIterable$2                                      : loaded 2 times (x 79B)
Class com.google.common.collect.FluentIterable$3                                      : loaded 2 times (x 79B)
Class com.google.common.collect.ImmutableEnumSet                                      : loaded 2 times (x 146B)
Class com.android.build.gradle.TestPlugin                                             : loaded 2 times (x 75B)
Class com.google.common.collect.ListMultimap                                          : loaded 2 times (x 68B)
Class com.google.common.base.CharMatcher$JavaDigit                                    : loaded 2 times (x 109B)
Class com.google.common.base.CharMatcher$Digit                                        : loaded 2 times (x 110B)
Class com.google.common.collect.AbstractMultimap                                      : loaded 2 times (x 121B)
Class com.google.common.cache.CacheBuilder$OneWeigher                                 : loaded 2 times (x 80B)
Class org.gradle.api.Action                                                           : loaded 2 times (x 68B)
Class com.google.common.collect.ImmutableEntry                                        : loaded 2 times (x 80B)
Class com.google.common.collect.Lists$StringAsImmutableList                           : loaded 2 times (x 167B)
Class com.android.build.gradle.LibraryPlugin                                          : loaded 2 times (x 75B)
Class com.google.common.cache.LocalCache$StrongEntry                                  : loaded 2 times (x 106B)
Class org.objectweb.asm.FieldWriter                                                   : loaded 2 times (x 75B)
Class com.google.common.base.CharMatcher                                              : loaded 2 times (x 109B)
Class build_2enl3egpjd6czz9w7dl4rmmjk                                                 : loaded 2 times (x 178B)
Class com.google.common.base.CharMatcher$IsNot                                        : loaded 2 times (x 109B)
Class com.google.common.collect.RegularImmutableSortedSet                             : loaded 2 times (x 233B)
Class org.jetbrains.kotlin.config.MavenComparableVersion$IntegerItem                  : loaded 2 times (x 78B)
Class com.google.common.collect.Maps$IteratorBasedAbstractMap                         : loaded 2 times (x 123B)
Class com.google.common.collect.SetMultimap                                           : loaded 2 times (x 68B)
Class com.google.common.base.Splitter                                                 : loaded 2 times (x 70B)
Class [Lcom.google.common.cache.Weigher;                                              : loaded 2 times (x 67B)
Class com.google.common.collect.Iterators$ArrayItr                                    : loaded 2 times (x 95B)
Class com.google.common.cache.LocalCache$Segment                                      : loaded 2 times (x 152B)
Class org.gradle.api.internal.DefaultClassPathProvider                                : loaded 2 times (x 74B)
Class org.gradle.internal.installation.GradleInstallation$1                           : loaded 2 times (x 73B)
Class flutter_ah7t40xr1tjr94mk2otphm6wo                                               : loaded 2 times (x 175B)
Class com.google.common.cache.LocalCache$AbstractReferenceEntry                       : loaded 2 times (x 105B)
Class org.objectweb.asm.Type                                                          : loaded 2 times (x 70B)
Class com.google.common.util.concurrent.AbstractFuture$Failure                        : loaded 2 times (x 70B)
Class com.google.common.base.CharMatcher$BitSetMatcher                                : loaded 2 times (x 110B)
Class com.google.common.collect.ImmutableMap$IteratorBasedImmutableMap                : loaded 2 times (x 123B)
Class build_9uq4rlnk2dgmrwdwp9ha4d32x$_run_closure1                                   : loaded 2 times (x 134B)
Class build_d926hllxdtp8i9js4j19nhcr3$_run_closure1$_closure3                         : loaded 2 times (x 134B)
Class com.google.common.io.Files$FileByteSource                                       : loaded 2 times (x 83B)
Class com.google.common.collect.ImmutableMap                                          : loaded 2 times (x 118B)
Class org.jetbrains.kotlin.config.LanguageFeature                                     : loaded 2 times (x 77B)
Class com.google.common.collect.AbstractMapBasedMultimap$Itr                          : loaded 2 times (x 81B)
Class com.google.common.base.Converter                                                : loaded 2 times (x 88B)
Class com.google.common.collect.ImmutableSortedSetFauxverideShim                      : loaded 2 times (x 145B)
Class org.jetbrains.kotlin.config.JvmDefaultMode                                      : loaded 2 times (x 77B)
Class [Lorg.jetbrains.kotlin.config.JvmDefaultMode;                                   : loaded 2 times (x 67B)
Class build_750xmhrpsta11uef4jj2yr5g1$_run_closure1                                   : loaded 2 times (x 134B)
Class com.google.common.base.Equivalence                                              : loaded 2 times (x 80B)
Class com.google.common.cache.LocalCache$EntryFactory$1                               : loaded 2 times (x 81B)
Class com.google.common.primitives.Ints                                               : loaded 2 times (x 69B)
Class com.google.common.cache.LocalCache$EntryFactory$2                               : loaded 2 times (x 81B)
Class com.google.common.cache.LocalCache$EntryFactory$3                               : loaded 2 times (x 81B)
Class [Lcom.google.common.collect.Maps$EntryFunction;                                 : loaded 2 times (x 67B)
Class com.google.common.cache.LocalCache$EntryFactory$4                               : loaded 2 times (x 81B)
Class com.google.common.cache.LocalCache$EntryFactory$5                               : loaded 2 times (x 81B)
Class com.google.common.cache.LocalCache$EntryFactory$6                               : loaded 2 times (x 81B)
Class com.google.common.cache.LocalCache$EntryFactory$7                               : loaded 2 times (x 81B)
Class com.google.common.cache.LocalCache$EntryFactory$8                               : loaded 2 times (x 81B)
Class build_4r8zzeegtzo6daye0lgyujlh0$_run_closure1$_closure3                         : loaded 2 times (x 134B)
Class com.google.common.base.Predicate                                                : loaded 2 times (x 68B)
Class com.google.common.cache.LocalCache$StrongValueReference                         : loaded 2 times (x 88B)
Class org.gradle.internal.classloader.FilteringClassLoader                            : loaded 2 times (x 103B)
Class build_80h370ni06usk7t0bt1vm9uso                                                 : loaded 2 times (x 178B)
Class com.google.common.collect.AbstractMapBasedMultimap$WrappedCollection            : loaded 2 times (x 122B)
Class com.android.build.VariantOutput$FilterType                                      : loaded 2 times (x 77B)
Class com.google.common.collect.RegularImmutableSet                                   : loaded 2 times (x 146B)
Class build_l619ekk6cblxl2z4vq7yusm5                                                  : loaded 2 times (x 178B)
Class [Lcom.google.common.cache.LocalCache$Strength;                                  : loaded 2 times (x 67B)
Class org.gradle.internal.classpath.DefaultClassPath$ImmutableUniqueList$Builder      : loaded 2 times (x 73B)
Class com.google.common.collect.AbstractRangeSet                                      : loaded 2 times (x 112B)
Class com.google.common.collect.ExplicitOrdering                                      : loaded 2 times (x 113B)
Class com.google.common.collect.SortedSetMultimap                                     : loaded 2 times (x 68B)
Class com.google.common.collect.Maps$8                                                : loaded 2 times (x 80B)
Class com.google.common.base.PatternCompiler                                          : loaded 2 times (x 68B)
Class [Lcom.google.common.cache.CacheBuilder$NullListener;                            : loaded 2 times (x 67B)
Class com.google.common.base.CharMatcher$InRange                                      : loaded 2 times (x 109B)
Class build_1jfdzzng3cjr74yavc3dux8du$_run_closure1                                   : loaded 2 times (x 134B)
Class com.google.common.collect.Maps$KeySet                                           : loaded 2 times (x 135B)
Class com.google.common.collect.Sets$SetView                                          : loaded 2 times (x 136B)
Class com.google.common.collect.BiMap                                                 : loaded 2 times (x 68B)
Class com.google.common.collect.Lists                                                 : loaded 2 times (x 69B)
Class org.objectweb.asm.AnnotationWriter                                              : loaded 2 times (x 76B)
Class com.google.common.math.IntMath$1                                                : loaded 2 times (x 69B)
Class org.gradle.internal.classloader.ClassLoaderVisitor                              : loaded 2 times (x 74B)
Class org.objectweb.asm.Label                                                         : loaded 2 times (x 71B)
Class build_2c26tt4x4lwny1aii3hw5goey                                                 : loaded 2 times (x 178B)
Class com.google.common.cache.CacheBuilder$NullListener                               : loaded 2 times (x 80B)
Class com.google.common.math.MathPreconditions                                        : loaded 2 times (x 69B)
Class build_84sbunjw61pyryaill3796pqh                                                 : loaded 2 times (x 178B)
Class org.gradle.internal.service.DefaultServiceLocator                               : loaded 2 times (x 81B)
Class org.gradle.internal.service.UnknownServiceException                             : loaded 2 times (x 81B)
Class com.google.common.util.concurrent.AbstractFuture$SynchronizedHelper             : loaded 2 times (x 74B)
Class com.google.common.collect.ArrayListMultimap                                     : loaded 2 times (x 170B)
Class com.google.common.collect.Collections2$FilteredCollection                       : loaded 2 times (x 117B)
Class com.google.common.base.Strings                                                  : loaded 2 times (x 69B)
Class build_d926hllxdtp8i9js4j19nhcr3$_run_closure1                                   : loaded 2 times (x 134B)
Class com.google.common.io.Closer                                                     : loaded 2 times (x 76B)
Class com.google.common.cache.CacheLoader$InvalidCacheLoadException                   : loaded 2 times (x 80B)
Class org.gradle.internal.classloader.DefaultClassLoaderFactory                       : loaded 2 times (x 80B)
Class com.google.common.collect.UnmodifiableIterator                                  : loaded 2 times (x 78B)
Class com.google.common.collect.Sets$2$1                                              : loaded 2 times (x 80B)
Class com.google.common.base.Stopwatch                                                : loaded 2 times (x 70B)
Class com.google.common.base.Platform$JdkPatternCompiler                              : loaded 2 times (x 73B)
Class com.google.common.cache.LocalCache$LoadingValueReference                        : loaded 2 times (x 94B)
Class build_qxg3oofsulrvapnk6gxawqqr$_run_closure1                                    : loaded 2 times (x 134B)
Class com.google.common.base.CharMatcher$SingleWidth                                  : loaded 2 times (x 110B)
Class com.google.common.collect.Hashing                                               : loaded 2 times (x 69B)
Class com.google.common.collect.NullsFirstOrdering                                    : loaded 2 times (x 113B)
Class com.google.common.collect.ImmutableRangeSet$ComplementRanges                    : loaded 2 times (x 167B)
Class com.google.common.collect.NaturalOrdering                                       : loaded 2 times (x 113B)
Class build_637grcp24qpw9mr6qop07d31q$_run_closure1                                   : loaded 2 times (x 134B)
Class com.google.common.base.JdkPattern                                               : loaded 2 times (x 73B)
Class com.google.common.base.Optional                                                 : loaded 2 times (x 78B)
Class com.google.common.collect.Multimap                                              : loaded 2 times (x 68B)
Class com.google.common.collect.ByFunctionOrdering                                    : loaded 2 times (x 113B)
Class flutter_ah7t40xr1tjr94mk2otphm6wo$_run_closure1$_closure2                       : loaded 2 times (x 134B)
Class com.google.common.base.FunctionalEquivalence                                    : loaded 2 times (x 81B)
Class org.jetbrains.kotlin.config.AnalysisFlag                                        : loaded 2 times (x 70B)
Class org.objectweb.asm.AnnotationVisitor                                             : loaded 2 times (x 75B)
Class org.objectweb.asm.RecordComponentWriter                                         : loaded 2 times (x 76B)
Class com.google.common.cache.LocalCache$1                                            : loaded 2 times (x 87B)
Class com.google.common.cache.LocalCache$2                                            : loaded 2 times (x 140B)
Class build_c8e4r4f3b4od7lsfbj77hyrin$_run_closure1                                   : loaded 2 times (x 134B)
Class com.google.common.collect.RegularImmutableBiMap                                 : loaded 2 times (x 147B)
Class org.gradle.internal.classloader.VisitableURLClassLoader$Spec                    : loaded 2 times (x 72B)
Class org.gradle.api.GradleException                                                  : loaded 2 times (x 80B)
Class com.google.common.base.CharMatcher$JavaLetterOrDigit                            : loaded 2 times (x 109B)
Class org.gradle.api.internal.classpath.ModuleRegistry                                : loaded 2 times (x 68B)
Class com.google.common.collect.CompoundOrdering                                      : loaded 2 times (x 113B)
Class com.google.common.cache.CacheBuilder                                            : loaded 2 times (x 70B)
Class org.objectweb.asm.ByteVector                                                    : loaded 2 times (x 76B)
Class com.google.common.collect.ImmutableCollection                                   : loaded 2 times (x 123B)
Class build_ct4c72zvj90rydf5t05jlf2cr$_run_closure1                                   : loaded 2 times (x 134B)
Class com.google.common.collect.ImmutableRangeSet                                     : loaded 2 times (x 113B)
Class com.google.common.base.PairwiseEquivalence                                      : loaded 2 times (x 81B)
Class com.google.common.base.Ticker                                                   : loaded 2 times (x 70B)
Class org.gradle.api.internal.ClassPathProvider                                       : loaded 2 times (x 68B)
Class com.google.common.collect.RegularImmutableMap$Values                            : loaded 2 times (x 167B)
Class org.objectweb.asm.ModuleWriter                                                  : loaded 2 times (x 79B)
Class org.gradle.internal.classloader.ClasspathUtil$1                                 : loaded 2 times (x 74B)
Class com.google.common.collect.ImmutableEnumMap                                      : loaded 2 times (x 123B)
Class com.google.common.collect.ImmutableList$ReverseImmutableList                    : loaded 2 times (x 168B)
Class [Lorg.jetbrains.kotlin.utils.DescriptionAware;                                  : loaded 2 times (x 67B)
Class [Lorg.jetbrains.kotlin.config.ExplicitApiMode;                                  : loaded 2 times (x 67B)
Class com.google.common.cache.AbstractCache$StatsCounter                              : loaded 2 times (x 68B)
Class com.google.common.collect.Maps$EntryFunction$1                                  : loaded 2 times (x 89B)
Class com.google.common.collect.Maps$EntryFunction$2                                  : loaded 2 times (x 89B)
Class org.objectweb.asm.FieldVisitor                                                  : loaded 2 times (x 74B)
Class build_ddd7ovgaq0yf29vkruji6g85k                                                 : loaded 2 times (x 178B)
Class org.objectweb.asm.Symbol                                                        : loaded 2 times (x 71B)
Class build_d2ldzp9yj4jdu73jdcq19ysiq                                                 : loaded 2 times (x 178B)
Class com.google.common.collect.Ordering                                              : loaded 2 times (x 112B)
Class com.google.common.cache.LocalCache$Strength$1                                   : loaded 2 times (x 79B)
Class com.google.common.cache.LocalCache$Strength$2                                   : loaded 2 times (x 79B)
Class com.google.common.cache.LocalCache$Strength$3                                   : loaded 2 times (x 79B)
Class org.gradle.internal.classloader.ClassLoaderFactory                              : loaded 2 times (x 68B)
Class build_16hudcxsk9rdp7bf3y66z7t0y$_run_closure1                                   : loaded 2 times (x 134B)
Class com.google.common.collect.ObjectArrays                                          : loaded 2 times (x 69B)
Class build_4fnsrkbo33ftsjjl418pbjdpt$_run_closure1                                   : loaded 2 times (x 134B)
Class com.google.common.base.Absent                                                   : loaded 2 times (x 78B)
Class com.google.common.util.concurrent.AbstractFuture$Waiter                         : loaded 2 times (x 70B)
Class com.google.common.util.concurrent.Uninterruptibles                              : loaded 2 times (x 69B)
Class com.google.common.collect.Iterators$10                                          : loaded 2 times (x 79B)
Class com.google.common.collect.Iterators$EmptyModifiableIterator                     : loaded 2 times (x 84B)
Class com.google.common.collect.ImmutableList                                         : loaded 2 times (x 166B)
Class org.gradle.api.internal.classpath.ManifestUtil                                  : loaded 2 times (x 69B)
Class org.gradle.api.specs.Spec                                                       : loaded 2 times (x 68B)
Class com.google.common.collect.RangeSet                                              : loaded 2 times (x 68B)
Class com.google.common.cache.CacheLoader$UnsupportedLoadingOperationException        : loaded 2 times (x 80B)
Class com.google.common.base.CharMatcher$Whitespace                                   : loaded 2 times (x 110B)
Class build_9yfkzzr18rikfbwvqrmy72zxz                                                 : loaded 2 times (x 178B)
Class build_1jfdzzng3cjr74yavc3dux8du                                                 : loaded 2 times (x 178B)
Class com.google.common.util.concurrent.ListenableFuture                              : loaded 2 times (x 68B)
Class com.google.common.collect.Iterators$1                                           : loaded 2 times (x 79B)
Class com.google.common.collect.Iterators$4                                           : loaded 2 times (x 80B)
Class com.google.common.collect.Iterators$5                                           : loaded 2 times (x 80B)
Class com.google.common.collect.Iterators$6                                           : loaded 2 times (x 79B)
Class com.google.common.util.concurrent.AbstractFuture$UnsafeAtomicHelper             : loaded 2 times (x 74B)
Class com.google.common.base.Joiner                                                   : loaded 2 times (x 77B)
Class com.google.common.base.Equivalence$Equals                                       : loaded 2 times (x 80B)
Class com.google.common.base.Preconditions                                            : loaded 2 times (x 69B)
Class com.android.build.VariantOutput                                                 : loaded 2 times (x 68B)
Class com.google.common.base.Function                                                 : loaded 2 times (x 68B)
Class com.google.common.collect.Iterators$9                                           : loaded 2 times (x 79B)
Class org.gradle.internal.IoActions                                                   : loaded 2 times (x 69B)
Class com.google.common.collect.AllEqualOrdering                                      : loaded 2 times (x 112B)
Class com.google.common.collect.ComparatorOrdering                                    : loaded 2 times (x 113B)
Class org.jetbrains.kotlin.config.LanguageFeature$State                               : loaded 2 times (x 80B)
Class com.google.common.cache.ReferenceEntry                                          : loaded 2 times (x 68B)
Class com.google.common.collect.RegularImmutableMap$KeySet                            : loaded 2 times (x 148B)
Class com.google.common.collect.CollectPreconditions                                  : loaded 2 times (x 69B)
Class [Lcom.google.common.base.Function;                                              : loaded 2 times (x 67B)
Class com.google.common.primitives.IntsMethodsForWeb                                  : loaded 2 times (x 69B)
Class com.google.common.collect.LexicographicalOrdering                               : loaded 2 times (x 113B)
Class build_ddd7ovgaq0yf29vkruji6g85k$_run_closure1                                   : loaded 2 times (x 134B)
Class com.google.common.collect.RangeGwtSerializationDependencies                     : loaded 2 times (x 69B)
Class com.google.common.collect.Maps                                                  : loaded 2 times (x 69B)
Class com.google.common.collect.RegularImmutableMap                                   : loaded 2 times (x 119B)
Class com.google.common.collect.AbstractIndexedListIterator                           : loaded 2 times (x 94B)
Class com.google.common.base.CharMatcher$None                                         : loaded 2 times (x 110B)
Class build_ct4c72zvj90rydf5t05jlf2cr                                                 : loaded 2 times (x 178B)
Class build_dk6pqsl791p57z82ciar94pen$_run_closure1$_closure3                         : loaded 2 times (x 134B)
Class org.gradle.api.internal.classpath.EffectiveClassPath                            : loaded 2 times (x 88B)
Class com.google.common.collect.UnmodifiableListIterator                              : loaded 2 times (x 93B)
Class com.google.common.io.Files                                                      : loaded 2 times (x 69B)
Class com.google.common.cache.CacheLoader$FunctionToCacheLoader                       : loaded 2 times (x 73B)
Class com.google.common.cache.CacheBuilder$1                                          : loaded 2 times (x 83B)
Class com.google.common.cache.CacheBuilder$2                                          : loaded 2 times (x 77B)
Class com.google.common.collect.ImmutableList$1                                       : loaded 2 times (x 95B)
Class com.google.common.base.Splitter$Strategy                                        : loaded 2 times (x 68B)
Class build_6om3anffb0hys8xj0l3rv36vu$_run_closure1                                   : loaded 2 times (x 134B)
Class com.google.common.cache.CacheBuilder$3                                          : loaded 2 times (x 70B)
Class com.google.common.collect.ImmutableMapEntrySet$RegularEntrySet                  : loaded 2 times (x 149B)
Class build_68yaskayt1y814sn0sftjxl3w$_run_closure1                                   : loaded 2 times (x 134B)
Class com.google.common.base.Predicates$CompositionPredicate                          : loaded 2 times (x 86B)
Class [Lcom.google.common.cache.RemovalListener;                                      : loaded 2 times (x 67B)
Class [Lcom.google.common.collect.ImmutableMapEntry;                                  : loaded 2 times (x 67B)
Class org.gradle.internal.installation.CurrentGradleInstallation                      : loaded 2 times (x 71B)
Class org.gradle.internal.installation.CurrentGradleInstallationLocator               : loaded 2 times (x 69B)
Class [Lcom.google.common.cache.LocalCache$Segment;                                   : loaded 2 times (x 67B)
Class org.gradle.api.internal.classpath.Module                                        : loaded 2 times (x 68B)
Class com.google.common.collect.Multimaps$CustomSetMultimap                           : loaded 2 times (x 176B)
Class com.google.common.collect.ImmutableSortedSet                                    : loaded 2 times (x 233B)
Class com.google.common.base.Splitter$1$1                                             : loaded 2 times (x 84B)
Class build_5gakbywtkysa704crylvm4ixr$_run_closure1                                   : loaded 2 times (x 134B)
Class com.google.common.collect.ImmutableSet$JdkBackedSetBuilderImpl                  : loaded 2 times (x 74B)
Class [Lorg.jetbrains.kotlin.config.LanguageOrApiVersion;                             : loaded 2 times (x 67B)
Class com.google.common.collect.ImmutableSet$RegularSetBuilderImpl                    : loaded 2 times (x 75B)
Class org.gradle.internal.service.CachingServiceLocator                               : loaded 2 times (x 80B)
Class [Lcom.google.common.collect.ImmutableEntry;                                     : loaded 2 times (x 67B)
Class com.google.common.collect.Sets$ImprovedAbstractSet                              : loaded 2 times (x 133B)
Class build_d926hllxdtp8i9js4j19nhcr3                                                 : loaded 2 times (x 178B)
Class build_3kraqyea8ej3xb6xn132ym5wr$_run_closure1                                   : loaded 2 times (x 134B)
Class org.gradle.internal.classpath.DefaultClassPath                                  : loaded 2 times (x 88B)
Class com.android.build.gradle.api.AndroidBasePlugin                                  : loaded 2 times (x 72B)
Class com.google.common.collect.AbstractSetMultimap                                   : loaded 2 times (x 172B)
Class build_l619ekk6cblxl2z4vq7yusm5$_run_closure1                                    : loaded 2 times (x 134B)
Class build_cums7tnqx4mkdfp46t4qhvlxa$_run_closure1                                   : loaded 2 times (x 134B)
Class org.gradle.api.Transformer                                                      : loaded 2 times (x 68B)
Class com.google.common.collect.AbstractMapBasedMultimap$2                            : loaded 2 times (x 83B)
Class com.google.common.util.concurrent.AbstractFuture$SetFuture                      : loaded 2 times (x 73B)
Class build_68yaskayt1y814sn0sftjxl3w                                                 : loaded 2 times (x 178B)
Class com.google.common.collect.CollectCollectors                                     : loaded 2 times (x 69B)
Class build_8ftbpozrewr54n8nsyach12gc                                                 : loaded 2 times (x 178B)
Class build_dsmxhaaidmdyh0ymhe52t6hyh                                                 : loaded 2 times (x 178B)
Class build_dsmxhaaidmdyh0ymhe52t6hyh$_run_closure1                                   : loaded 2 times (x 134B)
Class com.google.common.collect.TransformedIterator                                   : loaded 2 times (x 78B)
Class com.google.common.base.Splitter$SplittingIterator                               : loaded 2 times (x 82B)
Class build_4r8zzeegtzo6daye0lgyujlh0                                                 : loaded 2 times (x 179B)
Class com.google.common.cache.LocalCache$LocalManualCache$1                           : loaded 2 times (x 73B)
Class org.jetbrains.kotlin.config.ExplicitApiMode                                     : loaded 2 times (x 77B)
Class build_dk6pqsl791p57z82ciar94pen                                                 : loaded 2 times (x 178B)
Class [Lcom.google.common.collect.AbstractIterator$State;                             : loaded 2 times (x 67B)
Class org.objectweb.asm.SymbolTable$Entry                                             : loaded 2 times (x 72B)
Class [Lcom.google.common.cache.LocalCache$EntryFactory;                              : loaded 2 times (x 67B)
Class com.google.common.base.CharMatcher$Is                                           : loaded 2 times (x 109B)
Class com.google.common.collect.Maps$AbstractFilteredMap                              : loaded 2 times (x 125B)
Class com.google.common.base.Platform                                                 : loaded 2 times (x 69B)
Class com.google.common.collect.RegularImmutableAsList                                : loaded 2 times (x 176B)
Class com.google.common.collect.PeekingIterator                                       : loaded 2 times (x 68B)
Class build_3kraqyea8ej3xb6xn132ym5wr                                                 : loaded 2 times (x 178B)
Class com.google.common.collect.AbstractMapBasedMultimap$WrappedSet                   : loaded 2 times (x 140B)
Class com.google.common.collect.ImmutableMapEntrySet                                  : loaded 2 times (x 149B)
Class com.google.common.cache.CacheLoader                                             : loaded 2 times (x 72B)
Class com.google.common.collect.ImmutableBiMapFauxverideShim                          : loaded 2 times (x 118B)
Class org.objectweb.asm.MethodTooLargeException                                       : loaded 2 times (x 81B)
Class com.google.common.cache.Cache                                                   : loaded 2 times (x 68B)
Class com.google.common.collect.Maps$EntrySet                                         : loaded 2 times (x 134B)
Class org.jetbrains.kotlin.config.ApiVersion                                          : loaded 2 times (x 83B)
Class org.gradle.internal.classloader.SystemClassLoaderSpec                           : loaded 2 times (x 69B)
Class build_n566z3p39vg9hxgut6loikrl                                                  : loaded 2 times (x 178B)
Class com.google.common.util.concurrent.internal.InternalFutureFailureAccess          : loaded 2 times (x 70B)
Class com.google.common.base.Charsets                                                 : loaded 2 times (x 69B)
Class org.jetbrains.kotlin.utils.DescriptionAware                                     : loaded 2 times (x 68B)
Class com.google.common.primitives.Ints$IntConverter                                  : loaded 2 times (x 88B)
Class com.google.common.collect.SingletonImmutableSet                                 : loaded 2 times (x 146B)
Class [Lcom.google.common.base.AbstractIterator$State;                                : loaded 2 times (x 67B)
Class com.google.common.collect.ImmutableMap$Builder                                  : loaded 2 times (x 78B)
Class com.google.common.base.AbstractIterator                                         : loaded 2 times (x 78B)
Class build_dk6pqsl791p57z82ciar94pen$_run_closure1                                   : loaded 2 times (x 134B)
Class org.objectweb.asm.ClassWriter                                                   : loaded 2 times (x 102B)
Class com.google.common.collect.Range                                                 : loaded 2 times (x 85B)
Class org.jetbrains.kotlin.config.LanguageVersion                                     : loaded 2 times (x 87B)
Class com.google.common.base.AbstractIterator$1                                       : loaded 2 times (x 69B)
Class build_cums7tnqx4mkdfp46t4qhvlxa                                                 : loaded 2 times (x 178B)
Class org.jetbrains.kotlin.config.MavenComparableVersion$Item                         : loaded 2 times (x 68B)
Class [Lcom.google.common.cache.CacheBuilder$OneWeigher;                              : loaded 2 times (x 67B)
Class com.google.common.collect.Iterators                                             : loaded 2 times (x 69B)
Class com.google.common.base.CharMatcher$1                                            : loaded 2 times (x 111B)
Class com.google.common.base.CharMatcher$Ascii                                        : loaded 2 times (x 110B)
Class build_6om3anffb0hys8xj0l3rv36vu                                                 : loaded 2 times (x 178B)
Class org.gradle.api.UncheckedIOException                                             : loaded 2 times (x 80B)
Class com.google.common.base.CharMatcher$And                                          : loaded 2 times (x 110B)
Class [Lcom.google.common.io.FileWriteMode;                                           : loaded 2 times (x 67B)
Class com.google.common.io.Files$FileByteSink                                         : loaded 2 times (x 75B)
Class com.google.common.collect.IndexedImmutableSet                                   : loaded 2 times (x 148B)
Class com.google.common.base.ExtraObjectsMethodsForWeb                                : loaded 2 times (x 69B)
Class com.google.common.collect.IndexedImmutableSet$1                                 : loaded 2 times (x 172B)
Class com.google.common.collect.AbstractListMultimap                                  : loaded 2 times (x 170B)
Class com.google.common.base.CharMatcher$Any                                          : loaded 2 times (x 110B)
Class com.google.common.cache.LocalCache$Strength                                     : loaded 2 times (x 79B)
Class com.google.common.collect.AbstractMapBasedMultimap$KeySet                       : loaded 2 times (x 135B)
Class com.google.common.collect.SortedIterable                                        : loaded 2 times (x 68B)
Class com.google.common.collect.ArrayListMultimapGwtSerializationDependencies         : loaded 2 times (x 170B)
Class com.google.common.base.CharMatcher$RangesMatcher                                : loaded 2 times (x 110B)
Class com.google.common.collect.AbstractMapBasedMultimap$RandomAccessWrappedList      : loaded 2 times (x 165B)
Class org.objectweb.asm.Handler                                                       : loaded 2 times (x 70B)
Class build_d2ldzp9yj4jdu73jdcq19ysiq$_run_closure1                                   : loaded 2 times (x 134B)
Class build_2lx9kukjwem3scgi153omnidj$_run_closure1                                   : loaded 2 times (x 134B)
Class com.google.common.collect.ImmutableList$SubList                                 : loaded 2 times (x 168B)
Class com.google.common.cache.LocalCache$ValueReference                               : loaded 2 times (x 68B)
Class com.google.common.collect.CollectSpliterators                                   : loaded 2 times (x 69B)
Class org.gradle.internal.classloader.ClasspathUtil                                   : loaded 2 times (x 69B)
Class org.objectweb.asm.CurrentFrame                                                  : loaded 2 times (x 71B)
Class com.google.common.util.concurrent.AbstractFuture                                : loaded 2 times (x 93B)
Class build_4fnsrkbo33ftsjjl418pbjdpt$_run_closure1$_closure3                         : loaded 2 times (x 134B)
Class com.google.common.base.Splitter$1                                               : loaded 2 times (x 75B)
Class com.google.common.collect.ReverseOrdering                                       : loaded 2 times (x 113B)
Class com.google.common.base.Ticker$1                                                 : loaded 2 times (x 70B)
Class com.google.common.collect.Maps$BiMapConverter                                   : loaded 2 times (x 88B)
Class org.gradle.api.internal.DefaultClassPathRegistry                                : loaded 2 times (x 74B)
Class org.jetbrains.kotlin.config.LanguageOrApiVersion                                : loaded 2 times (x 68B)
Class com.google.common.collect.AbstractIterator$State                                : loaded 2 times (x 77B)
Class com.google.common.util.concurrent.AbstractFuture$Cancellation                   : loaded 2 times (x 70B)
Class [Lorg.objectweb.asm.Symbol;                                                     : loaded 2 times (x 67B)
Class com.google.common.collect.Multimaps$Entries                                     : loaded 2 times (x 116B)
Class com.google.common.base.Predicates                                               : loaded 2 times (x 69B)
Class com.google.common.collect.ImmutableSet$SetBuilderImpl                           : loaded 2 times (x 74B)
Class org.gradle.api.internal.classpath.DefaultModuleRegistry$DefaultModule           : loaded 2 times (x 84B)
Class com.google.common.base.CharMatcher$JavaIsoControl                               : loaded 2 times (x 110B)
Class com.google.common.collect.ImmutableMap$1                                        : loaded 2 times (x 79B)
Class org.jetbrains.kotlin.config.ApiVersion$Companion                                : loaded 2 times (x 69B)
Class org.jetbrains.kotlin.config.JvmDefaultMode$Companion                            : loaded 2 times (x 69B)
Class com.google.common.base.CharMatcher$Or                                           : loaded 2 times (x 110B)
Class com.google.common.base.Suppliers$SupplierOfInstance                             : loaded 2 times (x 77B)
Class org.objectweb.asm.RecordComponentVisitor                                        : loaded 2 times (x 75B)
Class com.google.common.collect.Iterables                                             : loaded 2 times (x 69B)
Class com.google.common.base.CharMatcher$JavaLowerCase                                : loaded 2 times (x 109B)
Class org.objectweb.asm.ClassTooLargeException                                        : loaded 2 times (x 81B)
Class org.jetbrains.kotlin.config.LanguageVersion$Companion                           : loaded 2 times (x 69B)
Class org.gradle.api.internal.classpath.UnknownModuleException                        : loaded 2 times (x 80B)
Class build_qxg3oofsulrvapnk6gxawqqr                                                  : loaded 2 times (x 178B)
Class com.google.common.collect.FluentIterable                                        : loaded 2 times (x 79B)
Class com.google.common.util.concurrent.AbstractFuture$Listener                       : loaded 2 times (x 70B)
Class com.google.common.collect.Iterables$5                                           : loaded 2 times (x 79B)
Class org.objectweb.asm.Edge                                                          : loaded 2 times (x 70B)
Class flutter_ah7t40xr1tjr94mk2otphm6wo$_run_closure1                                 : loaded 2 times (x 134B)
Class com.google.common.collect.Maps$EntryTransformer                                 : loaded 2 times (x 68B)
Class com.google.common.collect.ImmutableCollection$Builder                           : loaded 2 times (x 74B)
Class [Lorg.objectweb.asm.SymbolTable$Entry;                                          : loaded 2 times (x 67B)
Class com.google.common.collect.SingletonImmutableBiMap                               : loaded 2 times (x 142B)
Class build_9yfkzzr18rikfbwvqrmy72zxz$_run_closure1$_closure3                         : loaded 2 times (x 134B)
Class com.google.common.base.CommonPattern                                            : loaded 2 times (x 72B)
Class com.google.common.base.Suppliers                                                : loaded 2 times (x 69B)
Class [Lcom.google.common.collect.Iterators$EmptyModifiableIterator;                  : loaded 2 times (x 67B)
Class org.objectweb.asm.ClassVisitor                                                  : loaded 2 times (x 85B)
Class com.google.common.cache.LoadingCache                                            : loaded 2 times (x 68B)
Class org.gradle.internal.service.ServiceLookupException                              : loaded 2 times (x 80B)
Class build_2lx9kukjwem3scgi153omnidj                                                 : loaded 2 times (x 178B)
Class build_4fnsrkbo33ftsjjl418pbjdpt                                                 : loaded 2 times (x 178B)
Class org.gradle.cache.GlobalCache                                                    : loaded 2 times (x 68B)
Class com.google.common.base.Present                                                  : loaded 2 times (x 79B)
Class com.google.common.base.CharMatcher$NegatedFastMatcher                           : loaded 2 times (x 111B)
Class [Lorg.gradle.api.internal.ClassPathProvider;                                    : loaded 2 times (x 67B)
Class com.google.common.util.concurrent.AbstractFuture$SafeAtomicHelper               : loaded 2 times (x 75B)
Class build_eocv2pc2ykvb31ogal3uptbej                                                 : loaded 2 times (x 179B)
Class org.gradle.util.internal.GUtil                                                  : loaded 2 times (x 69B)
Class com.google.common.math.IntMath                                                  : loaded 2 times (x 69B)
Class com.google.common.collect.AbstractIterator                                      : loaded 2 times (x 80B)
Class org.gradle.internal.classloader.ClassLoaderSpec                                 : loaded 2 times (x 69B)
Class com.google.common.io.LineProcessor                                              : loaded 2 times (x 68B)
Class build_8ri0hn1jftg969rhl3n41nzix                                                 : loaded 2 times (x 178B)
Class com.google.common.io.CharSink                                                   : loaded 2 times (x 77B)
Class org.objectweb.asm.Frame                                                         : loaded 2 times (x 71B)
Class com.google.common.cache.LocalCache$LocalManualCache                             : loaded 2 times (x 97B)
Class com.google.common.collect.AbstractMapEntry                                      : loaded 2 times (x 79B)
Class com.google.common.collect.ImmutableList$Builder                                 : loaded 2 times (x 75B)
Class com.google.common.base.CharMatcher$Negated                                      : loaded 2 times (x 111B)
Class build_8ri0hn1jftg969rhl3n41nzix$_run_closure1                                   : loaded 2 times (x 134B)
Class com.google.common.cache.CacheLoader$1                                           : loaded 2 times (x 73B)
Class com.android.build.gradle.BasePlugin                                             : loaded 2 times (x 75B)
Class com.google.common.util.concurrent.AbstractFuture$TrustedFuture                  : loaded 2 times (x 95B)
Class build_750xmhrpsta11uef4jj2yr5g1                                                 : loaded 2 times (x 179B)
Class build_2c26tt4x4lwny1aii3hw5goey$_run_closure1                                   : loaded 2 times (x 134B)
Class com.android.build.OutputFile                                                    : loaded 2 times (x 68B)
Class build_89g55duis7xfn5c2wbflis02v                                                 : loaded 2 times (x 179B)
Class com.google.common.collect.Maps$ViewCachingAbstractMap                           : loaded 2 times (x 123B)
Class org.jetbrains.kotlin.config.ExplicitApiMode$Companion                           : loaded 2 times (x 69B)
Class com.google.common.collect.Sets                                                  : loaded 2 times (x 69B)
Class com.google.common.collect.ImmutableSet$Builder                                  : loaded 2 times (x 83B)
Class com.google.common.collect.Sets$FilteredSet                                      : loaded 2 times (x 135B)
Class com.google.common.base.CharMatcher$ForPredicate                                 : loaded 2 times (x 110B)
Class com.google.common.collect.ImmutableMap$MapViewOfValuesAsSingletonSets           : loaded 2 times (x 123B)
Class com.google.common.base.MoreObjects                                              : loaded 2 times (x 69B)
Class com.google.common.collect.SortedMapDifference                                   : loaded 2 times (x 68B)
Class org.objectweb.asm.SymbolTable                                                   : loaded 2 times (x 70B)
Class com.google.common.cache.CacheStats                                              : loaded 2 times (x 69B)
Class org.objectweb.asm.Attribute                                                     : loaded 2 times (x 75B)
Class org.gradle.internal.classloader.VisitableURLClassLoader                         : loaded 2 times (x 115B)
Class com.google.common.cache.LocalCache$LocalLoadingCache                            : loaded 2 times (x 132B)
Class [Lcom.android.build.VariantOutput$FilterType;                                   : loaded 2 times (x 67B)
Class com.google.common.base.Supplier                                                 : loaded 2 times (x 68B)
Class com.google.common.base.Objects                                                  : loaded 2 times (x 69B)
Class com.google.common.util.concurrent.AbstractFuture$AtomicHelper                   : loaded 2 times (x 74B)
Class com.google.common.collect.ImmutableBiMap                                        : loaded 2 times (x 142B)
Class org.gradle.internal.Cast                                                        : loaded 2 times (x 69B)
Class com.google.common.hash.PrimitiveSink                                            : loaded 2 times (x 68B)
Class org.gradle.api.internal.ClassPathRegistry                                       : loaded 2 times (x 68B)
Class build_637grcp24qpw9mr6qop07d31q                                                 : loaded 2 times (x 179B)
Class com.google.common.cache.LocalCache$EntryFactory                                 : loaded 2 times (x 81B)
Class com.google.common.util.concurrent.UncheckedExecutionException                   : loaded 2 times (x 80B)
Class com.google.common.collect.ImmutableSet                                          : loaded 2 times (x 145B)
Class org.gradle.internal.classloader.ClassLoaderHierarchy                            : loaded 2 times (x 68B)
Class build_5gakbywtkysa704crylvm4ixr                                                 : loaded 2 times (x 178B)
Class build_n566z3p39vg9hxgut6loikrl$_run_closure1                                    : loaded 2 times (x 134B)
Class build_c8e4r4f3b4od7lsfbj77hyrin                                                 : loaded 2 times (x 178B)
Class build_89g55duis7xfn5c2wbflis02v$_run_closure1                                   : loaded 2 times (x 134B)
Class com.google.common.io.Closer$Suppressor                                          : loaded 2 times (x 68B)
Class com.google.common.collect.AbstractMapBasedMultimap$WrappedList                  : loaded 2 times (x 165B)
Class [Lorg.objectweb.asm.Type;                                                       : loaded 2 times (x 67B)
Class com.google.common.base.AbstractIterator$State                                   : loaded 2 times (x 77B)
Class org.jetbrains.kotlin.config.LanguageVersionSettings                             : loaded 2 times (x 68B)
Class com.google.common.cache.Weigher                                                 : loaded 2 times (x 68B)
Class com.google.common.base.CharMatcher$NamedFastMatcher                             : loaded 2 times (x 110B)
Class build_16hudcxsk9rdp7bf3y66z7t0y$_run_closure1$_closure3                         : loaded 2 times (x 134B)
Class build_eocv2pc2ykvb31ogal3uptbej$_run_closure1                                   : loaded 2 times (x 134B)
Class org.gradle.internal.service.ServiceLocator                                      : loaded 2 times (x 68B)
Class build_9uq4rlnk2dgmrwdwp9ha4d32x                                                 : loaded 2 times (x 178B)
Class build_3kraqyea8ej3xb6xn132ym5wr$_run_closure1$_closure3                         : loaded 2 times (x 134B)
Class org.jetbrains.kotlin.config.MavenComparableVersion                              : loaded 2 times (x 76B)
Class com.google.common.collect.ImmutableRangeSet$1                                   : loaded 2 times (x 169B)
Class com.google.common.util.concurrent.SettableFuture                                : loaded 2 times (x 95B)
Class com.google.common.io.Files$2                                                    : loaded 2 times (x 74B)
Class build_8ftbpozrewr54n8nsyach12gc$_run_closure1                                   : loaded 2 times (x 134B)
Class com.android.build.gradle.AppPlugin                                              : loaded 2 times (x 75B)
Class com.google.common.collect.ImmutableMapEntry                                     : loaded 2 times (x 83B)
Class com.google.common.collect.Maps$EntryFunction                                    : loaded 2 times (x 89B)
Class build_eocv2pc2ykvb31ogal3uptbej$_run_closure1$_closure3                         : loaded 2 times (x 134B)
Class com.google.common.base.CharMatcher$Invisible                                    : loaded 2 times (x 110B)
Class com.google.common.base.Joiner$1                                                 : loaded 2 times (x 78B)
Class com.google.common.base.Joiner$2                                                 : loaded 2 times (x 77B)
Class com.google.common.base.CharMatcher$FastMatcher                                  : loaded 2 times (x 109B)
Class [Lorg.jetbrains.kotlin.config.LanguageVersion;                                  : loaded 2 times (x 67B)
Class org.gradle.internal.classpath.DefaultClassPath$ImmutableUniqueList              : loaded 2 times (x 159B)
Class com.google.common.base.CharMatcher$JavaLetter                                   : loaded 2 times (x 109B)
Class build_84sbunjw61pyryaill3796pqh$_run_closure1                                   : loaded 2 times (x 134B)
Class com.google.common.collect.MapDifference                                         : loaded 2 times (x 68B)
Class com.google.common.collect.Sets$1                                                : loaded 2 times (x 137B)
Class com.google.common.collect.Sets$2                                                : loaded 2 times (x 137B)
Class com.google.common.util.concurrent.AbstractFuture$Trusted                        : loaded 2 times (x 68B)
Class build_80h370ni06usk7t0bt1vm9uso$_run_closure1                                   : loaded 2 times (x 134B)
Class com.google.common.collect.Sets$3                                                : loaded 2 times (x 137B)
Class com.google.common.graph.SuccessorsFunction                                      : loaded 2 times (x 68B)
Class com.google.common.collect.Sets$4                                                : loaded 2 times (x 137B)
Class com.android.build.gradle.DynamicFeaturePlugin                                   : loaded 2 times (x 75B)
Class com.google.common.io.ByteSink                                                   : loaded 2 times (x 74B)
Class com.google.common.collect.AbstractMapBasedMultimap$WrappedCollection$WrappedIterator: loaded 2 times (x 82B)
Class org.objectweb.asm.MethodWriter                                                  : loaded 2 times (x 103B)
Class com.google.common.collect.Multimaps                                             : loaded 2 times (x 69B)
Class com.google.common.collect.Platform                                              : loaded 2 times (x 69B)
Class com.google.common.collect.ImmutableAsList                                       : loaded 2 times (x 169B)
Class com.google.common.util.concurrent.ExecutionError                                : loaded 2 times (x 80B)
Class com.google.common.io.ByteSink$AsCharSink                                        : loaded 2 times (x 78B)
Class com.google.common.base.Equivalence$Identity                                     : loaded 2 times (x 80B)
Class com.google.common.base.CharMatcher$AnyOf                                        : loaded 2 times (x 110B)
Class com.google.common.base.CharMatcher$IsEither                                     : loaded 2 times (x 109B)
Class com.google.common.collect.AbstractIterator$1                                    : loaded 2 times (x 69B)
Class com.google.common.cache.LocalCache                                              : loaded 2 times (x 185B)
Class com.google.common.collect.ImmutableRangeSet$Builder                             : loaded 2 times (x 75B)
Class build_4r8zzeegtzo6daye0lgyujlh0$_run_closure1                                   : loaded 2 times (x 134B)
Class com.google.common.collect.RegularImmutableList                                  : loaded 2 times (x 172B)
Class com.google.common.util.concurrent.AbstractFuture$UnsafeAtomicHelper$1           : loaded 2 times (x 74B)
Class com.google.common.base.CharMatcher$JavaUpperCase                                : loaded 2 times (x 109B)
Class com.google.common.collect.Multiset                                              : loaded 2 times (x 68B)
Class com.google.common.collect.AbstractMultimap$Entries                              : loaded 2 times (x 118B)
Class build_16hudcxsk9rdp7bf3y66z7t0y                                                 : loaded 2 times (x 178B)
Class build_637grcp24qpw9mr6qop07d31q$_run_closure1$_closure2                         : loaded 2 times (x 134B)
Class build_637grcp24qpw9mr6qop07d31q$_run_closure1$_closure3                         : loaded 2 times (x 134B)
Class org.objectweb.asm.MethodVisitor                                                 : loaded 2 times (x 102B)
Class com.google.common.collect.NullsLastOrdering                                     : loaded 2 times (x 113B)
Class com.google.common.collect.AbstractMapBasedMultimap$KeySet$1                     : loaded 2 times (x 80B)
Class com.google.common.collect.ImmutableMapEntry$NonTerminalImmutableMapEntry        : loaded 2 times (x 83B)
Class com.google.common.collect.AbstractMapBasedMultimap                              : loaded 2 times (x 137B)


---------------  S Y S T E M  ---------------

OS:
 Windows 11 , 64 bit Build 22621 (10.0.22621.4830)
OS uptime: 1 days 9:13 hours
Hyper-V role detected

CPU: total 12 (initial active 12) (12 cores per cpu, 2 threads per core) family 25 model 68 stepping 1 microcode 0x0, cx8, cmov, fxsr, ht, mmx, 3dnowpref, sse, sse2, sse3, ssse3, sse4a, sse4.1, sse4.2, popcnt, lzcnt, tsc, tscinvbit, avx, avx2, aes, erms, clmul, bmi1, bmi2, adx, sha, fma, vzeroupper, clflush, clflushopt, hv
Processor Information for processor 0
  Max Mhz: 3301, Current Mhz: 3301, Mhz Limit: 3301
Processor Information for processor 1
  Max Mhz: 3301, Current Mhz: 2635, Mhz Limit: 3301
Processor Information for processor 2
  Max Mhz: 3301, Current Mhz: 2635, Mhz Limit: 3301
Processor Information for processor 3
  Max Mhz: 3301, Current Mhz: 3301, Mhz Limit: 3301
Processor Information for processor 4
  Max Mhz: 3301, Current Mhz: 2635, Mhz Limit: 3301
Processor Information for processor 5
  Max Mhz: 3301, Current Mhz: 3301, Mhz Limit: 3301
Processor Information for processor 6
  Max Mhz: 3301, Current Mhz: 3301, Mhz Limit: 3301
Processor Information for processor 7
  Max Mhz: 3301, Current Mhz: 2635, Mhz Limit: 3301
Processor Information for processor 8
  Max Mhz: 3301, Current Mhz: 2635, Mhz Limit: 3301
Processor Information for processor 9
  Max Mhz: 3301, Current Mhz: 3301, Mhz Limit: 3301
Processor Information for processor 10
  Max Mhz: 3301, Current Mhz: 3301, Mhz Limit: 3301
Processor Information for processor 11
  Max Mhz: 3301, Current Mhz: 2635, Mhz Limit: 3301

Memory: 4k page, system-wide physical 7381M (201M free)
TotalPageFile size 29909M (AvailPageFile size 11M)
current process WorkingSet (physical memory assigned to process): 202M, peak: 1138M
current process commit charge ("private bytes"): 1683M, peak: 1797M

vm_info: OpenJDK 64-Bit Server VM (17.0.9+0--11185874) for windows-amd64 JRE (17.0.9+0--11185874), built on Dec  6 2023 18:57:44 by "androidbuild" with MS VC++ 16.10 / 16.11 (VS2019)

END.
