#
# There is insufficient memory for the Java Runtime Environment to continue.
# Native memory allocation (malloc) failed to allocate 1347536 bytes for Chunk::new
# Possible reasons:
#   The system is out of physical RAM or swap space
#   The process is running with CompressedOops enabled, and the Java Heap may be blocking the growth of the native heap
# Possible solutions:
#   Reduce memory load on the system
#   Increase physical memory or swap space
#   Check if swap backing store is full
#   Decrease Java heap size (-Xmx/-Xms)
#   Decrease number of Java threads
#   Decrease Java thread stack sizes (-Xss)
#   Set larger code cache with -XX:ReservedCodeCacheSize=
#   JVM is running with Unscaled Compressed Oops mode in which the Java heap is
#     placed in the first 4GB address space. The Java Heap base address is the
#     maximum limit for the native heap growth. Please use -XX:HeapBaseMinAddress
#     to set the Java Heap base and to place the Java Heap above 4GB virtual address.
# This output file may be truncated or incomplete.
#
#  Out of Memory Error (arena.cpp:191), pid=45876, tid=56736
#
# JRE version: OpenJDK Runtime Environment (17.0.9) (build 17.0.9+0--11185874)
# Java VM: OpenJDK 64-Bit Server VM (17.0.9+0--11185874, mixed mode, tiered, compressed oops, compressed class ptrs, g1 gc, windows-amd64)
# No core dump will be written. Minidumps are not enabled by default on client versions of Windows
#

---------------  S U M M A R Y ------------

Command Line: --add-opens=java.base/java.util=ALL-UNNAMED --add-opens=java.base/java.lang=ALL-UNNAMED --add-opens=java.base/java.lang.invoke=ALL-UNNAMED --add-opens=java.base/java.util=ALL-UNNAMED --add-opens=java.prefs/java.util.prefs=ALL-UNNAMED --add-opens=java.prefs/java.util.prefs=ALL-UNNAMED --add-opens=java.base/java.nio.charset=ALL-UNNAMED --add-opens=java.base/java.net=ALL-UNNAMED --add-opens=java.base/java.util.concurrent.atomic=ALL-UNNAMED -Xmx1536M -Dfile.encoding=windows-1252 -Duser.country=ID -Duser.language=en -Duser.variant org.gradle.launcher.daemon.bootstrap.GradleDaemon 7.5

Host: AMD Ryzen 5 7535HS with Radeon Graphics        , 12 cores, 7G,  Windows 11 , 64 bit Build 22621 (10.0.22621.4830)
Time: Fri Feb 21 15:39:41 2025 Malay Peninsula Standard Time elapsed time: 70.812568 seconds (0d 0h 1m 10s)

---------------  T H R E A D  ---------------

Current thread (0x000002d671130680):  JavaThread "C2 CompilerThread0" daemon [_thread_in_native, id=56736, stack(0x000000d860000000,0x000000d860100000)]


Current CompileTask:
C2:  70813 15427       4       org.gradle.api.internal.artifacts.configurations.DefaultConfiguration::collectSuperConfigs (61 bytes)

Stack: [0x000000d860000000,0x000000d860100000]
Native frames: (J=compiled Java code, j=interpreted, Vv=VM code, C=native code)
V  [jvm.dll+0x6886e9]
V  [jvm.dll+0x841e4a]
V  [jvm.dll+0x843a8e]
V  [jvm.dll+0x8440f3]
V  [jvm.dll+0x24c14f]
V  [jvm.dll+0xac44c]
V  [jvm.dll+0xaca9c]
V  [jvm.dll+0x36c1a2]
V  [jvm.dll+0x33651a]
V  [jvm.dll+0x3359ba]
V  [jvm.dll+0x21ddb1]
V  [jvm.dll+0x21d1d1]
V  [jvm.dll+0x1a674d]
V  [jvm.dll+0x22d088]
V  [jvm.dll+0x22b1c0]
V  [jvm.dll+0x7f62f7]
V  [jvm.dll+0x7f06aa]
V  [jvm.dll+0x687565]
C  [ucrtbase.dll+0x29333]
C  [KERNEL32.DLL+0x1259d]
C  [ntdll.dll+0x5af38]


---------------  P R O C E S S  ---------------

Threads class SMR info:
_java_thread_list=0x000002d67a34c690, length=169, elements={
0x000002d658001990, 0x000002d670fc9030, 0x000002d670fc9eb0, 0x000002d670fb1a90,
0x000002d670fb45c0, 0x000002d67112e500, 0x000002d67112f4d0, 0x000002d671130680,
0x000002d671131130, 0x000002d67113ff70, 0x000002d6712ad020, 0x000002d6712ad910,
0x000002d6765728a0, 0x000002d676fb5480, 0x000002d676eaf690, 0x000002d67194ab10,
0x000002d67194aff0, 0x000002d671c67360, 0x000002d671c687a0, 0x000002d671c66e50,
0x000002d671c67d80, 0x000002d671c65f20, 0x000002d671c66940, 0x000002d671c68290,
0x000002d671c68cb0, 0x000002d671c691c0, 0x000002d671c67870, 0x000002d671c65a10,
0x000002d6787617d0, 0x000002d67875b290, 0x000002d67875bcb0, 0x000002d6787621f0,
0x000002d67875d600, 0x000002d67875db10, 0x000002d67875b7a0, 0x000002d67875e020,
0x000002d67875c1c0, 0x000002d6787612c0, 0x000002d67875e530, 0x000002d67875ea40,
0x000002d67875ef50, 0x000002d67875c6d0, 0x000002d67875f460, 0x000002d67875f970,
0x000002d67875fe80, 0x000002d678760390, 0x000002d678762700, 0x000002d67875cbe0,
0x000002d6787608a0, 0x000002d678760db0, 0x000002d678761ce0, 0x000002d67875d0f0,
0x000002d67886dab0, 0x000002d678868ec0, 0x000002d678867570, 0x000002d678869df0,
0x000002d678867a80, 0x000002d67886dfc0, 0x000002d67886a300, 0x000002d678867f90,
0x000002d67886bc50, 0x000002d6788689b0, 0x000002d6788684a0, 0x000002d6788693d0,
0x000002d67886e4d0, 0x000002d67886c160, 0x000002d6788698e0, 0x000002d67886d5a0,
0x000002d67886c670, 0x000002d67886cb80, 0x000002d67886d090, 0x000002d67886a810,
0x000002d67886ad20, 0x000002d67886b230, 0x000002d67886b740, 0x000002d678867060,
0x000002d67886e9e0, 0x000002d678578a30, 0x000002d678579e70, 0x000002d678578f40,
0x000002d678579450, 0x000002d678579960, 0x000002d678578520, 0x000002d67857a380,
0x000002d67857a890, 0x000002d678578010, 0x000002d67857ada0, 0x000002d67857b2b0,
0x000002d67857b7c0, 0x000002d678e0c840, 0x000002d678e0be20, 0x000002d678e0c330,
0x000002d678e10f20, 0x000002d678e0d770, 0x000002d678e10500, 0x000002d678e11430,
0x000002d678e12360, 0x000002d678e12870, 0x000002d678e0b910, 0x000002d678e0f0c0,
0x000002d678e0cd50, 0x000002d678e0f5d0, 0x000002d678e0d260, 0x000002d678e11940,
0x000002d678e11e50, 0x000002d678e0dc80, 0x000002d678e12d80, 0x000002d678e13290,
0x000002d678e0e6a0, 0x000002d678e0e190, 0x000002d678e0ebb0, 0x000002d678e0fae0,
0x000002d678e0fff0, 0x000002d678e10a10, 0x000002d679294ef0, 0x000002d67929aa10,
0x000002d67929a500, 0x000002d679298bb0, 0x000002d67929af20, 0x000002d67929b430,
0x000002d67929b940, 0x000002d67929be50, 0x000002d67929c360, 0x000002d679299ff0,
0x000002d67929c870, 0x000002d679295400, 0x000002d6792986a0, 0x000002d679295910,
0x000002d679296d50, 0x000002d6792990c0, 0x000002d679295e20, 0x000002d679298190,
0x000002d6792995d0, 0x000002d679299ae0, 0x000002d679296330, 0x000002d679296840,
0x000002d679297260, 0x000002d679297770, 0x000002d679297c80, 0x000002d678bd4210,
0x000002d678bcf620, 0x000002d678bd5b60, 0x000002d678bd28c0, 0x000002d678bd6580,
0x000002d678bd32e0, 0x000002d678bd4720, 0x000002d678bcfb30, 0x000002d678bcf110,
0x000002d678bd5140, 0x000002d678bd5650, 0x000002d678bd6070, 0x000002d678bd23b0,
0x000002d678bd1ea0, 0x000002d678bd0040, 0x000002d678bd0f70, 0x000002d678bd4c30,
0x000002d678bd3d00, 0x000002d678bd0a60, 0x000002d678bd0550, 0x000002d678bd6a90,
0x000002d678bd1990, 0x000002d678bd1480, 0x000002d678bd2dd0, 0x000002d678bd37f0,
0x000002d6778493e0, 0x000002d677846b60, 0x000002d677844d00, 0x000002d677846650,
0x000002d67784b240
}

Java Threads: ( => current thread )
  0x000002d658001990 JavaThread "main" [_thread_blocked, id=47856, stack(0x000000d85f300000,0x000000d85f400000)]
  0x000002d670fc9030 JavaThread "Reference Handler" daemon [_thread_blocked, id=31656, stack(0x000000d85fa00000,0x000000d85fb00000)]
  0x000002d670fc9eb0 JavaThread "Finalizer" daemon [_thread_blocked, id=20272, stack(0x000000d85fb00000,0x000000d85fc00000)]
  0x000002d670fb1a90 JavaThread "Signal Dispatcher" daemon [_thread_blocked, id=33868, stack(0x000000d85fc00000,0x000000d85fd00000)]
  0x000002d670fb45c0 JavaThread "Attach Listener" daemon [_thread_blocked, id=14720, stack(0x000000d85fd00000,0x000000d85fe00000)]
  0x000002d67112e500 JavaThread "Service Thread" daemon [_thread_blocked, id=14164, stack(0x000000d85fe00000,0x000000d85ff00000)]
  0x000002d67112f4d0 JavaThread "Monitor Deflation Thread" daemon [_thread_blocked, id=21704, stack(0x000000d85ff00000,0x000000d860000000)]
=>0x000002d671130680 JavaThread "C2 CompilerThread0" daemon [_thread_in_native, id=56736, stack(0x000000d860000000,0x000000d860100000)]
  0x000002d671131130 JavaThread "C1 CompilerThread0" daemon [_thread_blocked, id=25408, stack(0x000000d860100000,0x000000d860200000)]
  0x000002d67113ff70 JavaThread "Sweeper thread" daemon [_thread_blocked, id=37504, stack(0x000000d860200000,0x000000d860300000)]
  0x000002d6712ad020 JavaThread "Common-Cleaner" daemon [_thread_blocked, id=15708, stack(0x000000d860300000,0x000000d860400000)]
  0x000002d6712ad910 JavaThread "Notification Thread" daemon [_thread_blocked, id=53296, stack(0x000000d860400000,0x000000d860500000)]
  0x000002d6765728a0 JavaThread "Daemon health stats" [_thread_blocked, id=36820, stack(0x000000d860a00000,0x000000d860b00000)]
  0x000002d676fb5480 JavaThread "Incoming local TCP Connector on port 54492" [_thread_in_native, id=55764, stack(0x000000d860b00000,0x000000d860c00000)]
  0x000002d676eaf690 JavaThread "Daemon periodic checks" [_thread_blocked, id=21232, stack(0x000000d860c00000,0x000000d860d00000)]
  0x000002d67194ab10 JavaThread "Daemon" [_thread_blocked, id=13600, stack(0x000000d860d00000,0x000000d860e00000)]
  0x000002d67194aff0 JavaThread "Handler for socket connection from /127.0.0.1:54492 to /127.0.0.1:54494" [_thread_in_native, id=38208, stack(0x000000d860e00000,0x000000d860f00000)]
  0x000002d671c67360 JavaThread "Cancel handler" [_thread_blocked, id=51608, stack(0x000000d860f00000,0x000000d861000000)]
  0x000002d671c687a0 JavaThread "Daemon worker" [_thread_in_Java, id=32332, stack(0x000000d861000000,0x000000d861100000)]
  0x000002d671c66e50 JavaThread "Asynchronous log dispatcher for DefaultDaemonConnection: socket connection from /127.0.0.1:54492 to /127.0.0.1:54494" [_thread_blocked, id=23976, stack(0x000000d861100000,0x000000d861200000)]
  0x000002d671c67d80 JavaThread "Stdin handler" [_thread_blocked, id=6812, stack(0x000000d861200000,0x000000d861300000)]
  0x000002d671c65f20 JavaThread "Daemon client event forwarder" [_thread_blocked, id=11180, stack(0x000000d861300000,0x000000d861400000)]
  0x000002d671c66940 JavaThread "Cache worker for journal cache (C:\Users\Naufal\.gradle\caches\journal-1)" [_thread_blocked, id=47228, stack(0x000000d861400000,0x000000d861500000)]
  0x000002d671c68290 JavaThread "File lock request listener" [_thread_in_native, id=21548, stack(0x000000d861500000,0x000000d861600000)]
  0x000002d671c68cb0 JavaThread "Cache worker for file hash cache (C:\Users\Naufal\.gradle\caches\7.5\fileHashes)" [_thread_blocked, id=11992, stack(0x000000d861d00000,0x000000d861e00000)]
  0x000002d671c691c0 JavaThread "File watcher server" daemon [_thread_in_native, id=54672, stack(0x000000d861e00000,0x000000d861f00000)]
  0x000002d671c67870 JavaThread "File watcher consumer" daemon [_thread_blocked, id=26280, stack(0x000000d861f00000,0x000000d862000000)]
  0x000002d671c65a10 JavaThread "Cache worker for checksums cache (D:\Software_Engineer_Projects\Flutter\camos\android\.gradle\7.5\checksums)" [_thread_blocked, id=48956, stack(0x000000d862000000,0x000000d862100000)]
  0x000002d6787617d0 JavaThread "Cache worker for cache directory md-rule (C:\Users\Naufal\.gradle\caches\7.5\md-rule)" [_thread_blocked, id=32420, stack(0x000000d862100000,0x000000d862200000)]
  0x000002d67875b290 JavaThread "Cache worker for file content cache (C:\Users\Naufal\.gradle\caches\7.5\fileContent)" [_thread_blocked, id=33784, stack(0x000000d862200000,0x000000d862300000)]
  0x000002d67875bcb0 JavaThread "Cache worker for file hash cache (D:\Software_Engineer_Projects\Flutter\camos\android\.gradle\7.5\fileHashes)" [_thread_blocked, id=56080, stack(0x000000d862300000,0x000000d862400000)]
  0x000002d6787621f0 JavaThread "Cache worker for cache directory md-supplier (C:\Users\Naufal\.gradle\caches\7.5\md-supplier)" [_thread_blocked, id=26364, stack(0x000000d862400000,0x000000d862500000)]
  0x000002d67875d600 JavaThread "Cache worker for execution history cache (C:\Users\Naufal\.gradle\caches\7.5\executionHistory)" [_thread_blocked, id=39080, stack(0x000000d862500000,0x000000d862600000)]
  0x000002d67875db10 JavaThread "jar transforms" [_thread_blocked, id=45400, stack(0x000000d862600000,0x000000d862700000)]
  0x000002d67875b7a0 JavaThread "jar transforms Thread 2" [_thread_blocked, id=10264, stack(0x000000d862700000,0x000000d862800000)]
  0x000002d67875e020 JavaThread "jar transforms Thread 3" [_thread_blocked, id=19184, stack(0x000000d862800000,0x000000d862900000)]
  0x000002d67875c1c0 JavaThread "jar transforms Thread 4" [_thread_blocked, id=46744, stack(0x000000d862900000,0x000000d862a00000)]
  0x000002d6787612c0 JavaThread "jar transforms Thread 5" [_thread_blocked, id=2440, stack(0x000000d862a00000,0x000000d862b00000)]
  0x000002d67875e530 JavaThread "jar transforms Thread 6" [_thread_blocked, id=30824, stack(0x000000d862b00000,0x000000d862c00000)]
  0x000002d67875ea40 JavaThread "Cache worker for dependencies-accessors (D:\Software_Engineer_Projects\Flutter\camos\android\.gradle\7.5\dependencies-accessors)" [_thread_blocked, id=18664, stack(0x000000d862c00000,0x000000d862d00000)]
  0x000002d67875ef50 JavaThread "jar transforms Thread 7" [_thread_blocked, id=31320, stack(0x000000d862d00000,0x000000d862e00000)]
  0x000002d67875c6d0 JavaThread "Cache worker for Build Output Cleanup Cache (D:\Software_Engineer_Projects\Flutter\camos\android\.gradle\buildOutputCleanup)" [_thread_blocked, id=30908, stack(0x000000d862e00000,0x000000d862f00000)]
  0x000002d67875f460 JavaThread "Unconstrained build operations" [_thread_blocked, id=46412, stack(0x000000d862f00000,0x000000d863000000)]
  0x000002d67875f970 JavaThread "Unconstrained build operations Thread 2" [_thread_blocked, id=37672, stack(0x000000d863000000,0x000000d863100000)]
  0x000002d67875fe80 JavaThread "Unconstrained build operations Thread 3" [_thread_blocked, id=50768, stack(0x000000d863100000,0x000000d863200000)]
  0x000002d678760390 JavaThread "Unconstrained build operations Thread 4" [_thread_blocked, id=12624, stack(0x000000d863200000,0x000000d863300000)]
  0x000002d678762700 JavaThread "Unconstrained build operations Thread 5" [_thread_blocked, id=8280, stack(0x000000d863300000,0x000000d863400000)]
  0x000002d67875cbe0 JavaThread "Unconstrained build operations Thread 6" [_thread_blocked, id=39416, stack(0x000000d863400000,0x000000d863500000)]
  0x000002d6787608a0 JavaThread "Unconstrained build operations Thread 7" [_thread_blocked, id=17864, stack(0x000000d863500000,0x000000d863600000)]
  0x000002d678760db0 JavaThread "Unconstrained build operations Thread 8" [_thread_blocked, id=45156, stack(0x000000d863600000,0x000000d863700000)]
  0x000002d678761ce0 JavaThread "Unconstrained build operations Thread 9" [_thread_blocked, id=24592, stack(0x000000d863700000,0x000000d863800000)]
  0x000002d67875d0f0 JavaThread "Unconstrained build operations Thread 10" [_thread_blocked, id=46372, stack(0x000000d863800000,0x000000d863900000)]
  0x000002d67886dab0 JavaThread "Unconstrained build operations Thread 11" [_thread_blocked, id=35836, stack(0x000000d863900000,0x000000d863a00000)]
  0x000002d678868ec0 JavaThread "Unconstrained build operations Thread 12" [_thread_blocked, id=8160, stack(0x000000d863a00000,0x000000d863b00000)]
  0x000002d678867570 JavaThread "Unconstrained build operations Thread 13" [_thread_blocked, id=19936, stack(0x000000d863b00000,0x000000d863c00000)]
  0x000002d678869df0 JavaThread "Unconstrained build operations Thread 14" [_thread_blocked, id=18596, stack(0x000000d863c00000,0x000000d863d00000)]
  0x000002d678867a80 JavaThread "Unconstrained build operations Thread 15" [_thread_blocked, id=8904, stack(0x000000d863d00000,0x000000d863e00000)]
  0x000002d67886dfc0 JavaThread "Unconstrained build operations Thread 16" [_thread_blocked, id=13936, stack(0x000000d863e00000,0x000000d863f00000)]
  0x000002d67886a300 JavaThread "Unconstrained build operations Thread 17" [_thread_blocked, id=2040, stack(0x000000d863f00000,0x000000d864000000)]
  0x000002d678867f90 JavaThread "Unconstrained build operations Thread 18" [_thread_blocked, id=10500, stack(0x000000d864000000,0x000000d864100000)]
  0x000002d67886bc50 JavaThread "Unconstrained build operations Thread 19" [_thread_blocked, id=6584, stack(0x000000d864100000,0x000000d864200000)]
  0x000002d6788689b0 JavaThread "Unconstrained build operations Thread 20" [_thread_blocked, id=19944, stack(0x000000d864200000,0x000000d864300000)]
  0x000002d6788684a0 JavaThread "Unconstrained build operations Thread 21" [_thread_blocked, id=29564, stack(0x000000d864300000,0x000000d864400000)]
  0x000002d6788693d0 JavaThread "Unconstrained build operations Thread 22" [_thread_blocked, id=6940, stack(0x000000d864400000,0x000000d864500000)]
  0x000002d67886e4d0 JavaThread "Unconstrained build operations Thread 23" [_thread_blocked, id=3988, stack(0x000000d864500000,0x000000d864600000)]
  0x000002d67886c160 JavaThread "Unconstrained build operations Thread 24" [_thread_blocked, id=36344, stack(0x000000d864600000,0x000000d864700000)]
  0x000002d6788698e0 JavaThread "Unconstrained build operations Thread 25" [_thread_blocked, id=9820, stack(0x000000d864700000,0x000000d864800000)]
  0x000002d67886d5a0 JavaThread "Unconstrained build operations Thread 26" [_thread_blocked, id=57172, stack(0x000000d864800000,0x000000d864900000)]
  0x000002d67886c670 JavaThread "Unconstrained build operations Thread 27" [_thread_blocked, id=44576, stack(0x000000d864900000,0x000000d864a00000)]
  0x000002d67886cb80 JavaThread "Unconstrained build operations Thread 28" [_thread_blocked, id=37344, stack(0x000000d864a00000,0x000000d864b00000)]
  0x000002d67886d090 JavaThread "Unconstrained build operations Thread 29" [_thread_blocked, id=2140, stack(0x000000d864b00000,0x000000d864c00000)]
  0x000002d67886a810 JavaThread "Unconstrained build operations Thread 30" [_thread_blocked, id=4740, stack(0x000000d864c00000,0x000000d864d00000)]
  0x000002d67886ad20 JavaThread "Unconstrained build operations Thread 31" [_thread_blocked, id=28348, stack(0x000000d864d00000,0x000000d864e00000)]
  0x000002d67886b230 JavaThread "Unconstrained build operations Thread 32" [_thread_blocked, id=51188, stack(0x000000d864e00000,0x000000d864f00000)]
  0x000002d67886b740 JavaThread "Unconstrained build operations Thread 33" [_thread_blocked, id=30976, stack(0x000000d864f00000,0x000000d865000000)]
  0x000002d678867060 JavaThread "Unconstrained build operations Thread 34" [_thread_blocked, id=49752, stack(0x000000d865000000,0x000000d865100000)]
  0x000002d67886e9e0 JavaThread "Unconstrained build operations Thread 35" [_thread_blocked, id=23968, stack(0x000000d865100000,0x000000d865200000)]
  0x000002d678578a30 JavaThread "Unconstrained build operations Thread 36" [_thread_blocked, id=17724, stack(0x000000d865200000,0x000000d865300000)]
  0x000002d678579e70 JavaThread "Unconstrained build operations Thread 37" [_thread_blocked, id=22608, stack(0x000000d865300000,0x000000d865400000)]
  0x000002d678578f40 JavaThread "Unconstrained build operations Thread 38" [_thread_blocked, id=12204, stack(0x000000d865400000,0x000000d865500000)]
  0x000002d678579450 JavaThread "Unconstrained build operations Thread 39" [_thread_blocked, id=8036, stack(0x000000d865500000,0x000000d865600000)]
  0x000002d678579960 JavaThread "Unconstrained build operations Thread 40" [_thread_blocked, id=19480, stack(0x000000d865600000,0x000000d865700000)]
  0x000002d678578520 JavaThread "Unconstrained build operations Thread 41" [_thread_blocked, id=19276, stack(0x000000d865700000,0x000000d865800000)]
  0x000002d67857a380 JavaThread "Unconstrained build operations Thread 42" [_thread_blocked, id=46852, stack(0x000000d865800000,0x000000d865900000)]
  0x000002d67857a890 JavaThread "Unconstrained build operations Thread 43" [_thread_blocked, id=51372, stack(0x000000d865900000,0x000000d865a00000)]
  0x000002d678578010 JavaThread "Unconstrained build operations Thread 44" [_thread_blocked, id=51364, stack(0x000000d865a00000,0x000000d865b00000)]
  0x000002d67857ada0 JavaThread "Unconstrained build operations Thread 45" [_thread_blocked, id=38116, stack(0x000000d865b00000,0x000000d865c00000)]
  0x000002d67857b2b0 JavaThread "Unconstrained build operations Thread 46" [_thread_blocked, id=54092, stack(0x000000d865c00000,0x000000d865d00000)]
  0x000002d67857b7c0 JavaThread "Unconstrained build operations Thread 47" [_thread_blocked, id=14944, stack(0x000000d865d00000,0x000000d865e00000)]
  0x000002d678e0c840 JavaThread "Unconstrained build operations Thread 48" [_thread_blocked, id=31252, stack(0x000000d865e00000,0x000000d865f00000)]
  0x000002d678e0be20 JavaThread "Unconstrained build operations Thread 49" [_thread_blocked, id=54608, stack(0x000000d865f00000,0x000000d866000000)]
  0x000002d678e0c330 JavaThread "Unconstrained build operations Thread 50" [_thread_blocked, id=5316, stack(0x000000d866000000,0x000000d866100000)]
  0x000002d678e10f20 JavaThread "Unconstrained build operations Thread 51" [_thread_blocked, id=26480, stack(0x000000d866100000,0x000000d866200000)]
  0x000002d678e0d770 JavaThread "Unconstrained build operations Thread 52" [_thread_blocked, id=56676, stack(0x000000d866200000,0x000000d866300000)]
  0x000002d678e10500 JavaThread "Unconstrained build operations Thread 53" [_thread_blocked, id=20652, stack(0x000000d866300000,0x000000d866400000)]
  0x000002d678e11430 JavaThread "Unconstrained build operations Thread 54" [_thread_blocked, id=47752, stack(0x000000d866400000,0x000000d866500000)]
  0x000002d678e12360 JavaThread "Unconstrained build operations Thread 55" [_thread_blocked, id=38444, stack(0x000000d866500000,0x000000d866600000)]
  0x000002d678e12870 JavaThread "Unconstrained build operations Thread 56" [_thread_blocked, id=23924, stack(0x000000d866600000,0x000000d866700000)]
  0x000002d678e0b910 JavaThread "Unconstrained build operations Thread 57" [_thread_blocked, id=41788, stack(0x000000d866700000,0x000000d866800000)]
  0x000002d678e0f0c0 JavaThread "Unconstrained build operations Thread 58" [_thread_blocked, id=9412, stack(0x000000d866800000,0x000000d866900000)]
  0x000002d678e0cd50 JavaThread "Unconstrained build operations Thread 59" [_thread_blocked, id=11896, stack(0x000000d866900000,0x000000d866a00000)]
  0x000002d678e0f5d0 JavaThread "Unconstrained build operations Thread 60" [_thread_blocked, id=9940, stack(0x000000d866a00000,0x000000d866b00000)]
  0x000002d678e0d260 JavaThread "Unconstrained build operations Thread 61" [_thread_blocked, id=45008, stack(0x000000d866b00000,0x000000d866c00000)]
  0x000002d678e11940 JavaThread "Unconstrained build operations Thread 62" [_thread_blocked, id=36620, stack(0x000000d866c00000,0x000000d866d00000)]
  0x000002d678e11e50 JavaThread "Unconstrained build operations Thread 63" [_thread_blocked, id=41016, stack(0x000000d866d00000,0x000000d866e00000)]
  0x000002d678e0dc80 JavaThread "Unconstrained build operations Thread 64" [_thread_blocked, id=34020, stack(0x000000d866e00000,0x000000d866f00000)]
  0x000002d678e12d80 JavaThread "Unconstrained build operations Thread 65" [_thread_blocked, id=54852, stack(0x000000d866f00000,0x000000d867000000)]
  0x000002d678e13290 JavaThread "Unconstrained build operations Thread 66" [_thread_blocked, id=55404, stack(0x000000d867000000,0x000000d867100000)]
  0x000002d678e0e6a0 JavaThread "Unconstrained build operations Thread 67" [_thread_blocked, id=6460, stack(0x000000d867100000,0x000000d867200000)]
  0x000002d678e0e190 JavaThread "Unconstrained build operations Thread 68" [_thread_blocked, id=840, stack(0x000000d867200000,0x000000d867300000)]
  0x000002d678e0ebb0 JavaThread "Unconstrained build operations Thread 69" [_thread_blocked, id=144, stack(0x000000d867300000,0x000000d867400000)]
  0x000002d678e0fae0 JavaThread "Unconstrained build operations Thread 70" [_thread_blocked, id=46016, stack(0x000000d867400000,0x000000d867500000)]
  0x000002d678e0fff0 JavaThread "Unconstrained build operations Thread 71" [_thread_blocked, id=24624, stack(0x000000d867500000,0x000000d867600000)]
  0x000002d678e10a10 JavaThread "Unconstrained build operations Thread 72" [_thread_blocked, id=1324, stack(0x000000d867600000,0x000000d867700000)]
  0x000002d679294ef0 JavaThread "Unconstrained build operations Thread 73" [_thread_blocked, id=19704, stack(0x000000d867700000,0x000000d867800000)]
  0x000002d67929aa10 JavaThread "Unconstrained build operations Thread 74" [_thread_blocked, id=2984, stack(0x000000d867800000,0x000000d867900000)]
  0x000002d67929a500 JavaThread "Unconstrained build operations Thread 75" [_thread_blocked, id=33312, stack(0x000000d867900000,0x000000d867a00000)]
  0x000002d679298bb0 JavaThread "Unconstrained build operations Thread 76" [_thread_blocked, id=49968, stack(0x000000d867a00000,0x000000d867b00000)]
  0x000002d67929af20 JavaThread "Unconstrained build operations Thread 77" [_thread_blocked, id=19544, stack(0x000000d867b00000,0x000000d867c00000)]
  0x000002d67929b430 JavaThread "Unconstrained build operations Thread 78" [_thread_blocked, id=39440, stack(0x000000d867c00000,0x000000d867d00000)]
  0x000002d67929b940 JavaThread "Unconstrained build operations Thread 79" [_thread_blocked, id=21552, stack(0x000000d867d00000,0x000000d867e00000)]
  0x000002d67929be50 JavaThread "Unconstrained build operations Thread 80" [_thread_blocked, id=55660, stack(0x000000d867e00000,0x000000d867f00000)]
  0x000002d67929c360 JavaThread "Unconstrained build operations Thread 81" [_thread_blocked, id=15804, stack(0x000000d867f00000,0x000000d868000000)]
  0x000002d679299ff0 JavaThread "Unconstrained build operations Thread 82" [_thread_blocked, id=40760, stack(0x000000d868000000,0x000000d868100000)]
  0x000002d67929c870 JavaThread "Unconstrained build operations Thread 83" [_thread_blocked, id=46284, stack(0x000000d868100000,0x000000d868200000)]
  0x000002d679295400 JavaThread "Unconstrained build operations Thread 84" [_thread_blocked, id=45248, stack(0x000000d868200000,0x000000d868300000)]
  0x000002d6792986a0 JavaThread "Unconstrained build operations Thread 85" [_thread_blocked, id=30080, stack(0x000000d868300000,0x000000d868400000)]
  0x000002d679295910 JavaThread "Unconstrained build operations Thread 86" [_thread_blocked, id=27672, stack(0x000000d868400000,0x000000d868500000)]
  0x000002d679296d50 JavaThread "Unconstrained build operations Thread 87" [_thread_blocked, id=52664, stack(0x000000d868500000,0x000000d868600000)]
  0x000002d6792990c0 JavaThread "Unconstrained build operations Thread 88" [_thread_blocked, id=2796, stack(0x000000d868600000,0x000000d868700000)]
  0x000002d679295e20 JavaThread "Unconstrained build operations Thread 89" [_thread_blocked, id=16068, stack(0x000000d868700000,0x000000d868800000)]
  0x000002d679298190 JavaThread "Unconstrained build operations Thread 90" [_thread_blocked, id=26292, stack(0x000000d868800000,0x000000d868900000)]
  0x000002d6792995d0 JavaThread "Unconstrained build operations Thread 91" [_thread_blocked, id=30392, stack(0x000000d868900000,0x000000d868a00000)]
  0x000002d679299ae0 JavaThread "Unconstrained build operations Thread 92" [_thread_blocked, id=31572, stack(0x000000d868a00000,0x000000d868b00000)]
  0x000002d679296330 JavaThread "Unconstrained build operations Thread 93" [_thread_blocked, id=9212, stack(0x000000d868b00000,0x000000d868c00000)]
  0x000002d679296840 JavaThread "Unconstrained build operations Thread 94" [_thread_blocked, id=13540, stack(0x000000d868c00000,0x000000d868d00000)]
  0x000002d679297260 JavaThread "Unconstrained build operations Thread 95" [_thread_blocked, id=2556, stack(0x000000d868d00000,0x000000d868e00000)]
  0x000002d679297770 JavaThread "Unconstrained build operations Thread 96" [_thread_blocked, id=28996, stack(0x000000d868e00000,0x000000d868f00000)]
  0x000002d679297c80 JavaThread "Unconstrained build operations Thread 97" [_thread_blocked, id=13796, stack(0x000000d868f00000,0x000000d869000000)]
  0x000002d678bd4210 JavaThread "Unconstrained build operations Thread 98" [_thread_blocked, id=48480, stack(0x000000d869000000,0x000000d869100000)]
  0x000002d678bcf620 JavaThread "Unconstrained build operations Thread 99" [_thread_blocked, id=12688, stack(0x000000d869100000,0x000000d869200000)]
  0x000002d678bd5b60 JavaThread "Unconstrained build operations Thread 100" [_thread_blocked, id=9576, stack(0x000000d869200000,0x000000d869300000)]
  0x000002d678bd28c0 JavaThread "Unconstrained build operations Thread 101" [_thread_blocked, id=23192, stack(0x000000d869300000,0x000000d869400000)]
  0x000002d678bd6580 JavaThread "Unconstrained build operations Thread 102" [_thread_blocked, id=19916, stack(0x000000d869400000,0x000000d869500000)]
  0x000002d678bd32e0 JavaThread "Unconstrained build operations Thread 103" [_thread_blocked, id=27644, stack(0x000000d869500000,0x000000d869600000)]
  0x000002d678bd4720 JavaThread "Unconstrained build operations Thread 104" [_thread_blocked, id=15412, stack(0x000000d869600000,0x000000d869700000)]
  0x000002d678bcfb30 JavaThread "Unconstrained build operations Thread 105" [_thread_blocked, id=30528, stack(0x000000d869700000,0x000000d869800000)]
  0x000002d678bcf110 JavaThread "Unconstrained build operations Thread 106" [_thread_blocked, id=35540, stack(0x000000d869800000,0x000000d869900000)]
  0x000002d678bd5140 JavaThread "Unconstrained build operations Thread 107" [_thread_blocked, id=22260, stack(0x000000d869900000,0x000000d869a00000)]
  0x000002d678bd5650 JavaThread "Unconstrained build operations Thread 108" [_thread_blocked, id=27584, stack(0x000000d869a00000,0x000000d869b00000)]
  0x000002d678bd6070 JavaThread "Unconstrained build operations Thread 109" [_thread_blocked, id=53144, stack(0x000000d869b00000,0x000000d869c00000)]
  0x000002d678bd23b0 JavaThread "Unconstrained build operations Thread 110" [_thread_blocked, id=7424, stack(0x000000d869c00000,0x000000d869d00000)]
  0x000002d678bd1ea0 JavaThread "Unconstrained build operations Thread 111" [_thread_blocked, id=47884, stack(0x000000d869d00000,0x000000d869e00000)]
  0x000002d678bd0040 JavaThread "Unconstrained build operations Thread 112" [_thread_blocked, id=24284, stack(0x000000d869e00000,0x000000d869f00000)]
  0x000002d678bd0f70 JavaThread "Unconstrained build operations Thread 113" [_thread_blocked, id=48328, stack(0x000000d869f00000,0x000000d86a000000)]
  0x000002d678bd4c30 JavaThread "Unconstrained build operations Thread 114" [_thread_blocked, id=17628, stack(0x000000d86a000000,0x000000d86a100000)]
  0x000002d678bd3d00 JavaThread "Unconstrained build operations Thread 115" [_thread_blocked, id=38124, stack(0x000000d86a100000,0x000000d86a200000)]
  0x000002d678bd0a60 JavaThread "Unconstrained build operations Thread 116" [_thread_blocked, id=26104, stack(0x000000d86a200000,0x000000d86a300000)]
  0x000002d678bd0550 JavaThread "Unconstrained build operations Thread 117" [_thread_blocked, id=18224, stack(0x000000d86a300000,0x000000d86a400000)]
  0x000002d678bd6a90 JavaThread "Unconstrained build operations Thread 118" [_thread_blocked, id=39868, stack(0x000000d86a400000,0x000000d86a500000)]
  0x000002d678bd1990 JavaThread "Unconstrained build operations Thread 119" [_thread_blocked, id=41308, stack(0x000000d86a500000,0x000000d86a600000)]
  0x000002d678bd1480 JavaThread "Unconstrained build operations Thread 120" [_thread_blocked, id=40248, stack(0x000000d86a600000,0x000000d86a700000)]
  0x000002d678bd2dd0 JavaThread "jar transforms Thread 8" [_thread_blocked, id=18488, stack(0x000000d86a700000,0x000000d86a800000)]
  0x000002d678bd37f0 JavaThread "jar transforms Thread 9" [_thread_blocked, id=9632, stack(0x000000d86a800000,0x000000d86a900000)]
  0x000002d6778493e0 JavaThread "jar transforms Thread 10" [_thread_blocked, id=33292, stack(0x000000d86a900000,0x000000d86aa00000)]
  0x000002d677846b60 JavaThread "jar transforms Thread 11" [_thread_blocked, id=14416, stack(0x000000d86aa00000,0x000000d86ab00000)]
  0x000002d677844d00 JavaThread "jar transforms Thread 12" [_thread_blocked, id=33880, stack(0x000000d86ab00000,0x000000d86ac00000)]
  0x000002d677846650 JavaThread "Memory manager" [_thread_blocked, id=38344, stack(0x000000d86ac00000,0x000000d86ad00000)]
  0x000002d67784b240 JavaThread "Cache worker for kotlin-dsl (C:\Users\Naufal\.gradle\caches\7.5\kotlin-dsl)" [_thread_blocked, id=20300, stack(0x000000d86ad00000,0x000000d86ae00000)]

Other Threads:
  0x000002d670fa3630 VMThread "VM Thread" [stack: 0x000000d85f900000,0x000000d85fa00000] [id=41596]
  0x000002d6712addf0 WatcherThread [stack: 0x000000d860500000,0x000000d860600000] [id=23392]
  0x000002d65804d7d0 GCTaskThread "GC Thread#0" [stack: 0x000000d85f400000,0x000000d85f500000] [id=44364]
  0x000002d671b82440 GCTaskThread "GC Thread#1" [stack: 0x000000d860600000,0x000000d860700000] [id=2800]
  0x000002d676460e10 GCTaskThread "GC Thread#2" [stack: 0x000000d860700000,0x000000d860800000] [id=49608]
  0x000002d6717cd5c0 GCTaskThread "GC Thread#3" [stack: 0x000000d860800000,0x000000d860900000] [id=18788]
  0x000002d67635e150 GCTaskThread "GC Thread#4" [stack: 0x000000d860900000,0x000000d860a00000] [id=25036]
  0x000002d67180bd20 GCTaskThread "GC Thread#5" [stack: 0x000000d861600000,0x000000d861700000] [id=54536]
  0x000002d67180bfe0 GCTaskThread "GC Thread#6" [stack: 0x000000d861700000,0x000000d861800000] [id=14080]
  0x000002d6761b5370 GCTaskThread "GC Thread#7" [stack: 0x000000d861800000,0x000000d861900000] [id=38472]
  0x000002d6761b5630 GCTaskThread "GC Thread#8" [stack: 0x000000d861900000,0x000000d861a00000] [id=39456]
  0x000002d6761b58f0 GCTaskThread "GC Thread#9" [stack: 0x000000d861a00000,0x000000d861b00000] [id=49924]
  0x000002d65805a720 ConcurrentGCThread "G1 Main Marker" [stack: 0x000000d85f500000,0x000000d85f600000] [id=45980]
  0x000002d65805b8e0 ConcurrentGCThread "G1 Conc#0" [stack: 0x000000d85f600000,0x000000d85f700000] [id=56932]
  0x000002d6771c6440 ConcurrentGCThread "G1 Conc#1" [stack: 0x000000d861b00000,0x000000d861c00000] [id=33340]
  0x000002d671320050 ConcurrentGCThread "G1 Conc#2" [stack: 0x000000d861c00000,0x000000d861d00000] [id=2836]
  0x000002d670dfa4f0 ConcurrentGCThread "G1 Refine#0" [stack: 0x000000d85f700000,0x000000d85f800000] [id=13964]
  0x000002d67aeba9a0 ConcurrentGCThread "G1 Refine#1" [stack: 0x000000d86ae00000,0x000000d86af00000] [id=46992]
  0x000002d67aebb850 ConcurrentGCThread "G1 Refine#2" [stack: 0x000000d86b100000,0x000000d86b200000] [id=16328]
  0x000002d670dfcd40 ConcurrentGCThread "G1 Service" [stack: 0x000000d85f800000,0x000000d85f900000] [id=15496]

Threads with active compile tasks:
C2 CompilerThread0    70886 15427       4       org.gradle.api.internal.artifacts.configurations.DefaultConfiguration::collectSuperConfigs (61 bytes)

VM state: not at safepoint (normal execution)

VM Mutex/Monitor currently owned by a thread: None

Heap address: 0x00000000a0000000, size: 1536 MB, Compressed Oops mode: 32-bit

CDS archive(s) not mapped
Compressed class space mapped at: 0x0000000100000000-0x0000000140000000, reserved size: 1073741824
Narrow klass base: 0x0000000000000000, Narrow klass shift: 3, Narrow klass range: 0x140000000

GC Precious Log:
 CPUs: 12 total, 12 available
 Memory: 7381M
 Large Page Support: Disabled
 NUMA Support: Disabled
 Compressed Oops: Enabled (32-bit)
 Heap Region Size: 1M
 Heap Min Capacity: 8M
 Heap Initial Capacity: 116M
 Heap Max Capacity: 1536M
 Pre-touch: Disabled
 Parallel Workers: 10
 Concurrent Workers: 3
 Concurrent Refinement Workers: 10
 Periodic GC: Disabled

Heap:
 garbage-first heap   total 396288K, used 248832K [0x00000000a0000000, 0x0000000100000000)
  region size 1024K, 11 young (11264K), 3 survivors (3072K)
 Metaspace       used 95925K, committed 97536K, reserved 1179648K
  class space    used 13118K, committed 13760K, reserved 1048576K

Heap Regions: E=young(eden), S=young(survivor), O=old, HS=humongous(starts), HC=humongous(continues), CS=collection set, F=free, OA=open archive, CA=closed archive, TAMS=top-at-mark-start (previous, next)
|   0|0x00000000a0000000, 0x00000000a0100000, 0x00000000a0100000|100%| O|  |TAMS 0x00000000a0100000, 0x00000000a0000000| Untracked 
|   1|0x00000000a0100000, 0x00000000a0200000, 0x00000000a0200000|100%| O|  |TAMS 0x00000000a0200000, 0x00000000a0100000| Untracked 
|   2|0x00000000a0200000, 0x00000000a0300000, 0x00000000a0300000|100%| O|  |TAMS 0x00000000a0300000, 0x00000000a0200000| Untracked 
|   3|0x00000000a0300000, 0x00000000a0400000, 0x00000000a0400000|100%|HS|  |TAMS 0x00000000a0400000, 0x00000000a0300000| Complete 
|   4|0x00000000a0400000, 0x00000000a0500000, 0x00000000a0500000|100%|HC|  |TAMS 0x00000000a0500000, 0x00000000a0400000| Complete 
|   5|0x00000000a0500000, 0x00000000a0600000, 0x00000000a0600000|100%|HC|  |TAMS 0x00000000a0600000, 0x00000000a0500000| Complete 
|   6|0x00000000a0600000, 0x00000000a0700000, 0x00000000a0700000|100%| O|  |TAMS 0x00000000a0700000, 0x00000000a0600000| Untracked 
|   7|0x00000000a0700000, 0x00000000a0800000, 0x00000000a0800000|100%| O|  |TAMS 0x00000000a0800000, 0x00000000a0700000| Untracked 
|   8|0x00000000a0800000, 0x00000000a0900000, 0x00000000a0900000|100%| O|  |TAMS 0x00000000a0900000, 0x00000000a0800000| Untracked 
|   9|0x00000000a0900000, 0x00000000a0a00000, 0x00000000a0a00000|100%| O|  |TAMS 0x00000000a0a00000, 0x00000000a0900000| Untracked 
|  10|0x00000000a0a00000, 0x00000000a0b00000, 0x00000000a0b00000|100%| O|  |TAMS 0x00000000a0b00000, 0x00000000a0a00000| Untracked 
|  11|0x00000000a0b00000, 0x00000000a0c00000, 0x00000000a0c00000|100%| O|  |TAMS 0x00000000a0c00000, 0x00000000a0b00000| Untracked 
|  12|0x00000000a0c00000, 0x00000000a0d00000, 0x00000000a0d00000|100%| O|  |TAMS 0x00000000a0d00000, 0x00000000a0c00000| Untracked 
|  13|0x00000000a0d00000, 0x00000000a0e00000, 0x00000000a0e00000|100%| O|  |TAMS 0x00000000a0e00000, 0x00000000a0d00000| Untracked 
|  14|0x00000000a0e00000, 0x00000000a0f00000, 0x00000000a0f00000|100%| O|  |TAMS 0x00000000a0f00000, 0x00000000a0e00000| Untracked 
|  15|0x00000000a0f00000, 0x00000000a1000000, 0x00000000a1000000|100%| O|  |TAMS 0x00000000a1000000, 0x00000000a0f00000| Untracked 
|  16|0x00000000a1000000, 0x00000000a1100000, 0x00000000a1100000|100%| O|  |TAMS 0x00000000a1100000, 0x00000000a1000000| Untracked 
|  17|0x00000000a1100000, 0x00000000a1200000, 0x00000000a1200000|100%| O|  |TAMS 0x00000000a1200000, 0x00000000a1100000| Untracked 
|  18|0x00000000a1200000, 0x00000000a1300000, 0x00000000a1300000|100%| O|  |TAMS 0x00000000a1300000, 0x00000000a1200000| Untracked 
|  19|0x00000000a1300000, 0x00000000a1400000, 0x00000000a1400000|100%| O|  |TAMS 0x00000000a1400000, 0x00000000a1300000| Untracked 
|  20|0x00000000a1400000, 0x00000000a1500000, 0x00000000a1500000|100%| O|  |TAMS 0x00000000a1500000, 0x00000000a1400000| Untracked 
|  21|0x00000000a1500000, 0x00000000a1600000, 0x00000000a1600000|100%| O|  |TAMS 0x00000000a1600000, 0x00000000a1500000| Untracked 
|  22|0x00000000a1600000, 0x00000000a1700000, 0x00000000a1700000|100%| O|  |TAMS 0x00000000a1700000, 0x00000000a1600000| Untracked 
|  23|0x00000000a1700000, 0x00000000a1800000, 0x00000000a1800000|100%| O|  |TAMS 0x00000000a1800000, 0x00000000a1700000| Untracked 
|  24|0x00000000a1800000, 0x00000000a1900000, 0x00000000a1900000|100%| O|  |TAMS 0x00000000a1900000, 0x00000000a1800000| Untracked 
|  25|0x00000000a1900000, 0x00000000a1a00000, 0x00000000a1a00000|100%| O|  |TAMS 0x00000000a1a00000, 0x00000000a1900000| Untracked 
|  26|0x00000000a1a00000, 0x00000000a1b00000, 0x00000000a1b00000|100%| O|  |TAMS 0x00000000a1b00000, 0x00000000a1a00000| Untracked 
|  27|0x00000000a1b00000, 0x00000000a1c00000, 0x00000000a1c00000|100%| O|  |TAMS 0x00000000a1c00000, 0x00000000a1b00000| Untracked 
|  28|0x00000000a1c00000, 0x00000000a1d00000, 0x00000000a1d00000|100%| O|  |TAMS 0x00000000a1d00000, 0x00000000a1c00000| Untracked 
|  29|0x00000000a1d00000, 0x00000000a1e00000, 0x00000000a1e00000|100%| O|  |TAMS 0x00000000a1e00000, 0x00000000a1d00000| Untracked 
|  30|0x00000000a1e00000, 0x00000000a1f00000, 0x00000000a1f00000|100%| O|  |TAMS 0x00000000a1f00000, 0x00000000a1e00000| Untracked 
|  31|0x00000000a1f00000, 0x00000000a2000000, 0x00000000a2000000|100%| O|  |TAMS 0x00000000a2000000, 0x00000000a1f00000| Untracked 
|  32|0x00000000a2000000, 0x00000000a2100000, 0x00000000a2100000|100%| O|  |TAMS 0x00000000a2100000, 0x00000000a2000000| Untracked 
|  33|0x00000000a2100000, 0x00000000a2200000, 0x00000000a2200000|100%|HS|  |TAMS 0x00000000a2200000, 0x00000000a2100000| Complete 
|  34|0x00000000a2200000, 0x00000000a2300000, 0x00000000a2300000|100%|HS|  |TAMS 0x00000000a2300000, 0x00000000a2200000| Complete 
|  35|0x00000000a2300000, 0x00000000a2400000, 0x00000000a2400000|100%|HS|  |TAMS 0x00000000a2400000, 0x00000000a2300000| Complete 
|  36|0x00000000a2400000, 0x00000000a2500000, 0x00000000a2500000|100%|HS|  |TAMS 0x00000000a2500000, 0x00000000a2400000| Complete 
|  37|0x00000000a2500000, 0x00000000a2600000, 0x00000000a2600000|100%|HC|  |TAMS 0x00000000a2600000, 0x00000000a2500000| Complete 
|  38|0x00000000a2600000, 0x00000000a2700000, 0x00000000a2700000|100%|HC|  |TAMS 0x00000000a2700000, 0x00000000a2600000| Complete 
|  39|0x00000000a2700000, 0x00000000a2800000, 0x00000000a2800000|100%|HS|  |TAMS 0x00000000a2800000, 0x00000000a2700000| Complete 
|  40|0x00000000a2800000, 0x00000000a2900000, 0x00000000a2900000|100%|HC|  |TAMS 0x00000000a2900000, 0x00000000a2800000| Complete 
|  41|0x00000000a2900000, 0x00000000a2a00000, 0x00000000a2a00000|100%| O|  |TAMS 0x00000000a2a00000, 0x00000000a2900000| Untracked 
|  42|0x00000000a2a00000, 0x00000000a2b00000, 0x00000000a2b00000|100%| O|  |TAMS 0x00000000a2b00000, 0x00000000a2a00000| Untracked 
|  43|0x00000000a2b00000, 0x00000000a2c00000, 0x00000000a2c00000|100%| O|  |TAMS 0x00000000a2c00000, 0x00000000a2b00000| Untracked 
|  44|0x00000000a2c00000, 0x00000000a2d00000, 0x00000000a2d00000|100%| O|  |TAMS 0x00000000a2d00000, 0x00000000a2c00000| Untracked 
|  45|0x00000000a2d00000, 0x00000000a2e00000, 0x00000000a2e00000|100%| O|  |TAMS 0x00000000a2e00000, 0x00000000a2d00000| Untracked 
|  46|0x00000000a2e00000, 0x00000000a2f00000, 0x00000000a2f00000|100%| O|  |TAMS 0x00000000a2f00000, 0x00000000a2e00000| Untracked 
|  47|0x00000000a2f00000, 0x00000000a3000000, 0x00000000a3000000|100%| O|  |TAMS 0x00000000a3000000, 0x00000000a2f00000| Untracked 
|  48|0x00000000a3000000, 0x00000000a3100000, 0x00000000a3100000|100%| O|  |TAMS 0x00000000a3100000, 0x00000000a3000000| Untracked 
|  49|0x00000000a3100000, 0x00000000a3200000, 0x00000000a3200000|100%| O|  |TAMS 0x00000000a3200000, 0x00000000a3100000| Untracked 
|  50|0x00000000a3200000, 0x00000000a3300000, 0x00000000a3300000|100%| O|  |TAMS 0x00000000a3300000, 0x00000000a3200000| Untracked 
|  51|0x00000000a3300000, 0x00000000a3400000, 0x00000000a3400000|100%| O|  |TAMS 0x00000000a3400000, 0x00000000a3300000| Untracked 
|  52|0x00000000a3400000, 0x00000000a3500000, 0x00000000a3500000|100%| O|  |TAMS 0x00000000a3500000, 0x00000000a3400000| Untracked 
|  53|0x00000000a3500000, 0x00000000a3600000, 0x00000000a3600000|100%| O|  |TAMS 0x00000000a3600000, 0x00000000a3500000| Untracked 
|  54|0x00000000a3600000, 0x00000000a3700000, 0x00000000a3700000|100%|HS|  |TAMS 0x00000000a3700000, 0x00000000a3600000| Complete 
|  55|0x00000000a3700000, 0x00000000a3800000, 0x00000000a3800000|100%| O|  |TAMS 0x00000000a3800000, 0x00000000a3700000| Untracked 
|  56|0x00000000a3800000, 0x00000000a3900000, 0x00000000a3900000|100%| O|  |TAMS 0x00000000a3900000, 0x00000000a3800000| Untracked 
|  57|0x00000000a3900000, 0x00000000a3a00000, 0x00000000a3a00000|100%| O|  |TAMS 0x00000000a3a00000, 0x00000000a3900000| Untracked 
|  58|0x00000000a3a00000, 0x00000000a3b00000, 0x00000000a3b00000|100%| O|  |TAMS 0x00000000a3b00000, 0x00000000a3a00000| Untracked 
|  59|0x00000000a3b00000, 0x00000000a3c00000, 0x00000000a3c00000|100%| O|  |TAMS 0x00000000a3c00000, 0x00000000a3b00000| Untracked 
|  60|0x00000000a3c00000, 0x00000000a3d00000, 0x00000000a3d00000|100%| O|  |TAMS 0x00000000a3d00000, 0x00000000a3c00000| Untracked 
|  61|0x00000000a3d00000, 0x00000000a3e00000, 0x00000000a3e00000|100%| O|  |TAMS 0x00000000a3e00000, 0x00000000a3d00000| Untracked 
|  62|0x00000000a3e00000, 0x00000000a3f00000, 0x00000000a3f00000|100%|HS|  |TAMS 0x00000000a3f00000, 0x00000000a3e00000| Complete 
|  63|0x00000000a3f00000, 0x00000000a4000000, 0x00000000a4000000|100%| O|  |TAMS 0x00000000a4000000, 0x00000000a3f00000| Untracked 
|  64|0x00000000a4000000, 0x00000000a4100000, 0x00000000a4100000|100%| O|  |TAMS 0x00000000a4100000, 0x00000000a4000000| Untracked 
|  65|0x00000000a4100000, 0x00000000a4200000, 0x00000000a4200000|100%|HS|  |TAMS 0x00000000a4200000, 0x00000000a4100000| Complete 
|  66|0x00000000a4200000, 0x00000000a4300000, 0x00000000a4300000|100%| O|  |TAMS 0x00000000a4300000, 0x00000000a4200000| Untracked 
|  67|0x00000000a4300000, 0x00000000a4400000, 0x00000000a4400000|100%| O|  |TAMS 0x00000000a4400000, 0x00000000a4300000| Untracked 
|  68|0x00000000a4400000, 0x00000000a4500000, 0x00000000a4500000|100%| O|  |TAMS 0x00000000a4500000, 0x00000000a4400000| Untracked 
|  69|0x00000000a4500000, 0x00000000a4600000, 0x00000000a4600000|100%| O|  |TAMS 0x00000000a4600000, 0x00000000a4500000| Untracked 
|  70|0x00000000a4600000, 0x00000000a4700000, 0x00000000a4700000|100%| O|  |TAMS 0x00000000a4700000, 0x00000000a4600000| Untracked 
|  71|0x00000000a4700000, 0x00000000a4800000, 0x00000000a4800000|100%| O|  |TAMS 0x00000000a4800000, 0x00000000a4700000| Untracked 
|  72|0x00000000a4800000, 0x00000000a4900000, 0x00000000a4900000|100%| O|  |TAMS 0x00000000a4900000, 0x00000000a4800000| Untracked 
|  73|0x00000000a4900000, 0x00000000a4a00000, 0x00000000a4a00000|100%| O|  |TAMS 0x00000000a4a00000, 0x00000000a4900000| Untracked 
|  74|0x00000000a4a00000, 0x00000000a4b00000, 0x00000000a4b00000|100%| O|  |TAMS 0x00000000a4b00000, 0x00000000a4a00000| Untracked 
|  75|0x00000000a4b00000, 0x00000000a4c00000, 0x00000000a4c00000|100%| O|  |TAMS 0x00000000a4c00000, 0x00000000a4b00000| Untracked 
|  76|0x00000000a4c00000, 0x00000000a4d00000, 0x00000000a4d00000|100%| O|  |TAMS 0x00000000a4d00000, 0x00000000a4c00000| Untracked 
|  77|0x00000000a4d00000, 0x00000000a4e00000, 0x00000000a4e00000|100%| O|  |TAMS 0x00000000a4e00000, 0x00000000a4d00000| Untracked 
|  78|0x00000000a4e00000, 0x00000000a4f00000, 0x00000000a4f00000|100%| O|  |TAMS 0x00000000a4f00000, 0x00000000a4e00000| Untracked 
|  79|0x00000000a4f00000, 0x00000000a5000000, 0x00000000a5000000|100%| O|  |TAMS 0x00000000a5000000, 0x00000000a4f00000| Untracked 
|  80|0x00000000a5000000, 0x00000000a5100000, 0x00000000a5100000|100%| O|  |TAMS 0x00000000a5100000, 0x00000000a5000000| Untracked 
|  81|0x00000000a5100000, 0x00000000a5200000, 0x00000000a5200000|100%| O|  |TAMS 0x00000000a5200000, 0x00000000a5100000| Untracked 
|  82|0x00000000a5200000, 0x00000000a5300000, 0x00000000a5300000|100%| O|  |TAMS 0x00000000a5300000, 0x00000000a5200000| Untracked 
|  83|0x00000000a5300000, 0x00000000a5400000, 0x00000000a5400000|100%|HS|  |TAMS 0x00000000a5400000, 0x00000000a5300000| Complete 
|  84|0x00000000a5400000, 0x00000000a5500000, 0x00000000a5500000|100%|HS|  |TAMS 0x00000000a5500000, 0x00000000a5400000| Complete 
|  85|0x00000000a5500000, 0x00000000a5600000, 0x00000000a5600000|100%| O|  |TAMS 0x00000000a5600000, 0x00000000a5500000| Untracked 
|  86|0x00000000a5600000, 0x00000000a5700000, 0x00000000a5700000|100%| O|  |TAMS 0x00000000a5700000, 0x00000000a5600000| Untracked 
|  87|0x00000000a5700000, 0x00000000a5800000, 0x00000000a5800000|100%| O|  |TAMS 0x00000000a5800000, 0x00000000a5700000| Untracked 
|  88|0x00000000a5800000, 0x00000000a5900000, 0x00000000a5900000|100%| O|  |TAMS 0x00000000a5900000, 0x00000000a5800000| Untracked 
|  89|0x00000000a5900000, 0x00000000a5a00000, 0x00000000a5a00000|100%|HS|  |TAMS 0x00000000a5a00000, 0x00000000a5900000| Complete 
|  90|0x00000000a5a00000, 0x00000000a5b00000, 0x00000000a5b00000|100%|HS|  |TAMS 0x00000000a5b00000, 0x00000000a5a00000| Complete 
|  91|0x00000000a5b00000, 0x00000000a5c00000, 0x00000000a5c00000|100%|HS|  |TAMS 0x00000000a5c00000, 0x00000000a5b00000| Complete 
|  92|0x00000000a5c00000, 0x00000000a5d00000, 0x00000000a5d00000|100%|HC|  |TAMS 0x00000000a5d00000, 0x00000000a5c00000| Complete 
|  93|0x00000000a5d00000, 0x00000000a5e00000, 0x00000000a5e00000|100%|HC|  |TAMS 0x00000000a5e00000, 0x00000000a5d00000| Complete 
|  94|0x00000000a5e00000, 0x00000000a5f00000, 0x00000000a5f00000|100%| O|  |TAMS 0x00000000a5f00000, 0x00000000a5e00000| Untracked 
|  95|0x00000000a5f00000, 0x00000000a6000000, 0x00000000a6000000|100%| O|  |TAMS 0x00000000a6000000, 0x00000000a5f00000| Untracked 
|  96|0x00000000a6000000, 0x00000000a6100000, 0x00000000a6100000|100%| O|  |TAMS 0x00000000a6100000, 0x00000000a6000000| Untracked 
|  97|0x00000000a6100000, 0x00000000a6200000, 0x00000000a6200000|100%| O|  |TAMS 0x00000000a6200000, 0x00000000a6100000| Untracked 
|  98|0x00000000a6200000, 0x00000000a6300000, 0x00000000a6300000|100%| O|  |TAMS 0x00000000a6300000, 0x00000000a6200000| Untracked 
|  99|0x00000000a6300000, 0x00000000a6400000, 0x00000000a6400000|100%| O|  |TAMS 0x00000000a6400000, 0x00000000a6300000| Untracked 
| 100|0x00000000a6400000, 0x00000000a6500000, 0x00000000a6500000|100%| O|  |TAMS 0x00000000a6500000, 0x00000000a6400000| Untracked 
| 101|0x00000000a6500000, 0x00000000a6600000, 0x00000000a6600000|100%| O|  |TAMS 0x00000000a6600000, 0x00000000a6500000| Untracked 
| 102|0x00000000a6600000, 0x00000000a6700000, 0x00000000a6700000|100%| O|  |TAMS 0x00000000a6700000, 0x00000000a6600000| Untracked 
| 103|0x00000000a6700000, 0x00000000a6800000, 0x00000000a6800000|100%|HS|  |TAMS 0x00000000a6800000, 0x00000000a6700000| Complete 
| 104|0x00000000a6800000, 0x00000000a6900000, 0x00000000a6900000|100%|HS|  |TAMS 0x00000000a6900000, 0x00000000a6800000| Complete 
| 105|0x00000000a6900000, 0x00000000a6a00000, 0x00000000a6a00000|100%| O|  |TAMS 0x00000000a6a00000, 0x00000000a6900000| Untracked 
| 106|0x00000000a6a00000, 0x00000000a6b00000, 0x00000000a6b00000|100%| O|  |TAMS 0x00000000a6b00000, 0x00000000a6a00000| Untracked 
| 107|0x00000000a6b00000, 0x00000000a6c00000, 0x00000000a6c00000|100%| O|  |TAMS 0x00000000a6c00000, 0x00000000a6b00000| Untracked 
| 108|0x00000000a6c00000, 0x00000000a6d00000, 0x00000000a6d00000|100%| O|  |TAMS 0x00000000a6d00000, 0x00000000a6c00000| Untracked 
| 109|0x00000000a6d00000, 0x00000000a6e00000, 0x00000000a6e00000|100%| O|  |TAMS 0x00000000a6e00000, 0x00000000a6d00000| Untracked 
| 110|0x00000000a6e00000, 0x00000000a6f00000, 0x00000000a6f00000|100%| O|  |TAMS 0x00000000a6f00000, 0x00000000a6e00000| Untracked 
| 111|0x00000000a6f00000, 0x00000000a7000000, 0x00000000a7000000|100%| O|  |TAMS 0x00000000a7000000, 0x00000000a6f00000| Untracked 
| 112|0x00000000a7000000, 0x00000000a7100000, 0x00000000a7100000|100%| O|  |TAMS 0x00000000a7100000, 0x00000000a7000000| Untracked 
| 113|0x00000000a7100000, 0x00000000a7200000, 0x00000000a7200000|100%| O|  |TAMS 0x00000000a7200000, 0x00000000a7100000| Untracked 
| 114|0x00000000a7200000, 0x00000000a7300000, 0x00000000a7300000|100%| O|  |TAMS 0x00000000a7300000, 0x00000000a7200000| Untracked 
| 115|0x00000000a7300000, 0x00000000a7400000, 0x00000000a7400000|100%| O|  |TAMS 0x00000000a7400000, 0x00000000a7300000| Untracked 
| 116|0x00000000a7400000, 0x00000000a7500000, 0x00000000a7500000|100%| O|  |TAMS 0x00000000a7500000, 0x00000000a7400000| Untracked 
| 117|0x00000000a7500000, 0x00000000a7600000, 0x00000000a7600000|100%| O|  |TAMS 0x00000000a7600000, 0x00000000a7500000| Untracked 
| 118|0x00000000a7600000, 0x00000000a7700000, 0x00000000a7700000|100%| O|  |TAMS 0x00000000a7700000, 0x00000000a7600000| Untracked 
| 119|0x00000000a7700000, 0x00000000a7800000, 0x00000000a7800000|100%| O|  |TAMS 0x00000000a7800000, 0x00000000a7700000| Untracked 
| 120|0x00000000a7800000, 0x00000000a7900000, 0x00000000a7900000|100%| O|  |TAMS 0x00000000a7900000, 0x00000000a7800000| Untracked 
| 121|0x00000000a7900000, 0x00000000a7a00000, 0x00000000a7a00000|100%| O|  |TAMS 0x00000000a7a00000, 0x00000000a7900000| Untracked 
| 122|0x00000000a7a00000, 0x00000000a7b00000, 0x00000000a7b00000|100%| O|  |TAMS 0x00000000a7b00000, 0x00000000a7a00000| Untracked 
| 123|0x00000000a7b00000, 0x00000000a7c00000, 0x00000000a7c00000|100%| O|  |TAMS 0x00000000a7c00000, 0x00000000a7b00000| Untracked 
| 124|0x00000000a7c00000, 0x00000000a7d00000, 0x00000000a7d00000|100%| O|  |TAMS 0x00000000a7d00000, 0x00000000a7c00000| Untracked 
| 125|0x00000000a7d00000, 0x00000000a7e00000, 0x00000000a7e00000|100%| O|  |TAMS 0x00000000a7e00000, 0x00000000a7d00000| Untracked 
| 126|0x00000000a7e00000, 0x00000000a7f00000, 0x00000000a7f00000|100%| O|  |TAMS 0x00000000a7f00000, 0x00000000a7e00000| Untracked 
| 127|0x00000000a7f00000, 0x00000000a8000000, 0x00000000a8000000|100%| O|  |TAMS 0x00000000a8000000, 0x00000000a7f00000| Untracked 
| 128|0x00000000a8000000, 0x00000000a8100000, 0x00000000a8100000|100%| O|  |TAMS 0x00000000a8100000, 0x00000000a8000000| Untracked 
| 129|0x00000000a8100000, 0x00000000a8200000, 0x00000000a8200000|100%| O|  |TAMS 0x00000000a8200000, 0x00000000a8100000| Untracked 
| 130|0x00000000a8200000, 0x00000000a8300000, 0x00000000a8300000|100%| O|  |TAMS 0x00000000a8300000, 0x00000000a8200000| Untracked 
| 131|0x00000000a8300000, 0x00000000a8400000, 0x00000000a8400000|100%| O|  |TAMS 0x00000000a8400000, 0x00000000a8300000| Untracked 
| 132|0x00000000a8400000, 0x00000000a8500000, 0x00000000a8500000|100%| O|  |TAMS 0x00000000a8500000, 0x00000000a8400000| Untracked 
| 133|0x00000000a8500000, 0x00000000a8600000, 0x00000000a8600000|100%| O|  |TAMS 0x00000000a8600000, 0x00000000a8500000| Untracked 
| 134|0x00000000a8600000, 0x00000000a8700000, 0x00000000a8700000|100%| O|  |TAMS 0x00000000a8700000, 0x00000000a8600000| Untracked 
| 135|0x00000000a8700000, 0x00000000a8800000, 0x00000000a8800000|100%| O|  |TAMS 0x00000000a8800000, 0x00000000a8700000| Untracked 
| 136|0x00000000a8800000, 0x00000000a8900000, 0x00000000a8900000|100%| O|  |TAMS 0x00000000a8900000, 0x00000000a8800000| Untracked 
| 137|0x00000000a8900000, 0x00000000a8a00000, 0x00000000a8a00000|100%| O|  |TAMS 0x00000000a8a00000, 0x00000000a8900000| Untracked 
| 138|0x00000000a8a00000, 0x00000000a8b00000, 0x00000000a8b00000|100%| O|  |TAMS 0x00000000a8b00000, 0x00000000a8a00000| Untracked 
| 139|0x00000000a8b00000, 0x00000000a8c00000, 0x00000000a8c00000|100%| O|  |TAMS 0x00000000a8c00000, 0x00000000a8b00000| Untracked 
| 140|0x00000000a8c00000, 0x00000000a8d00000, 0x00000000a8d00000|100%| O|  |TAMS 0x00000000a8d00000, 0x00000000a8c00000| Untracked 
| 141|0x00000000a8d00000, 0x00000000a8e00000, 0x00000000a8e00000|100%| O|  |TAMS 0x00000000a8e00000, 0x00000000a8d00000| Untracked 
| 142|0x00000000a8e00000, 0x00000000a8f00000, 0x00000000a8f00000|100%| O|  |TAMS 0x00000000a8f00000, 0x00000000a8e00000| Untracked 
| 143|0x00000000a8f00000, 0x00000000a9000000, 0x00000000a9000000|100%| O|  |TAMS 0x00000000a9000000, 0x00000000a8f00000| Untracked 
| 144|0x00000000a9000000, 0x00000000a9100000, 0x00000000a9100000|100%| O|  |TAMS 0x00000000a9100000, 0x00000000a9000000| Untracked 
| 145|0x00000000a9100000, 0x00000000a9200000, 0x00000000a9200000|100%| O|  |TAMS 0x00000000a9200000, 0x00000000a9100000| Untracked 
| 146|0x00000000a9200000, 0x00000000a9300000, 0x00000000a9300000|100%| O|  |TAMS 0x00000000a9300000, 0x00000000a9200000| Untracked 
| 147|0x00000000a9300000, 0x00000000a9400000, 0x00000000a9400000|100%| O|  |TAMS 0x00000000a9400000, 0x00000000a9300000| Untracked 
| 148|0x00000000a9400000, 0x00000000a9500000, 0x00000000a9500000|100%| O|  |TAMS 0x00000000a9500000, 0x00000000a9400000| Untracked 
| 149|0x00000000a9500000, 0x00000000a9600000, 0x00000000a9600000|100%| O|  |TAMS 0x00000000a9600000, 0x00000000a9500000| Untracked 
| 150|0x00000000a9600000, 0x00000000a9700000, 0x00000000a9700000|100%| O|  |TAMS 0x00000000a9700000, 0x00000000a9600000| Untracked 
| 151|0x00000000a9700000, 0x00000000a9800000, 0x00000000a9800000|100%| O|  |TAMS 0x00000000a9800000, 0x00000000a9700000| Untracked 
| 152|0x00000000a9800000, 0x00000000a9900000, 0x00000000a9900000|100%| O|  |TAMS 0x00000000a9900000, 0x00000000a9800000| Untracked 
| 153|0x00000000a9900000, 0x00000000a9a00000, 0x00000000a9a00000|100%| O|  |TAMS 0x00000000a9a00000, 0x00000000a9900000| Untracked 
| 154|0x00000000a9a00000, 0x00000000a9b00000, 0x00000000a9b00000|100%| O|  |TAMS 0x00000000a9b00000, 0x00000000a9a00000| Untracked 
| 155|0x00000000a9b00000, 0x00000000a9c00000, 0x00000000a9c00000|100%| O|  |TAMS 0x00000000a9c00000, 0x00000000a9b00000| Untracked 
| 156|0x00000000a9c00000, 0x00000000a9d00000, 0x00000000a9d00000|100%| O|  |TAMS 0x00000000a9d00000, 0x00000000a9c00000| Untracked 
| 157|0x00000000a9d00000, 0x00000000a9e00000, 0x00000000a9e00000|100%| O|  |TAMS 0x00000000a9e00000, 0x00000000a9d00000| Untracked 
| 158|0x00000000a9e00000, 0x00000000a9f00000, 0x00000000a9f00000|100%| O|  |TAMS 0x00000000a9f00000, 0x00000000a9e00000| Untracked 
| 159|0x00000000a9f00000, 0x00000000aa000000, 0x00000000aa000000|100%| O|  |TAMS 0x00000000aa000000, 0x00000000a9f00000| Untracked 
| 160|0x00000000aa000000, 0x00000000aa100000, 0x00000000aa100000|100%| O|  |TAMS 0x00000000aa100000, 0x00000000aa000000| Untracked 
| 161|0x00000000aa100000, 0x00000000aa200000, 0x00000000aa200000|100%| O|  |TAMS 0x00000000aa200000, 0x00000000aa100000| Untracked 
| 162|0x00000000aa200000, 0x00000000aa300000, 0x00000000aa300000|100%| O|  |TAMS 0x00000000aa300000, 0x00000000aa200000| Untracked 
| 163|0x00000000aa300000, 0x00000000aa400000, 0x00000000aa400000|100%| O|  |TAMS 0x00000000aa400000, 0x00000000aa300000| Untracked 
| 164|0x00000000aa400000, 0x00000000aa500000, 0x00000000aa500000|100%|HS|  |TAMS 0x00000000aa500000, 0x00000000aa400000| Complete 
| 165|0x00000000aa500000, 0x00000000aa600000, 0x00000000aa600000|100%| O|  |TAMS 0x00000000aa600000, 0x00000000aa500000| Untracked 
| 166|0x00000000aa600000, 0x00000000aa700000, 0x00000000aa700000|100%| O|  |TAMS 0x00000000aa700000, 0x00000000aa600000| Untracked 
| 167|0x00000000aa700000, 0x00000000aa800000, 0x00000000aa800000|100%| O|  |TAMS 0x00000000aa800000, 0x00000000aa700000| Untracked 
| 168|0x00000000aa800000, 0x00000000aa900000, 0x00000000aa900000|100%| O|  |TAMS 0x00000000aa900000, 0x00000000aa800000| Untracked 
| 169|0x00000000aa900000, 0x00000000aaa00000, 0x00000000aaa00000|100%| O|  |TAMS 0x00000000aaa00000, 0x00000000aa900000| Untracked 
| 170|0x00000000aaa00000, 0x00000000aaa00000, 0x00000000aab00000|  0%| F|  |TAMS 0x00000000aaa00000, 0x00000000aaa00000| Untracked 
| 171|0x00000000aab00000, 0x00000000aac00000, 0x00000000aac00000|100%| O|  |TAMS 0x00000000aac00000, 0x00000000aab00000| Untracked 
| 172|0x00000000aac00000, 0x00000000aad00000, 0x00000000aad00000|100%| O|  |TAMS 0x00000000aad00000, 0x00000000aac00000| Untracked 
| 173|0x00000000aad00000, 0x00000000aae00000, 0x00000000aae00000|100%| O|  |TAMS 0x00000000aae00000, 0x00000000aad00000| Untracked 
| 174|0x00000000aae00000, 0x00000000aaf00000, 0x00000000aaf00000|100%| O|  |TAMS 0x00000000aaf00000, 0x00000000aae00000| Untracked 
| 175|0x00000000aaf00000, 0x00000000ab000000, 0x00000000ab000000|100%| O|  |TAMS 0x00000000ab000000, 0x00000000aaf00000| Untracked 
| 176|0x00000000ab000000, 0x00000000ab100000, 0x00000000ab100000|100%| O|  |TAMS 0x00000000ab100000, 0x00000000ab000000| Untracked 
| 177|0x00000000ab100000, 0x00000000ab200000, 0x00000000ab200000|100%| O|  |TAMS 0x00000000ab200000, 0x00000000ab100000| Untracked 
| 178|0x00000000ab200000, 0x00000000ab300000, 0x00000000ab300000|100%| O|  |TAMS 0x00000000ab300000, 0x00000000ab200000| Untracked 
| 179|0x00000000ab300000, 0x00000000ab300000, 0x00000000ab400000|  0%| F|  |TAMS 0x00000000ab300000, 0x00000000ab300000| Untracked 
| 180|0x00000000ab400000, 0x00000000ab500000, 0x00000000ab500000|100%| O|  |TAMS 0x00000000ab500000, 0x00000000ab400000| Untracked 
| 181|0x00000000ab500000, 0x00000000ab600000, 0x00000000ab600000|100%| O|  |TAMS 0x00000000ab600000, 0x00000000ab500000| Untracked 
| 182|0x00000000ab600000, 0x00000000ab700000, 0x00000000ab700000|100%| O|  |TAMS 0x00000000ab700000, 0x00000000ab600000| Untracked 
| 183|0x00000000ab700000, 0x00000000ab800000, 0x00000000ab800000|100%| O|  |TAMS 0x00000000ab800000, 0x00000000ab700000| Untracked 
| 184|0x00000000ab800000, 0x00000000ab800000, 0x00000000ab900000|  0%| F|  |TAMS 0x00000000ab800000, 0x00000000ab800000| Untracked 
| 185|0x00000000ab900000, 0x00000000ab900000, 0x00000000aba00000|  0%| F|  |TAMS 0x00000000ab900000, 0x00000000ab900000| Untracked 
| 186|0x00000000aba00000, 0x00000000abb00000, 0x00000000abb00000|100%| O|  |TAMS 0x00000000abb00000, 0x00000000aba00000| Untracked 
| 187|0x00000000abb00000, 0x00000000abc00000, 0x00000000abc00000|100%| O|  |TAMS 0x00000000abc00000, 0x00000000abb00000| Untracked 
| 188|0x00000000abc00000, 0x00000000abd00000, 0x00000000abd00000|100%| O|  |TAMS 0x00000000abd00000, 0x00000000abc00000| Untracked 
| 189|0x00000000abd00000, 0x00000000abe00000, 0x00000000abe00000|100%| O|  |TAMS 0x00000000abe00000, 0x00000000abd00000| Untracked 
| 190|0x00000000abe00000, 0x00000000abf00000, 0x00000000abf00000|100%| O|  |TAMS 0x00000000abf00000, 0x00000000abe00000| Untracked 
| 191|0x00000000abf00000, 0x00000000ac000000, 0x00000000ac000000|100%| O|  |TAMS 0x00000000ac000000, 0x00000000abf00000| Untracked 
| 192|0x00000000ac000000, 0x00000000ac000000, 0x00000000ac100000|  0%| F|  |TAMS 0x00000000ac000000, 0x00000000ac000000| Untracked 
| 193|0x00000000ac100000, 0x00000000ac200000, 0x00000000ac200000|100%| O|  |TAMS 0x00000000ac200000, 0x00000000ac100000| Untracked 
| 194|0x00000000ac200000, 0x00000000ac300000, 0x00000000ac300000|100%| O|  |TAMS 0x00000000ac300000, 0x00000000ac200000| Untracked 
| 195|0x00000000ac300000, 0x00000000ac400000, 0x00000000ac400000|100%| O|  |TAMS 0x00000000ac400000, 0x00000000ac300000| Untracked 
| 196|0x00000000ac400000, 0x00000000ac500000, 0x00000000ac500000|100%| O|  |TAMS 0x00000000ac500000, 0x00000000ac400000| Untracked 
| 197|0x00000000ac500000, 0x00000000ac600000, 0x00000000ac600000|100%| O|  |TAMS 0x00000000ac600000, 0x00000000ac500000| Untracked 
| 198|0x00000000ac600000, 0x00000000ac700000, 0x00000000ac700000|100%| O|  |TAMS 0x00000000ac700000, 0x00000000ac600000| Untracked 
| 199|0x00000000ac700000, 0x00000000ac800000, 0x00000000ac800000|100%| O|  |TAMS 0x00000000ac800000, 0x00000000ac700000| Untracked 
| 200|0x00000000ac800000, 0x00000000ac900000, 0x00000000ac900000|100%| O|  |TAMS 0x00000000ac900000, 0x00000000ac800000| Untracked 
| 201|0x00000000ac900000, 0x00000000aca00000, 0x00000000aca00000|100%| O|  |TAMS 0x00000000aca00000, 0x00000000ac900000| Untracked 
| 202|0x00000000aca00000, 0x00000000acb00000, 0x00000000acb00000|100%| O|  |TAMS 0x00000000acb00000, 0x00000000aca00000| Untracked 
| 203|0x00000000acb00000, 0x00000000acc00000, 0x00000000acc00000|100%| O|  |TAMS 0x00000000acc00000, 0x00000000acb00000| Untracked 
| 204|0x00000000acc00000, 0x00000000acd00000, 0x00000000acd00000|100%| O|  |TAMS 0x00000000acd00000, 0x00000000acc00000| Untracked 
| 205|0x00000000acd00000, 0x00000000ace00000, 0x00000000ace00000|100%| O|  |TAMS 0x00000000ace00000, 0x00000000acd00000| Untracked 
| 206|0x00000000ace00000, 0x00000000acf00000, 0x00000000acf00000|100%| O|  |TAMS 0x00000000acf00000, 0x00000000ace00000| Untracked 
| 207|0x00000000acf00000, 0x00000000ad000000, 0x00000000ad000000|100%| O|  |TAMS 0x00000000ad000000, 0x00000000acf00000| Untracked 
| 208|0x00000000ad000000, 0x00000000ad100000, 0x00000000ad100000|100%| O|  |TAMS 0x00000000ad100000, 0x00000000ad000000| Untracked 
| 209|0x00000000ad100000, 0x00000000ad200000, 0x00000000ad200000|100%| O|  |TAMS 0x00000000ad200000, 0x00000000ad100000| Untracked 
| 210|0x00000000ad200000, 0x00000000ad300000, 0x00000000ad300000|100%| O|  |TAMS 0x00000000ad300000, 0x00000000ad200000| Untracked 
| 211|0x00000000ad300000, 0x00000000ad400000, 0x00000000ad400000|100%| O|  |TAMS 0x00000000ad400000, 0x00000000ad300000| Untracked 
| 212|0x00000000ad400000, 0x00000000ad500000, 0x00000000ad500000|100%| O|  |TAMS 0x00000000ad500000, 0x00000000ad400000| Untracked 
| 213|0x00000000ad500000, 0x00000000ad600000, 0x00000000ad600000|100%| O|  |TAMS 0x00000000ad600000, 0x00000000ad500000| Untracked 
| 214|0x00000000ad600000, 0x00000000ad700000, 0x00000000ad700000|100%| O|  |TAMS 0x00000000ad700000, 0x00000000ad600000| Untracked 
| 215|0x00000000ad700000, 0x00000000ad800000, 0x00000000ad800000|100%| O|  |TAMS 0x00000000ad7a6800, 0x00000000ad700000| Untracked 
| 216|0x00000000ad800000, 0x00000000ad900000, 0x00000000ad900000|100%| O|  |TAMS 0x00000000ad800000, 0x00000000ad800000| Untracked 
| 217|0x00000000ad900000, 0x00000000ada00000, 0x00000000ada00000|100%| O|  |TAMS 0x00000000ad900000, 0x00000000ad900000| Untracked 
| 218|0x00000000ada00000, 0x00000000adb00000, 0x00000000adb00000|100%| O|  |TAMS 0x00000000ada00000, 0x00000000ada00000| Untracked 
| 219|0x00000000adb00000, 0x00000000adc00000, 0x00000000adc00000|100%| O|  |TAMS 0x00000000adb00000, 0x00000000adb00000| Untracked 
| 220|0x00000000adc00000, 0x00000000add00000, 0x00000000add00000|100%| O|  |TAMS 0x00000000adc00000, 0x00000000adc00000| Untracked 
| 221|0x00000000add00000, 0x00000000ade00000, 0x00000000ade00000|100%| O|  |TAMS 0x00000000add00000, 0x00000000add00000| Untracked 
| 222|0x00000000ade00000, 0x00000000adf00000, 0x00000000adf00000|100%| O|  |TAMS 0x00000000ade00000, 0x00000000ade00000| Untracked 
| 223|0x00000000adf00000, 0x00000000ae000000, 0x00000000ae000000|100%| O|  |TAMS 0x00000000adf00000, 0x00000000adf00000| Untracked 
| 224|0x00000000ae000000, 0x00000000ae100000, 0x00000000ae100000|100%| O|  |TAMS 0x00000000ae000000, 0x00000000ae000000| Untracked 
| 225|0x00000000ae100000, 0x00000000ae200000, 0x00000000ae200000|100%| O|  |TAMS 0x00000000ae100000, 0x00000000ae100000| Untracked 
| 226|0x00000000ae200000, 0x00000000ae300000, 0x00000000ae300000|100%| O|  |TAMS 0x00000000ae200000, 0x00000000ae200000| Untracked 
| 227|0x00000000ae300000, 0x00000000ae400000, 0x00000000ae400000|100%| O|  |TAMS 0x00000000ae300000, 0x00000000ae300000| Untracked 
| 228|0x00000000ae400000, 0x00000000ae500000, 0x00000000ae500000|100%| O|  |TAMS 0x00000000ae400000, 0x00000000ae400000| Untracked 
| 229|0x00000000ae500000, 0x00000000ae600000, 0x00000000ae600000|100%| O|  |TAMS 0x00000000ae500000, 0x00000000ae500000| Untracked 
| 230|0x00000000ae600000, 0x00000000ae700000, 0x00000000ae700000|100%| O|  |TAMS 0x00000000ae600000, 0x00000000ae600000| Untracked 
| 231|0x00000000ae700000, 0x00000000ae800000, 0x00000000ae800000|100%| O|  |TAMS 0x00000000ae700000, 0x00000000ae700000| Untracked 
| 232|0x00000000ae800000, 0x00000000ae900000, 0x00000000ae900000|100%| O|  |TAMS 0x00000000ae800000, 0x00000000ae800000| Untracked 
| 233|0x00000000ae900000, 0x00000000ae900000, 0x00000000aea00000|  0%| F|  |TAMS 0x00000000ae900000, 0x00000000ae900000| Untracked 
| 234|0x00000000aea00000, 0x00000000aeb00000, 0x00000000aeb00000|100%| O|  |TAMS 0x00000000aea00000, 0x00000000aea00000| Untracked 
| 235|0x00000000aeb00000, 0x00000000aec00000, 0x00000000aec00000|100%| O|  |TAMS 0x00000000aeb00000, 0x00000000aeb00000| Untracked 
| 236|0x00000000aec00000, 0x00000000aed00000, 0x00000000aed00000|100%| O|  |TAMS 0x00000000aec00000, 0x00000000aec00000| Untracked 
| 237|0x00000000aed00000, 0x00000000aee00000, 0x00000000aee00000|100%| O|  |TAMS 0x00000000aed00000, 0x00000000aed00000| Untracked 
| 238|0x00000000aee00000, 0x00000000aef00000, 0x00000000aef00000|100%| O|  |TAMS 0x00000000aee00000, 0x00000000aee00000| Untracked 
| 239|0x00000000aef00000, 0x00000000aef00000, 0x00000000af000000|  0%| F|  |TAMS 0x00000000aef00000, 0x00000000aef00000| Untracked 
| 240|0x00000000af000000, 0x00000000af000000, 0x00000000af100000|  0%| F|  |TAMS 0x00000000af000000, 0x00000000af000000| Untracked 
| 241|0x00000000af100000, 0x00000000af100000, 0x00000000af200000|  0%| F|  |TAMS 0x00000000af100000, 0x00000000af100000| Untracked 
| 242|0x00000000af200000, 0x00000000af200000, 0x00000000af300000|  0%| F|  |TAMS 0x00000000af200000, 0x00000000af200000| Untracked 
| 243|0x00000000af300000, 0x00000000af300000, 0x00000000af400000|  0%| F|  |TAMS 0x00000000af300000, 0x00000000af300000| Untracked 
| 244|0x00000000af400000, 0x00000000af400000, 0x00000000af500000|  0%| F|  |TAMS 0x00000000af400000, 0x00000000af400000| Untracked 
| 245|0x00000000af500000, 0x00000000af500000, 0x00000000af600000|  0%| F|  |TAMS 0x00000000af500000, 0x00000000af500000| Untracked 
| 246|0x00000000af600000, 0x00000000af600000, 0x00000000af700000|  0%| F|  |TAMS 0x00000000af600000, 0x00000000af600000| Untracked 
| 247|0x00000000af700000, 0x00000000af700000, 0x00000000af800000|  0%| F|  |TAMS 0x00000000af700000, 0x00000000af700000| Untracked 
| 248|0x00000000af800000, 0x00000000af800000, 0x00000000af900000|  0%| F|  |TAMS 0x00000000af800000, 0x00000000af800000| Untracked 
| 249|0x00000000af900000, 0x00000000af900000, 0x00000000afa00000|  0%| F|  |TAMS 0x00000000af900000, 0x00000000af900000| Untracked 
| 250|0x00000000afa00000, 0x00000000afa00000, 0x00000000afb00000|  0%| F|  |TAMS 0x00000000afa00000, 0x00000000afa00000| Untracked 
| 251|0x00000000afb00000, 0x00000000afb00000, 0x00000000afc00000|  0%| F|  |TAMS 0x00000000afb00000, 0x00000000afb00000| Untracked 
| 252|0x00000000afc00000, 0x00000000afc00000, 0x00000000afd00000|  0%| F|  |TAMS 0x00000000afc00000, 0x00000000afc00000| Untracked 
| 253|0x00000000afd00000, 0x00000000afd00000, 0x00000000afe00000|  0%| F|  |TAMS 0x00000000afd00000, 0x00000000afd00000| Untracked 
| 254|0x00000000afe00000, 0x00000000afe00000, 0x00000000aff00000|  0%| F|  |TAMS 0x00000000afe00000, 0x00000000afe00000| Untracked 
| 255|0x00000000aff00000, 0x00000000aff00000, 0x00000000b0000000|  0%| F|  |TAMS 0x00000000aff00000, 0x00000000aff00000| Untracked 
| 256|0x00000000b0000000, 0x00000000b0000000, 0x00000000b0100000|  0%| F|  |TAMS 0x00000000b0000000, 0x00000000b0000000| Untracked 
| 257|0x00000000b0100000, 0x00000000b0100000, 0x00000000b0200000|  0%| F|  |TAMS 0x00000000b0100000, 0x00000000b0100000| Untracked 
| 258|0x00000000b0200000, 0x00000000b0200000, 0x00000000b0300000|  0%| F|  |TAMS 0x00000000b0200000, 0x00000000b0200000| Untracked 
| 259|0x00000000b0300000, 0x00000000b0300000, 0x00000000b0400000|  0%| F|  |TAMS 0x00000000b0300000, 0x00000000b0300000| Untracked 
| 260|0x00000000b0400000, 0x00000000b0400000, 0x00000000b0500000|  0%| F|  |TAMS 0x00000000b0400000, 0x00000000b0400000| Untracked 
| 261|0x00000000b0500000, 0x00000000b0500000, 0x00000000b0600000|  0%| F|  |TAMS 0x00000000b0500000, 0x00000000b0500000| Untracked 
| 262|0x00000000b0600000, 0x00000000b0600000, 0x00000000b0700000|  0%| F|  |TAMS 0x00000000b0600000, 0x00000000b0600000| Untracked 
| 263|0x00000000b0700000, 0x00000000b0700000, 0x00000000b0800000|  0%| F|  |TAMS 0x00000000b0700000, 0x00000000b0700000| Untracked 
| 264|0x00000000b0800000, 0x00000000b0800000, 0x00000000b0900000|  0%| F|  |TAMS 0x00000000b0800000, 0x00000000b0800000| Untracked 
| 265|0x00000000b0900000, 0x00000000b0900000, 0x00000000b0a00000|  0%| F|  |TAMS 0x00000000b0900000, 0x00000000b0900000| Untracked 
| 266|0x00000000b0a00000, 0x00000000b0a00000, 0x00000000b0b00000|  0%| F|  |TAMS 0x00000000b0a00000, 0x00000000b0a00000| Untracked 
| 267|0x00000000b0b00000, 0x00000000b0b00000, 0x00000000b0c00000|  0%| F|  |TAMS 0x00000000b0b00000, 0x00000000b0b00000| Untracked 
| 268|0x00000000b0c00000, 0x00000000b0c00000, 0x00000000b0d00000|  0%| F|  |TAMS 0x00000000b0c00000, 0x00000000b0c00000| Untracked 
| 269|0x00000000b0d00000, 0x00000000b0d00000, 0x00000000b0e00000|  0%| F|  |TAMS 0x00000000b0d00000, 0x00000000b0d00000| Untracked 
| 270|0x00000000b0e00000, 0x00000000b0e00000, 0x00000000b0f00000|  0%| F|  |TAMS 0x00000000b0e00000, 0x00000000b0e00000| Untracked 
| 271|0x00000000b0f00000, 0x00000000b0f00000, 0x00000000b1000000|  0%| F|  |TAMS 0x00000000b0f00000, 0x00000000b0f00000| Untracked 
| 272|0x00000000b1000000, 0x00000000b1000000, 0x00000000b1100000|  0%| F|  |TAMS 0x00000000b1000000, 0x00000000b1000000| Untracked 
| 273|0x00000000b1100000, 0x00000000b1100000, 0x00000000b1200000|  0%| F|  |TAMS 0x00000000b1100000, 0x00000000b1100000| Untracked 
| 274|0x00000000b1200000, 0x00000000b1200000, 0x00000000b1300000|  0%| F|  |TAMS 0x00000000b1200000, 0x00000000b1200000| Untracked 
| 275|0x00000000b1300000, 0x00000000b1300000, 0x00000000b1400000|  0%| F|  |TAMS 0x00000000b1300000, 0x00000000b1300000| Untracked 
| 276|0x00000000b1400000, 0x00000000b1400000, 0x00000000b1500000|  0%| F|  |TAMS 0x00000000b1400000, 0x00000000b1400000| Untracked 
| 277|0x00000000b1500000, 0x00000000b1500000, 0x00000000b1600000|  0%| F|  |TAMS 0x00000000b1500000, 0x00000000b1500000| Untracked 
| 278|0x00000000b1600000, 0x00000000b1600000, 0x00000000b1700000|  0%| F|  |TAMS 0x00000000b1600000, 0x00000000b1600000| Untracked 
| 279|0x00000000b1700000, 0x00000000b1700000, 0x00000000b1800000|  0%| F|  |TAMS 0x00000000b1700000, 0x00000000b1700000| Untracked 
| 280|0x00000000b1800000, 0x00000000b1800000, 0x00000000b1900000|  0%| F|  |TAMS 0x00000000b1800000, 0x00000000b1800000| Untracked 
| 281|0x00000000b1900000, 0x00000000b1900000, 0x00000000b1a00000|  0%| F|  |TAMS 0x00000000b1900000, 0x00000000b1900000| Untracked 
| 282|0x00000000b1a00000, 0x00000000b1a00000, 0x00000000b1b00000|  0%| F|  |TAMS 0x00000000b1a00000, 0x00000000b1a00000| Untracked 
| 283|0x00000000b1b00000, 0x00000000b1b00000, 0x00000000b1c00000|  0%| F|  |TAMS 0x00000000b1b00000, 0x00000000b1b00000| Untracked 
| 284|0x00000000b1c00000, 0x00000000b1c00000, 0x00000000b1d00000|  0%| F|  |TAMS 0x00000000b1c00000, 0x00000000b1c00000| Untracked 
| 285|0x00000000b1d00000, 0x00000000b1d00000, 0x00000000b1e00000|  0%| F|  |TAMS 0x00000000b1d00000, 0x00000000b1d00000| Untracked 
| 286|0x00000000b1e00000, 0x00000000b1e00000, 0x00000000b1f00000|  0%| F|  |TAMS 0x00000000b1e00000, 0x00000000b1e00000| Untracked 
| 287|0x00000000b1f00000, 0x00000000b1f00000, 0x00000000b2000000|  0%| F|  |TAMS 0x00000000b1f00000, 0x00000000b1f00000| Untracked 
| 288|0x00000000b2000000, 0x00000000b2000000, 0x00000000b2100000|  0%| F|  |TAMS 0x00000000b2000000, 0x00000000b2000000| Untracked 
| 289|0x00000000b2100000, 0x00000000b2100000, 0x00000000b2200000|  0%| F|  |TAMS 0x00000000b2100000, 0x00000000b2100000| Untracked 
| 290|0x00000000b2200000, 0x00000000b2200000, 0x00000000b2300000|  0%| F|  |TAMS 0x00000000b2200000, 0x00000000b2200000| Untracked 
| 291|0x00000000b2300000, 0x00000000b2300000, 0x00000000b2400000|  0%| F|  |TAMS 0x00000000b2300000, 0x00000000b2300000| Untracked 
| 292|0x00000000b2400000, 0x00000000b2400000, 0x00000000b2500000|  0%| F|  |TAMS 0x00000000b2400000, 0x00000000b2400000| Untracked 
| 293|0x00000000b2500000, 0x00000000b2500000, 0x00000000b2600000|  0%| F|  |TAMS 0x00000000b2500000, 0x00000000b2500000| Untracked 
| 294|0x00000000b2600000, 0x00000000b2600000, 0x00000000b2700000|  0%| F|  |TAMS 0x00000000b2600000, 0x00000000b2600000| Untracked 
| 295|0x00000000b2700000, 0x00000000b2700000, 0x00000000b2800000|  0%| F|  |TAMS 0x00000000b2700000, 0x00000000b2700000| Untracked 
| 296|0x00000000b2800000, 0x00000000b2800000, 0x00000000b2900000|  0%| F|  |TAMS 0x00000000b2800000, 0x00000000b2800000| Untracked 
| 297|0x00000000b2900000, 0x00000000b2900000, 0x00000000b2a00000|  0%| F|  |TAMS 0x00000000b2900000, 0x00000000b2900000| Untracked 
| 298|0x00000000b2a00000, 0x00000000b2a00000, 0x00000000b2b00000|  0%| F|  |TAMS 0x00000000b2a00000, 0x00000000b2a00000| Untracked 
| 299|0x00000000b2b00000, 0x00000000b2b00000, 0x00000000b2c00000|  0%| F|  |TAMS 0x00000000b2b00000, 0x00000000b2b00000| Untracked 
| 300|0x00000000b2c00000, 0x00000000b2c00000, 0x00000000b2d00000|  0%| F|  |TAMS 0x00000000b2c00000, 0x00000000b2c00000| Untracked 
| 301|0x00000000b2d00000, 0x00000000b2d00000, 0x00000000b2e00000|  0%| F|  |TAMS 0x00000000b2d00000, 0x00000000b2d00000| Untracked 
| 302|0x00000000b2e00000, 0x00000000b2e00000, 0x00000000b2f00000|  0%| F|  |TAMS 0x00000000b2e00000, 0x00000000b2e00000| Untracked 
| 303|0x00000000b2f00000, 0x00000000b2f00000, 0x00000000b3000000|  0%| F|  |TAMS 0x00000000b2f00000, 0x00000000b2f00000| Untracked 
| 304|0x00000000b3000000, 0x00000000b3000000, 0x00000000b3100000|  0%| F|  |TAMS 0x00000000b3000000, 0x00000000b3000000| Untracked 
| 305|0x00000000b3100000, 0x00000000b3100000, 0x00000000b3200000|  0%| F|  |TAMS 0x00000000b3100000, 0x00000000b3100000| Untracked 
| 306|0x00000000b3200000, 0x00000000b3200000, 0x00000000b3300000|  0%| F|  |TAMS 0x00000000b3200000, 0x00000000b3200000| Untracked 
| 307|0x00000000b3300000, 0x00000000b3300000, 0x00000000b3400000|  0%| F|  |TAMS 0x00000000b3300000, 0x00000000b3300000| Untracked 
| 308|0x00000000b3400000, 0x00000000b3400000, 0x00000000b3500000|  0%| F|  |TAMS 0x00000000b3400000, 0x00000000b3400000| Untracked 
| 309|0x00000000b3500000, 0x00000000b3500000, 0x00000000b3600000|  0%| F|  |TAMS 0x00000000b3500000, 0x00000000b3500000| Untracked 
| 310|0x00000000b3600000, 0x00000000b3600000, 0x00000000b3700000|  0%| F|  |TAMS 0x00000000b3600000, 0x00000000b3600000| Untracked 
| 311|0x00000000b3700000, 0x00000000b3700000, 0x00000000b3800000|  0%| F|  |TAMS 0x00000000b3700000, 0x00000000b3700000| Untracked 
| 312|0x00000000b3800000, 0x00000000b3800000, 0x00000000b3900000|  0%| F|  |TAMS 0x00000000b3800000, 0x00000000b3800000| Untracked 
| 313|0x00000000b3900000, 0x00000000b3900000, 0x00000000b3a00000|  0%| F|  |TAMS 0x00000000b3900000, 0x00000000b3900000| Untracked 
| 314|0x00000000b3a00000, 0x00000000b3a00000, 0x00000000b3b00000|  0%| F|  |TAMS 0x00000000b3a00000, 0x00000000b3a00000| Untracked 
| 315|0x00000000b3b00000, 0x00000000b3b00000, 0x00000000b3c00000|  0%| F|  |TAMS 0x00000000b3b00000, 0x00000000b3b00000| Untracked 
| 316|0x00000000b3c00000, 0x00000000b3c00000, 0x00000000b3d00000|  0%| F|  |TAMS 0x00000000b3c00000, 0x00000000b3c00000| Untracked 
| 317|0x00000000b3d00000, 0x00000000b3d00000, 0x00000000b3e00000|  0%| F|  |TAMS 0x00000000b3d00000, 0x00000000b3d00000| Untracked 
| 318|0x00000000b3e00000, 0x00000000b3e00000, 0x00000000b3f00000|  0%| F|  |TAMS 0x00000000b3e00000, 0x00000000b3e00000| Untracked 
| 319|0x00000000b3f00000, 0x00000000b3f00000, 0x00000000b4000000|  0%| F|  |TAMS 0x00000000b3f00000, 0x00000000b3f00000| Untracked 
| 320|0x00000000b4000000, 0x00000000b4000000, 0x00000000b4100000|  0%| F|  |TAMS 0x00000000b4000000, 0x00000000b4000000| Untracked 
| 321|0x00000000b4100000, 0x00000000b4100000, 0x00000000b4200000|  0%| F|  |TAMS 0x00000000b4100000, 0x00000000b4100000| Untracked 
| 322|0x00000000b4200000, 0x00000000b4200000, 0x00000000b4300000|  0%| F|  |TAMS 0x00000000b4200000, 0x00000000b4200000| Untracked 
| 323|0x00000000b4300000, 0x00000000b4300000, 0x00000000b4400000|  0%| F|  |TAMS 0x00000000b4300000, 0x00000000b4300000| Untracked 
| 324|0x00000000b4400000, 0x00000000b4400000, 0x00000000b4500000|  0%| F|  |TAMS 0x00000000b4400000, 0x00000000b4400000| Untracked 
| 325|0x00000000b4500000, 0x00000000b4500000, 0x00000000b4600000|  0%| F|  |TAMS 0x00000000b4500000, 0x00000000b4500000| Untracked 
| 326|0x00000000b4600000, 0x00000000b4600000, 0x00000000b4700000|  0%| F|  |TAMS 0x00000000b4600000, 0x00000000b4600000| Untracked 
| 327|0x00000000b4700000, 0x00000000b4700000, 0x00000000b4800000|  0%| F|  |TAMS 0x00000000b4700000, 0x00000000b4700000| Untracked 
| 328|0x00000000b4800000, 0x00000000b4800000, 0x00000000b4900000|  0%| F|  |TAMS 0x00000000b4800000, 0x00000000b4800000| Untracked 
| 329|0x00000000b4900000, 0x00000000b4900000, 0x00000000b4a00000|  0%| F|  |TAMS 0x00000000b4900000, 0x00000000b4900000| Untracked 
| 330|0x00000000b4a00000, 0x00000000b4a00000, 0x00000000b4b00000|  0%| F|  |TAMS 0x00000000b4a00000, 0x00000000b4a00000| Untracked 
| 331|0x00000000b4b00000, 0x00000000b4b00000, 0x00000000b4c00000|  0%| F|  |TAMS 0x00000000b4b00000, 0x00000000b4b00000| Untracked 
| 332|0x00000000b4c00000, 0x00000000b4c00000, 0x00000000b4d00000|  0%| F|  |TAMS 0x00000000b4c00000, 0x00000000b4c00000| Untracked 
| 333|0x00000000b4d00000, 0x00000000b4d00000, 0x00000000b4e00000|  0%| F|  |TAMS 0x00000000b4d00000, 0x00000000b4d00000| Untracked 
| 334|0x00000000b4e00000, 0x00000000b4e00000, 0x00000000b4f00000|  0%| F|  |TAMS 0x00000000b4e00000, 0x00000000b4e00000| Untracked 
| 335|0x00000000b4f00000, 0x00000000b4f00000, 0x00000000b5000000|  0%| F|  |TAMS 0x00000000b4f00000, 0x00000000b4f00000| Untracked 
| 336|0x00000000b5000000, 0x00000000b5000000, 0x00000000b5100000|  0%| F|  |TAMS 0x00000000b5000000, 0x00000000b5000000| Untracked 
| 337|0x00000000b5100000, 0x00000000b5100000, 0x00000000b5200000|  0%| F|  |TAMS 0x00000000b5100000, 0x00000000b5100000| Untracked 
| 338|0x00000000b5200000, 0x00000000b5200000, 0x00000000b5300000|  0%| F|  |TAMS 0x00000000b5200000, 0x00000000b5200000| Untracked 
| 339|0x00000000b5300000, 0x00000000b5300000, 0x00000000b5400000|  0%| F|  |TAMS 0x00000000b5300000, 0x00000000b5300000| Untracked 
| 340|0x00000000b5400000, 0x00000000b5400000, 0x00000000b5500000|  0%| F|  |TAMS 0x00000000b5400000, 0x00000000b5400000| Untracked 
| 341|0x00000000b5500000, 0x00000000b5500000, 0x00000000b5600000|  0%| F|  |TAMS 0x00000000b5500000, 0x00000000b5500000| Untracked 
| 342|0x00000000b5600000, 0x00000000b5600000, 0x00000000b5700000|  0%| F|  |TAMS 0x00000000b5600000, 0x00000000b5600000| Untracked 
| 343|0x00000000b5700000, 0x00000000b5700000, 0x00000000b5800000|  0%| F|  |TAMS 0x00000000b5700000, 0x00000000b5700000| Untracked 
| 344|0x00000000b5800000, 0x00000000b5800000, 0x00000000b5900000|  0%| F|  |TAMS 0x00000000b5800000, 0x00000000b5800000| Untracked 
| 345|0x00000000b5900000, 0x00000000b5900000, 0x00000000b5a00000|  0%| F|  |TAMS 0x00000000b5900000, 0x00000000b5900000| Untracked 
| 346|0x00000000b5a00000, 0x00000000b5a00000, 0x00000000b5b00000|  0%| F|  |TAMS 0x00000000b5a00000, 0x00000000b5a00000| Untracked 
| 347|0x00000000b5b00000, 0x00000000b5b00000, 0x00000000b5c00000|  0%| F|  |TAMS 0x00000000b5b00000, 0x00000000b5b00000| Untracked 
| 348|0x00000000b5c00000, 0x00000000b5c00000, 0x00000000b5d00000|  0%| F|  |TAMS 0x00000000b5c00000, 0x00000000b5c00000| Untracked 
| 349|0x00000000b5d00000, 0x00000000b5d00000, 0x00000000b5e00000|  0%| F|  |TAMS 0x00000000b5d00000, 0x00000000b5d00000| Untracked 
| 350|0x00000000b5e00000, 0x00000000b5e00000, 0x00000000b5f00000|  0%| F|  |TAMS 0x00000000b5e00000, 0x00000000b5e00000| Untracked 
| 351|0x00000000b5f00000, 0x00000000b5f00000, 0x00000000b6000000|  0%| F|  |TAMS 0x00000000b5f00000, 0x00000000b5f00000| Untracked 
| 352|0x00000000b6000000, 0x00000000b6000000, 0x00000000b6100000|  0%| F|  |TAMS 0x00000000b6000000, 0x00000000b6000000| Untracked 
| 353|0x00000000b6100000, 0x00000000b6100000, 0x00000000b6200000|  0%| F|  |TAMS 0x00000000b6100000, 0x00000000b6100000| Untracked 
| 354|0x00000000b6200000, 0x00000000b6200000, 0x00000000b6300000|  0%| F|  |TAMS 0x00000000b6200000, 0x00000000b6200000| Untracked 
| 355|0x00000000b6300000, 0x00000000b6300000, 0x00000000b6400000|  0%| F|  |TAMS 0x00000000b6300000, 0x00000000b6300000| Untracked 
| 356|0x00000000b6400000, 0x00000000b6400000, 0x00000000b6500000|  0%| F|  |TAMS 0x00000000b6400000, 0x00000000b6400000| Untracked 
| 357|0x00000000b6500000, 0x00000000b6500000, 0x00000000b6600000|  0%| F|  |TAMS 0x00000000b6500000, 0x00000000b6500000| Untracked 
| 358|0x00000000b6600000, 0x00000000b6600000, 0x00000000b6700000|  0%| F|  |TAMS 0x00000000b6600000, 0x00000000b6600000| Untracked 
| 359|0x00000000b6700000, 0x00000000b6700000, 0x00000000b6800000|  0%| F|  |TAMS 0x00000000b6700000, 0x00000000b6700000| Untracked 
| 360|0x00000000b6800000, 0x00000000b6800000, 0x00000000b6900000|  0%| F|  |TAMS 0x00000000b6800000, 0x00000000b6800000| Untracked 
| 361|0x00000000b6900000, 0x00000000b6900000, 0x00000000b6a00000|  0%| F|  |TAMS 0x00000000b6900000, 0x00000000b6900000| Untracked 
| 362|0x00000000b6a00000, 0x00000000b6a00000, 0x00000000b6b00000|  0%| F|  |TAMS 0x00000000b6a00000, 0x00000000b6a00000| Untracked 
| 363|0x00000000b6b00000, 0x00000000b6b00000, 0x00000000b6c00000|  0%| F|  |TAMS 0x00000000b6b00000, 0x00000000b6b00000| Untracked 
| 364|0x00000000b6c00000, 0x00000000b6c00000, 0x00000000b6d00000|  0%| F|  |TAMS 0x00000000b6c00000, 0x00000000b6c00000| Untracked 
| 365|0x00000000b6d00000, 0x00000000b6e00000, 0x00000000b6e00000|100%| S|CS|TAMS 0x00000000b6d00000, 0x00000000b6d00000| Complete 
| 366|0x00000000b6e00000, 0x00000000b6e00000, 0x00000000b6f00000|  0%| F|  |TAMS 0x00000000b6e00000, 0x00000000b6e00000| Untracked 
| 367|0x00000000b6f00000, 0x00000000b6f00000, 0x00000000b7000000|  0%| F|  |TAMS 0x00000000b6f00000, 0x00000000b6f00000| Untracked 
| 368|0x00000000b7000000, 0x00000000b7000000, 0x00000000b7100000|  0%| F|  |TAMS 0x00000000b7000000, 0x00000000b7000000| Untracked 
| 369|0x00000000b7100000, 0x00000000b7200000, 0x00000000b7200000|100%| S|CS|TAMS 0x00000000b7100000, 0x00000000b7100000| Complete 
| 370|0x00000000b7200000, 0x00000000b7300000, 0x00000000b7300000|100%| S|CS|TAMS 0x00000000b7200000, 0x00000000b7200000| Complete 
| 371|0x00000000b7300000, 0x00000000b7300000, 0x00000000b7400000|  0%| F|  |TAMS 0x00000000b7300000, 0x00000000b7300000| Untracked 
| 372|0x00000000b7400000, 0x00000000b7400000, 0x00000000b7500000|  0%| F|  |TAMS 0x00000000b7400000, 0x00000000b7400000| Untracked 
| 373|0x00000000b7500000, 0x00000000b7500000, 0x00000000b7600000|  0%| F|  |TAMS 0x00000000b7500000, 0x00000000b7500000| Untracked 
| 374|0x00000000b7600000, 0x00000000b7600000, 0x00000000b7700000|  0%| F|  |TAMS 0x00000000b7600000, 0x00000000b7600000| Untracked 
| 375|0x00000000b7700000, 0x00000000b7700000, 0x00000000b7800000|  0%| F|  |TAMS 0x00000000b7700000, 0x00000000b7700000| Untracked 
| 376|0x00000000b7800000, 0x00000000b7800000, 0x00000000b7900000|  0%| F|  |TAMS 0x00000000b7800000, 0x00000000b7800000| Untracked 
| 377|0x00000000b7900000, 0x00000000b7900000, 0x00000000b7a00000|  0%| F|  |TAMS 0x00000000b7900000, 0x00000000b7900000| Untracked 
| 378|0x00000000b7a00000, 0x00000000b7a00000, 0x00000000b7b00000|  0%| F|  |TAMS 0x00000000b7a00000, 0x00000000b7a00000| Untracked 
| 379|0x00000000b7b00000, 0x00000000b7c00000, 0x00000000b7c00000|100%| E|  |TAMS 0x00000000b7b00000, 0x00000000b7b00000| Complete 
| 380|0x00000000b7c00000, 0x00000000b7d00000, 0x00000000b7d00000|100%| E|CS|TAMS 0x00000000b7c00000, 0x00000000b7c00000| Complete 
| 381|0x00000000b7d00000, 0x00000000b7e00000, 0x00000000b7e00000|100%| E|CS|TAMS 0x00000000b7d00000, 0x00000000b7d00000| Complete 
| 382|0x00000000b7e00000, 0x00000000b7f00000, 0x00000000b7f00000|100%| E|CS|TAMS 0x00000000b7e00000, 0x00000000b7e00000| Complete 
| 383|0x00000000b7f00000, 0x00000000b8000000, 0x00000000b8000000|100%| E|CS|TAMS 0x00000000b7f00000, 0x00000000b7f00000| Complete 
| 384|0x00000000b8000000, 0x00000000b8100000, 0x00000000b8100000|100%| E|CS|TAMS 0x00000000b8000000, 0x00000000b8000000| Complete 
| 385|0x00000000b8100000, 0x00000000b8200000, 0x00000000b8200000|100%| E|CS|TAMS 0x00000000b8100000, 0x00000000b8100000| Complete 
| 386|0x00000000b8200000, 0x00000000b8300000, 0x00000000b8300000|100%| E|CS|TAMS 0x00000000b8200000, 0x00000000b8200000| Complete 

Card table byte_map: [0x000002d66ad20000,0x000002d66b020000] _byte_map_base: 0x000002d66a820000

Marking Bits (Prev, Next): (CMBitMap*) 0x000002d65804de30, (CMBitMap*) 0x000002d65804ddf0
 Prev Bits: [0x000002d66cb20000, 0x000002d66e320000)
 Next Bits: [0x000002d66b320000, 0x000002d66cb20000)

Polling page: 0x000002d6577b0000

Metaspace:

Usage:
  Non-class:     80.87 MB used.
      Class:     12.81 MB used.
       Both:     93.68 MB used.

Virtual space:
  Non-class space:      128.00 MB reserved,      81.81 MB ( 64%) committed,  2 nodes.
      Class space:        1.00 GB reserved,      13.44 MB (  1%) committed,  1 nodes.
             Both:        1.12 GB reserved,      95.25 MB (  8%) committed. 

Chunk freelists:
   Non-Class:  13.58 MB
       Class:  2.59 MB
        Both:  16.17 MB

MaxMetaspaceSize: unlimited
CompressedClassSpaceSize: 1.00 GB
Initial GC threshold: 21.00 MB
Current GC threshold: 158.12 MB
CDS: off
MetaspaceReclaimPolicy: balanced
 - commit_granule_bytes: 65536.
 - commit_granule_words: 8192.
 - virtual_space_node_default_size: 8388608.
 - enlarge_chunks_in_place: 1.
 - new_chunks_are_fully_committed: 0.
 - uncommit_free_chunks: 1.
 - use_allocation_guard: 0.
 - handle_deallocations: 1.


Internal statistics:

num_allocs_failed_limit: 12.
num_arena_births: 1752.
num_arena_deaths: 0.
num_vsnodes_births: 3.
num_vsnodes_deaths: 0.
num_space_committed: 1524.
num_space_uncommitted: 0.
num_chunks_returned_to_freelist: 12.
num_chunks_taken_from_freelist: 5910.
num_chunk_merges: 3.
num_chunk_splits: 3618.
num_chunks_enlarged: 2049.
num_inconsistent_stats: 0.

CodeHeap 'non-profiled nmethods': size=120000Kb used=8600Kb max_used=8949Kb free=111399Kb
 bounds [0x000002d662fa0000, 0x000002d663860000, 0x000002d66a4d0000]
CodeHeap 'profiled nmethods': size=120000Kb used=22861Kb max_used=24963Kb free=97138Kb
 bounds [0x000002d65b4d0000, 0x000002d65cd40000, 0x000002d662a00000]
CodeHeap 'non-nmethods': size=5760Kb used=2377Kb max_used=2422Kb free=3382Kb
 bounds [0x000002d662a00000, 0x000002d662c70000, 0x000002d662fa0000]
 total_blobs=13560 nmethods=12649 adapters=823
 compilation: enabled
              stopped_count=0, restarted_count=0
 full_count=0

Compilation events (20 events):
Event: 70.779 Thread 0x000002d671131130 nmethod 15464 0x000002d663067a10 code [0x000002d663067ba0, 0x000002d663067c78]
Event: 70.779 Thread 0x000002d671131130 15465       1       org.gradle.internal.component.model.LocalComponentDependencyMetadata::isTransitive (5 bytes)
Event: 70.779 Thread 0x000002d671131130 nmethod 15465 0x000002d6633d3f10 code [0x000002d6633d40a0, 0x000002d6633d4178]
Event: 70.780 Thread 0x000002d671131130 15466       2       java.util.ArrayDeque$$Lambda$490/0x00000001005c11c8::accept (9 bytes)
Event: 70.781 Thread 0x000002d671131130 nmethod 15466 0x000002d65bf02710 code [0x000002d65bf028a0, 0x000002d65bf029c8]
Event: 70.786 Thread 0x000002d671131130 15467       1       org.gradle.internal.component.local.model.DslOriginDependencyMetadataWrapper::getArtifacts (5 bytes)
Event: 70.786 Thread 0x000002d671131130 nmethod 15467 0x000002d6637cd390 code [0x000002d6637cd520, 0x000002d6637cd5f8]
Event: 70.787 Thread 0x000002d671131130 15468       2       org.gradle.internal.graph.CachingDirectedGraphWalker::doSearch (659 bytes)
Event: 70.790 Thread 0x000002d671131130 nmethod 15468 0x000002d65c368410 code [0x000002d65c3688c0, 0x000002d65c369eb8]
Event: 70.797 Thread 0x000002d671131130 15471       2       org.gradle.api.internal.artifacts.publish.ArchivePublishArtifact::getExtension (17 bytes)
Event: 70.797 Thread 0x000002d671131130 nmethod 15471 0x000002d65b984810 code [0x000002d65b9849e0, 0x000002d65b984c28]
Event: 70.798 Thread 0x000002d671131130 15472       2       org.gradle.api.internal.artifacts.publish.ArchivePublishArtifact$$Lambda$1062/0x0000000100d1b440::<init> (10 bytes)
Event: 70.798 Thread 0x000002d671131130 nmethod 15472 0x000002d65bf05f90 code [0x000002d65bf06120, 0x000002d65bf06278]
Event: 70.798 Thread 0x000002d671131130 15473       2       org.gradle.api.internal.artifacts.publish.ArchivePublishArtifact$$Lambda$1062/0x0000000100d1b440::create (8 bytes)
Event: 70.798 Thread 0x000002d671131130 nmethod 15473 0x000002d65bcec290 code [0x000002d65bcec460, 0x000002d65bcec648]
Event: 70.798 Thread 0x000002d671131130 15474       2       org.gradle.api.internal.artifacts.publish.ArchivePublishArtifact::lambda$getExtension$0 (16 bytes)
Event: 70.798 Thread 0x000002d671131130 nmethod 15474 0x000002d65b96ee10 code [0x000002d65b96efe0, 0x000002d65b96f1c8]
Event: 70.799 Thread 0x000002d671131130 15475       2       kotlin.collections.CollectionsKt___CollectionsKt::toMutableSet (48 bytes)
Event: 70.800 Thread 0x000002d671131130 nmethod 15475 0x000002d65c14ec90 code [0x000002d65c14eee0, 0x000002d65c14f428]
Event: 70.800 Thread 0x000002d671131130 15476       2       org.gradle.internal.component.local.model.DefaultLocalComponentMetadata$DefaultLocalConfigurationMetadata::getExcludes (77 bytes)

GC Heap History (20 events):
Event: 68.008 GC heap before
{Heap before GC invocations=68 (full 0):
 garbage-first heap   total 261120K, used 224186K [0x00000000a0000000, 0x0000000100000000)
  region size 1024K, 22 young (22528K), 3 survivors (3072K)
 Metaspace       used 94707K, committed 96256K, reserved 1179648K
  class space    used 12998K, committed 13632K, reserved 1048576K
}
Event: 68.012 GC heap after
{Heap after GC invocations=69 (full 0):
 garbage-first heap   total 261120K, used 206856K [0x00000000a0000000, 0x0000000100000000)
  region size 1024K, 3 young (3072K), 3 survivors (3072K)
 Metaspace       used 94707K, committed 96256K, reserved 1179648K
  class space    used 12998K, committed 13632K, reserved 1048576K
}
Event: 68.279 GC heap before
{Heap before GC invocations=69 (full 0):
 garbage-first heap   total 261120K, used 225288K [0x00000000a0000000, 0x0000000100000000)
  region size 1024K, 21 young (21504K), 3 survivors (3072K)
 Metaspace       used 95271K, committed 96896K, reserved 1179648K
  class space    used 13056K, committed 13696K, reserved 1048576K
}
Event: 68.285 GC heap after
{Heap after GC invocations=70 (full 0):
 garbage-first heap   total 261120K, used 211022K [0x00000000a0000000, 0x0000000100000000)
  region size 1024K, 3 young (3072K), 3 survivors (3072K)
 Metaspace       used 95271K, committed 96896K, reserved 1179648K
  class space    used 13056K, committed 13696K, reserved 1048576K
}
Event: 68.513 GC heap before
{Heap before GC invocations=70 (full 0):
 garbage-first heap   total 261120K, used 225358K [0x00000000a0000000, 0x0000000100000000)
  region size 1024K, 17 young (17408K), 3 survivors (3072K)
 Metaspace       used 95469K, committed 97024K, reserved 1179648K
  class space    used 13079K, committed 13696K, reserved 1048576K
}
Event: 68.518 GC heap after
{Heap after GC invocations=71 (full 0):
 garbage-first heap   total 261120K, used 215560K [0x00000000a0000000, 0x0000000100000000)
  region size 1024K, 3 young (3072K), 3 survivors (3072K)
 Metaspace       used 95469K, committed 97024K, reserved 1179648K
  class space    used 13079K, committed 13696K, reserved 1048576K
}
Event: 68.652 GC heap before
{Heap before GC invocations=71 (full 0):
 garbage-first heap   total 261120K, used 225800K [0x00000000a0000000, 0x0000000100000000)
  region size 1024K, 13 young (13312K), 3 survivors (3072K)
 Metaspace       used 95498K, committed 97088K, reserved 1179648K
  class space    used 13079K, committed 13696K, reserved 1048576K
}
Event: 68.657 GC heap after
{Heap after GC invocations=72 (full 0):
 garbage-first heap   total 261120K, used 219136K [0x00000000a0000000, 0x0000000100000000)
  region size 1024K, 2 young (2048K), 2 survivors (2048K)
 Metaspace       used 95498K, committed 97088K, reserved 1179648K
  class space    used 13079K, committed 13696K, reserved 1048576K
}
Event: 68.836 GC heap before
{Heap before GC invocations=72 (full 0):
 garbage-first heap   total 261120K, used 229376K [0x00000000a0000000, 0x0000000100000000)
  region size 1024K, 12 young (12288K), 2 survivors (2048K)
 Metaspace       used 95536K, committed 97088K, reserved 1179648K
  class space    used 13080K, committed 13696K, reserved 1048576K
}
Event: 68.842 GC heap after
{Heap after GC invocations=73 (full 0):
 garbage-first heap   total 261120K, used 222874K [0x00000000a0000000, 0x0000000100000000)
  region size 1024K, 2 young (2048K), 2 survivors (2048K)
 Metaspace       used 95536K, committed 97088K, reserved 1179648K
  class space    used 13080K, committed 13696K, reserved 1048576K
}
Event: 68.990 GC heap before
{Heap before GC invocations=73 (full 0):
 garbage-first heap   total 261120K, used 233114K [0x00000000a0000000, 0x0000000100000000)
  region size 1024K, 12 young (12288K), 2 survivors (2048K)
 Metaspace       used 95572K, committed 97152K, reserved 1179648K
  class space    used 13081K, committed 13696K, reserved 1048576K
}
Event: 68.996 GC heap after
{Heap after GC invocations=74 (full 0):
 garbage-first heap   total 261120K, used 226586K [0x00000000a0000000, 0x0000000100000000)
  region size 1024K, 2 young (2048K), 2 survivors (2048K)
 Metaspace       used 95572K, committed 97152K, reserved 1179648K
  class space    used 13081K, committed 13696K, reserved 1048576K
}
Event: 69.206 GC heap before
{Heap before GC invocations=74 (full 0):
 garbage-first heap   total 261120K, used 236826K [0x00000000a0000000, 0x0000000100000000)
  region size 1024K, 12 young (12288K), 2 survivors (2048K)
 Metaspace       used 95580K, committed 97152K, reserved 1179648K
  class space    used 13081K, committed 13696K, reserved 1048576K
}
Event: 69.213 GC heap after
{Heap after GC invocations=75 (full 0):
 garbage-first heap   total 261120K, used 230235K [0x00000000a0000000, 0x0000000100000000)
  region size 1024K, 2 young (2048K), 2 survivors (2048K)
 Metaspace       used 95580K, committed 97152K, reserved 1179648K
  class space    used 13081K, committed 13696K, reserved 1048576K
}
Event: 69.387 GC heap before
{Heap before GC invocations=75 (full 0):
 garbage-first heap   total 261120K, used 240475K [0x00000000a0000000, 0x0000000100000000)
  region size 1024K, 12 young (12288K), 2 survivors (2048K)
 Metaspace       used 95610K, committed 97152K, reserved 1179648K
  class space    used 13081K, committed 13696K, reserved 1048576K
}
Event: 69.394 GC heap after
{Heap after GC invocations=76 (full 0):
 garbage-first heap   total 313344K, used 234004K [0x00000000a0000000, 0x0000000100000000)
  region size 1024K, 2 young (2048K), 2 survivors (2048K)
 Metaspace       used 95610K, committed 97152K, reserved 1179648K
  class space    used 13081K, committed 13696K, reserved 1048576K
}
Event: 70.080 GC heap before
{Heap before GC invocations=77 (full 0):
 garbage-first heap   total 396288K, used 255508K [0x00000000a0000000, 0x0000000100000000)
  region size 1024K, 23 young (23552K), 2 survivors (2048K)
 Metaspace       used 95732K, committed 97280K, reserved 1179648K
  class space    used 13090K, committed 13696K, reserved 1048576K
}
Event: 70.095 GC heap after
{Heap after GC invocations=78 (full 0):
 garbage-first heap   total 396288K, used 241248K [0x00000000a0000000, 0x0000000100000000)
  region size 1024K, 3 young (3072K), 3 survivors (3072K)
 Metaspace       used 95732K, committed 97280K, reserved 1179648K
  class space    used 13090K, committed 13696K, reserved 1048576K
}
Event: 70.771 GC heap before
{Heap before GC invocations=78 (full 0):
 garbage-first heap   total 396288K, used 257632K [0x00000000a0000000, 0x0000000100000000)
  region size 1024K, 19 young (19456K), 3 survivors (3072K)
 Metaspace       used 95892K, committed 97536K, reserved 1179648K
  class space    used 13117K, committed 13760K, reserved 1048576K
}
Event: 70.778 GC heap after
{Heap after GC invocations=79 (full 0):
 garbage-first heap   total 396288K, used 241664K [0x00000000a0000000, 0x0000000100000000)
  region size 1024K, 3 young (3072K), 3 survivors (3072K)
 Metaspace       used 95892K, committed 97536K, reserved 1179648K
  class space    used 13117K, committed 13760K, reserved 1048576K
}

Dll operation events (2 events):
Event: 0.007 Loaded shared library D:\Software Engineer Tools\Android Studio\jbr\bin\java.dll
Event: 0.333 Loaded shared library D:\Software Engineer Tools\Android Studio\jbr\bin\verify.dll

Deoptimization events (20 events):
Event: 70.522 Thread 0x000002d671c687a0 Uncommon trap: trap_request=0xffffffde fr.pc=0x000002d6635ceac4 relative=0x0000000000000204
Event: 70.522 Thread 0x000002d671c687a0 Uncommon trap: reason=class_check action=maybe_recompile pc=0x000002d6635ceac4 method=groovy.lang.MetaMethod.doMethodInvoke(Ljava/lang/Object;[Ljava/lang/Object;)Ljava/lang/Object; @ 9 c2
Event: 70.522 Thread 0x000002d671c687a0 DEOPT PACKING pc=0x000002d6635ceac4 sp=0x000000d8610f9a50
Event: 70.522 Thread 0x000002d671c687a0 DEOPT UNPACKING pc=0x000002d662a569a3 sp=0x000000d8610f9a28 mode 2
Event: 70.650 Thread 0x000002d671c687a0 Uncommon trap: trap_request=0xffffffbe fr.pc=0x000002d6636de370 relative=0x00000000000002d0
Event: 70.650 Thread 0x000002d671c687a0 Uncommon trap: reason=profile_predicate action=maybe_recompile pc=0x000002d6636de370 method=java.util.regex.Pattern$Slice.match(Ljava/util/regex/Matcher;ILjava/lang/CharSequence;)Z @ 18 c2
Event: 70.650 Thread 0x000002d671c687a0 DEOPT PACKING pc=0x000002d6636de370 sp=0x000000d8610f2080
Event: 70.650 Thread 0x000002d671c687a0 DEOPT UNPACKING pc=0x000002d662a569a3 sp=0x000000d8610f1ff0 mode 2
Event: 70.650 Thread 0x000002d671c687a0 Uncommon trap: trap_request=0xffffffbe fr.pc=0x000002d6636de370 relative=0x00000000000002d0
Event: 70.650 Thread 0x000002d671c687a0 Uncommon trap: reason=profile_predicate action=maybe_recompile pc=0x000002d6636de370 method=java.util.regex.Pattern$Slice.match(Ljava/util/regex/Matcher;ILjava/lang/CharSequence;)Z @ 18 c2
Event: 70.650 Thread 0x000002d671c687a0 DEOPT PACKING pc=0x000002d6636de370 sp=0x000000d8610f1e80
Event: 70.650 Thread 0x000002d671c687a0 DEOPT UNPACKING pc=0x000002d662a569a3 sp=0x000000d8610f1df0 mode 2
Event: 70.650 Thread 0x000002d671c687a0 Uncommon trap: trap_request=0xffffffbe fr.pc=0x000002d6636de370 relative=0x00000000000002d0
Event: 70.650 Thread 0x000002d671c687a0 Uncommon trap: reason=profile_predicate action=maybe_recompile pc=0x000002d6636de370 method=java.util.regex.Pattern$Slice.match(Ljava/util/regex/Matcher;ILjava/lang/CharSequence;)Z @ 18 c2
Event: 70.650 Thread 0x000002d671c687a0 DEOPT PACKING pc=0x000002d6636de370 sp=0x000000d8610f9680
Event: 70.650 Thread 0x000002d671c687a0 DEOPT UNPACKING pc=0x000002d662a569a3 sp=0x000000d8610f95f0 mode 2
Event: 70.785 Thread 0x000002d671c687a0 Uncommon trap: trap_request=0xffffffde fr.pc=0x000002d6637191e4 relative=0x0000000000000a44
Event: 70.785 Thread 0x000002d671c687a0 Uncommon trap: reason=class_check action=maybe_recompile pc=0x000002d6637191e4 method=org.gradle.api.internal.artifacts.ivyservice.resolveengine.graph.builder.ResolveState$SelectorCacheKey.equals(Ljava/lang/Object;)Z @ 59 c2
Event: 70.785 Thread 0x000002d671c687a0 DEOPT PACKING pc=0x000002d6637191e4 sp=0x000000d8610fa270
Event: 70.785 Thread 0x000002d671c687a0 DEOPT UNPACKING pc=0x000002d662a569a3 sp=0x000000d8610fa210 mode 2

Classes unloaded (0 events):
No events

Classes redefined (0 events):
No events

Internal exceptions (20 events):
Event: 67.292 Thread 0x000002d671c687a0 Exception <a 'java/lang/NullPointerException'{0x00000000af3f52a0}> (0x00000000af3f52a0) 
thrown [s\src\hotspot\share\interpreter\linkResolver.cpp, line 1447]
Event: 67.369 Thread 0x000002d671c687a0 Implicit null exception at 0x000002d6634c7c55 to 0x000002d6634ca68c
Event: 67.568 Thread 0x000002d671c687a0 Exception <a 'sun/nio/fs/WindowsException'{0x00000000af8f1428}> (0x00000000af8f1428) 
thrown [s\src\hotspot\share\prims\jni.cpp, line 517]
Event: 67.568 Thread 0x000002d671c687a0 Exception <a 'sun/nio/fs/WindowsException'{0x00000000af8f27c8}> (0x00000000af8f27c8) 
thrown [s\src\hotspot\share\prims\jni.cpp, line 517]
Event: 67.568 Thread 0x000002d671c687a0 Exception <a 'sun/nio/fs/WindowsException'{0x00000000af8f3ba0}> (0x00000000af8f3ba0) 
thrown [s\src\hotspot\share\prims\jni.cpp, line 517]
Event: 67.568 Thread 0x000002d671c687a0 Exception <a 'sun/nio/fs/WindowsException'{0x00000000af8f4f78}> (0x00000000af8f4f78) 
thrown [s\src\hotspot\share\prims\jni.cpp, line 517]
Event: 67.666 Thread 0x000002d671c687a0 Implicit null exception at 0x000002d6637c0cbc to 0x000002d6637c1b50
Event: 67.724 Thread 0x000002d671c687a0 Implicit null exception at 0x000002d66309c253 to 0x000002d6630a0ec4
Event: 67.767 Thread 0x000002d671c687a0 Implicit null exception at 0x000002d6637cd510 to 0x000002d6637cd5d8
Event: 67.781 Thread 0x000002d670fc9eb0 Implicit null exception at 0x000002d66345357d to 0x000002d663453c98
Event: 68.068 Thread 0x000002d671c687a0 Exception <a 'java/lang/NoSuchMethodError'{0x00000000af9cdb38}: 'java.lang.Object java.lang.invoke.DirectMethodHandle$Holder.invokeStatic(java.lang.Object, java.lang.Object, int, int)'> (0x00000000af9cdb38) 
thrown [s\src\hotspot\share\interpreter\linkResolver.cpp, line 771]
Event: 69.864 Thread 0x000002d671c687a0 Implicit null exception at 0x000002d66361fc74 to 0x000002d663623f60
Event: 69.864 Thread 0x000002d671c687a0 Implicit null exception at 0x000002d66374fbfb to 0x000002d663750f68
Event: 70.159 Thread 0x000002d671c687a0 Exception <a 'java/lang/NoSuchMethodError'{0x00000000b81025f0}: 'java.lang.Object java.lang.invoke.Invokers$Holder.linkToTargetMethod(java.lang.Object, java.lang.Object, java.lang.Object, int, java.lang.Object, java.lang.Object)'> (0x00000000b81025f0) 
thrown [s\src\hotspot\share\interpreter\linkResolver.cpp, line 771]
Event: 70.222 Thread 0x000002d671c687a0 Exception <a 'java/lang/ClassNotFoundException'{0x00000000b7f2c748}: org/gradle/api/internal/file/collections/DefaultConfigurableFileCollectionBeanInfo> (0x00000000b7f2c748) 
thrown [s\src\hotspot\share\classfile\systemDictionary.cpp, line 256]
Event: 70.222 Thread 0x000002d671c687a0 Exception <a 'java/lang/ClassNotFoundException'{0x00000000b7f374f0}: org/gradle/api/internal/file/CompositeFileCollectionBeanInfo> (0x00000000b7f374f0) 
thrown [s\src\hotspot\share\classfile\systemDictionary.cpp, line 256]
Event: 70.222 Thread 0x000002d671c687a0 Exception <a 'java/lang/ClassNotFoundException'{0x00000000b7f42258}: org/gradle/api/internal/file/CompositeFileCollectionCustomizer> (0x00000000b7f42258) 
thrown [s\src\hotspot\share\classfile\systemDictionary.cpp, line 256]
Event: 70.223 Thread 0x000002d671c687a0 Exception <a 'java/lang/ClassNotFoundException'{0x00000000b7f55ef8}: org/gradle/api/internal/file/collections/DefaultConfigurableFileCollectionCustomizer> (0x00000000b7f55ef8) 
thrown [s\src\hotspot\share\classfile\systemDictionary.cpp, line 256]
Event: 70.292 Thread 0x000002d671c687a0 Exception <a 'java/lang/ClassNotFoundException'{0x00000000b7fe2918}: org/gradle/api/internal/file/UnionFileCollectionBeanInfo> (0x00000000b7fe2918) 
thrown [s\src\hotspot\share\classfile\systemDictionary.cpp, line 256]
Event: 70.292 Thread 0x000002d671c687a0 Exception <a 'java/lang/ClassNotFoundException'{0x00000000b7fec3c8}: org/gradle/api/internal/file/UnionFileCollectionCustomizer> (0x00000000b7fec3c8) 
thrown [s\src\hotspot\share\classfile\systemDictionary.cpp, line 256]

VM Operations (20 events):
Event: 69.387 Executing VM operation: G1CollectForAllocation
Event: 69.394 Executing VM operation: G1CollectForAllocation done
Event: 69.434 Executing VM operation: G1PauseRemark
Event: 69.445 Executing VM operation: G1PauseRemark done
Event: 69.514 Executing VM operation: G1PauseCleanup
Event: 69.537 Executing VM operation: G1PauseCleanup done
Event: 69.870 Executing VM operation: HandshakeAllThreads
Event: 69.871 Executing VM operation: HandshakeAllThreads done
Event: 69.957 Executing VM operation: HandshakeAllThreads
Event: 69.962 Executing VM operation: HandshakeAllThreads done
Event: 70.036 Executing VM operation: HandshakeAllThreads
Event: 70.037 Executing VM operation: HandshakeAllThreads done
Event: 70.045 Executing VM operation: HandshakeAllThreads
Event: 70.046 Executing VM operation: HandshakeAllThreads done
Event: 70.079 Executing VM operation: G1CollectForAllocation
Event: 70.095 Executing VM operation: G1CollectForAllocation done
Event: 70.435 Executing VM operation: HandshakeAllThreads
Event: 70.435 Executing VM operation: HandshakeAllThreads done
Event: 70.771 Executing VM operation: G1CollectForAllocation
Event: 70.778 Executing VM operation: G1CollectForAllocation done

Events (20 events):
Event: 70.480 Thread 0x000002d67113ff70 flushing nmethod 0x000002d65cb06410
Event: 70.480 Thread 0x000002d67113ff70 flushing nmethod 0x000002d65cb4ca10
Event: 70.480 Thread 0x000002d67113ff70 flushing nmethod 0x000002d65cb55c90
Event: 70.480 Thread 0x000002d67113ff70 flushing nmethod 0x000002d65cb56110
Event: 70.480 Thread 0x000002d67113ff70 flushing nmethod 0x000002d65cb56890
Event: 70.480 Thread 0x000002d67113ff70 flushing nmethod 0x000002d65cb5dc90
Event: 70.480 Thread 0x000002d67113ff70 flushing nmethod 0x000002d65cb78010
Event: 70.481 Thread 0x000002d67113ff70 flushing nmethod 0x000002d65cb88490
Event: 70.481 Thread 0x000002d67113ff70 flushing nmethod 0x000002d65cb88910
Event: 70.481 Thread 0x000002d67113ff70 flushing nmethod 0x000002d65cb89790
Event: 70.481 Thread 0x000002d67113ff70 flushing nmethod 0x000002d65cb89d10
Event: 70.481 Thread 0x000002d67113ff70 flushing nmethod 0x000002d65cb8a890
Event: 70.481 Thread 0x000002d67113ff70 flushing nmethod 0x000002d65cb8af10
Event: 70.481 Thread 0x000002d67113ff70 flushing nmethod 0x000002d65cb8ce90
Event: 70.481 Thread 0x000002d67113ff70 flushing nmethod 0x000002d65cb8e710
Event: 70.481 Thread 0x000002d67113ff70 flushing nmethod 0x000002d65cbc0b90
Event: 70.481 Thread 0x000002d67113ff70 flushing nmethod 0x000002d65cbe3e90
Event: 70.481 Thread 0x000002d67113ff70 flushing nmethod 0x000002d65cbe8e90
Event: 70.481 Thread 0x000002d67113ff70 flushing nmethod 0x000002d65cbff790
Event: 70.481 Thread 0x000002d67113ff70 flushing nmethod 0x000002d65cc0e910


Dynamic libraries:
0x00007ff615910000 - 0x00007ff61591a000 	D:\Software Engineer Tools\Android Studio\jbr\bin\java.exe
0x00007ffee4050000 - 0x00007ffee4267000 	C:\windows\SYSTEM32\ntdll.dll
0x00007ffee2710000 - 0x00007ffee27d4000 	C:\windows\System32\KERNEL32.DLL
0x00007ffee1650000 - 0x00007ffee1a20000 	C:\windows\System32\KERNELBASE.dll
0x00007ffee1bf0000 - 0x00007ffee1d01000 	C:\windows\System32\ucrtbase.dll
0x00007ffeb5a90000 - 0x00007ffeb5aa7000 	D:\Software Engineer Tools\Android Studio\jbr\bin\jli.dll
0x00007ffec32a0000 - 0x00007ffec32bb000 	D:\Software Engineer Tools\Android Studio\jbr\bin\VCRUNTIME140.dll
0x00007ffee27e0000 - 0x00007ffee298e000 	C:\windows\System32\USER32.dll
0x00007ffee1bc0000 - 0x00007ffee1be6000 	C:\windows\System32\win32u.dll
0x00007ffec8650000 - 0x00007ffec88e2000 	C:\windows\WinSxS\amd64_microsoft.windows.common-controls_6595b64144ccf1df_6.0.22621.4830_none_270fe7d773858e80\COMCTL32.dll
0x00007ffee1d40000 - 0x00007ffee1de7000 	C:\windows\System32\msvcrt.dll
0x00007ffee2ff0000 - 0x00007ffee3019000 	C:\windows\System32\GDI32.dll
0x00007ffee1a20000 - 0x00007ffee1b3b000 	C:\windows\System32\gdi32full.dll
0x00007ffee15b0000 - 0x00007ffee164a000 	C:\windows\System32\msvcp_win.dll
0x00007ffee2280000 - 0x00007ffee22b1000 	C:\windows\System32\IMM32.DLL
0x00007ffec3290000 - 0x00007ffec329c000 	D:\Software Engineer Tools\Android Studio\jbr\bin\vcruntime140_1.dll
0x00007ffe9b6d0000 - 0x00007ffe9b75d000 	D:\Software Engineer Tools\Android Studio\jbr\bin\msvcp140.dll
0x00007ffdf0180000 - 0x00007ffdf0e03000 	D:\Software Engineer Tools\Android Studio\jbr\bin\server\jvm.dll
0x00007ffee3180000 - 0x00007ffee3231000 	C:\windows\System32\ADVAPI32.dll
0x00007ffee2db0000 - 0x00007ffee2e57000 	C:\windows\System32\sechost.dll
0x00007ffee1d10000 - 0x00007ffee1d38000 	C:\windows\System32\bcrypt.dll
0x00007ffee22c0000 - 0x00007ffee23d4000 	C:\windows\System32\RPCRT4.dll
0x00007ffebfab0000 - 0x00007ffebfab9000 	C:\windows\SYSTEM32\WSOCK32.dll
0x00007ffee11d0000 - 0x00007ffee121d000 	C:\windows\SYSTEM32\POWRPROF.dll
0x00007ffedbba0000 - 0x00007ffedbbd4000 	C:\windows\SYSTEM32\WINMM.dll
0x00007ffee3f20000 - 0x00007ffee3f91000 	C:\windows\System32\WS2_32.dll
0x00007ffed9310000 - 0x00007ffed931a000 	C:\windows\SYSTEM32\VERSION.dll
0x00007ffee11b0000 - 0x00007ffee11c3000 	C:\windows\SYSTEM32\UMPDC.dll
0x00007ffee0310000 - 0x00007ffee0328000 	C:\windows\SYSTEM32\kernel.appcore.dll
0x00007ffebc560000 - 0x00007ffebc56a000 	D:\Software Engineer Tools\Android Studio\jbr\bin\jimage.dll
0x00007ffed7b00000 - 0x00007ffed7d32000 	C:\windows\SYSTEM32\DBGHELP.DLL
0x00007ffee2a20000 - 0x00007ffee2db0000 	C:\windows\System32\combase.dll
0x00007ffee30a0000 - 0x00007ffee3177000 	C:\windows\System32\OLEAUT32.dll
0x00007ffed5080000 - 0x00007ffed50b2000 	C:\windows\SYSTEM32\dbgcore.DLL
0x00007ffee13c0000 - 0x00007ffee143b000 	C:\windows\System32\bcryptPrimitives.dll
0x00007ffeb1160000 - 0x00007ffeb1185000 	D:\Software Engineer Tools\Android Studio\jbr\bin\java.dll
0x00007ffeb55b0000 - 0x00007ffeb55c8000 	D:\Software Engineer Tools\Android Studio\jbr\bin\zip.dll
0x00007ffee36a0000 - 0x00007ffee3f18000 	C:\windows\System32\SHELL32.dll
0x00007ffedf200000 - 0x00007ffedfb10000 	C:\windows\SYSTEM32\windows.storage.dll
0x00007ffedf0c0000 - 0x00007ffedf1ff000 	C:\windows\SYSTEM32\wintypes.dll
0x00007ffee2440000 - 0x00007ffee254a000 	C:\windows\System32\SHCORE.dll
0x00007ffee3fa0000 - 0x00007ffee3ffe000 	C:\windows\System32\shlwapi.dll
0x00007ffee1230000 - 0x00007ffee125b000 	C:\windows\SYSTEM32\profapi.dll
0x00007ffeb3690000 - 0x00007ffeb36a9000 	D:\Software Engineer Tools\Android Studio\jbr\bin\net.dll
0x00007ffedd130000 - 0x00007ffedd25c000 	C:\windows\SYSTEM32\WINHTTP.dll
0x00007ffee07a0000 - 0x00007ffee080a000 	C:\windows\system32\mswsock.dll
0x00007ffeb0470000 - 0x00007ffeb0486000 	D:\Software Engineer Tools\Android Studio\jbr\bin\nio.dll
0x00007ffebb2f0000 - 0x00007ffebb300000 	D:\Software Engineer Tools\Android Studio\jbr\bin\verify.dll
0x00007ffea6fa0000 - 0x00007ffea6fc7000 	C:\Users\Naufal\.gradle\native\e1d6ef7f7dcc3fd88c89a11ec53ec762bb8ba0a96d01ffa2cd45eb1d1d8dd5c5\windows-amd64\native-platform.dll
0x00007ffe1e1d0000 - 0x00007ffe1e314000 	C:\Users\Naufal\.gradle\native\0d407fdbe67a94daf76414ababcb853783967236a71b16ec16e742cd7a986fd3\windows-amd64\native-platform-file-events.dll
0x00007ffeba7d0000 - 0x00007ffeba7d9000 	D:\Software Engineer Tools\Android Studio\jbr\bin\management.dll
0x00007ffeb5530000 - 0x00007ffeb553b000 	D:\Software Engineer Tools\Android Studio\jbr\bin\management_ext.dll
0x00007ffee1df0000 - 0x00007ffee1df8000 	C:\windows\System32\PSAPI.DLL
0x00007ffee0a20000 - 0x00007ffee0a3b000 	C:\windows\SYSTEM32\CRYPTSP.dll
0x00007ffee0270000 - 0x00007ffee02a5000 	C:\windows\system32\rsaenh.dll
0x00007ffee08b0000 - 0x00007ffee08d8000 	C:\windows\SYSTEM32\USERENV.dll
0x00007ffee0a10000 - 0x00007ffee0a1c000 	C:\windows\SYSTEM32\CRYPTBASE.dll
0x00007ffedfdb0000 - 0x00007ffedfddd000 	C:\windows\SYSTEM32\IPHLPAPI.DLL
0x00007ffee2e60000 - 0x00007ffee2e69000 	C:\windows\System32\NSI.dll
0x00007ffedbe50000 - 0x00007ffedbe69000 	C:\windows\SYSTEM32\dhcpcsvc6.DLL
0x00007ffedbbe0000 - 0x00007ffedbbff000 	C:\windows\SYSTEM32\dhcpcsvc.DLL
0x00007ffedfde0000 - 0x00007ffedfee2000 	C:\windows\SYSTEM32\DNSAPI.dll
0x00007ffea5a30000 - 0x00007ffea5a38000 	C:\windows\system32\wshunix.dll

dbghelp: loaded successfully - version: 4.0.5 - missing functions: none
symbol engine: initialized successfully - sym options: 0x614 - pdb path: .;D:\Software Engineer Tools\Android Studio\jbr\bin;C:\windows\SYSTEM32;C:\windows\WinSxS\amd64_microsoft.windows.common-controls_6595b64144ccf1df_6.0.22621.4830_none_270fe7d773858e80;D:\Software Engineer Tools\Android Studio\jbr\bin\server;C:\Users\Naufal\.gradle\native\e1d6ef7f7dcc3fd88c89a11ec53ec762bb8ba0a96d01ffa2cd45eb1d1d8dd5c5\windows-amd64;C:\Users\Naufal\.gradle\native\0d407fdbe67a94daf76414ababcb853783967236a71b16ec16e742cd7a986fd3\windows-amd64

VM Arguments:
jvm_args: --add-opens=java.base/java.util=ALL-UNNAMED --add-opens=java.base/java.lang=ALL-UNNAMED --add-opens=java.base/java.lang.invoke=ALL-UNNAMED --add-opens=java.base/java.util=ALL-UNNAMED --add-opens=java.prefs/java.util.prefs=ALL-UNNAMED --add-opens=java.prefs/java.util.prefs=ALL-UNNAMED --add-opens=java.base/java.nio.charset=ALL-UNNAMED --add-opens=java.base/java.net=ALL-UNNAMED --add-opens=java.base/java.util.concurrent.atomic=ALL-UNNAMED -Xmx1536M -Dfile.encoding=windows-1252 -Duser.country=ID -Duser.language=en -Duser.variant 
java_command: org.gradle.launcher.daemon.bootstrap.GradleDaemon 7.5
java_class_path (initial): C:\Users\Naufal\.gradle\wrapper\dists\gradle-7.5-all\6qsw290k5lz422uaf8jf6m7co\gradle-7.5\lib\gradle-launcher-7.5.jar
Launcher Type: SUN_STANDARD

[Global flags]
     intx CICompilerCount                          = 4                                         {product} {ergonomic}
     uint ConcGCThreads                            = 3                                         {product} {ergonomic}
     uint G1ConcRefinementThreads                  = 10                                        {product} {ergonomic}
   size_t G1HeapRegionSize                         = 1048576                                   {product} {ergonomic}
    uintx GCDrainStackTargetSize                   = 64                                        {product} {ergonomic}
   size_t InitialHeapSize                          = 121634816                                 {product} {ergonomic}
   size_t MarkStackSize                            = 4194304                                   {product} {ergonomic}
   size_t MaxHeapSize                              = 1610612736                                {product} {command line}
   size_t MaxNewSize                               = 965738496                                 {product} {ergonomic}
   size_t MinHeapDeltaBytes                        = 1048576                                   {product} {ergonomic}
   size_t MinHeapSize                              = 8388608                                   {product} {ergonomic}
    uintx NonNMethodCodeHeapSize                   = 5839372                                {pd product} {ergonomic}
    uintx NonProfiledCodeHeapSize                  = 122909434                              {pd product} {ergonomic}
    uintx ProfiledCodeHeapSize                     = 122909434                              {pd product} {ergonomic}
    uintx ReservedCodeCacheSize                    = 251658240                              {pd product} {ergonomic}
     bool SegmentedCodeCache                       = true                                      {product} {ergonomic}
   size_t SoftMaxHeapSize                          = 1610612736                             {manageable} {ergonomic}
     bool UseCompressedClassPointers               = true                           {product lp64_product} {ergonomic}
     bool UseCompressedOops                        = true                           {product lp64_product} {ergonomic}
     bool UseG1GC                                  = true                                      {product} {ergonomic}
     bool UseLargePagesIndividualAllocation        = false                                  {pd product} {ergonomic}

Logging:
Log output configuration:
 #0: stdout all=warning uptime,level,tags
 #1: stderr all=off uptime,level,tags

Environment Variables:
JAVA_HOME=D:\Software Engineer Tools\Android Studio\jbr
CLASSPATH=D:\Software_Engineer_Projects\Flutter\camos\android\\gradle\wrapper\gradle-wrapper.jar
PATH=D:\Software Engineer Tools\Android Studio\jbr\bin;C:\windows\system32;C:\windows;C:\windows\System32\Wbem;C:\windows\System32\WindowsPowerShell\v1.0\;C:\windows\System32\OpenSSH\;C:\Program Files (x86)\NVIDIA Corporation\PhysX\Common;C:\Program Files\NVIDIA Corporation\NVIDIA NvDLISR;C:\Users\Administrator\AppData\Local\Microsoft\WindowsApps;C:\Program Files\HP\OMEN-Broadcast\Common;D:\Software Engineer Tools\Git\cmd;C:\Users\Naufal\fvm\default\bin;D:\Software Engineer Tools\nodejs\;C:\ProgramData\chocolatey\bin;C:\Strawberry\c\bin;C:\Strawberry\perl\site\bin;C:\Strawberry\perl\bin;C:\ProgramData\chocolatey\lib\lcov\tools\bin\genhtml;C:\Users\Naufal\AppData\Local\Microsoft\WindowsApps;D:\Software Engineer Tools\Microsoft VS Code\bin;C:\Users\Naufal\fvm\default\bin;C:\Users\Naufal\AppData\Roaming\npm;C:\Users\Naufal\AppData\Local\Pub\Cache\bin;C:\ProgramData\chocolatey\lib\lcov\tools\bin\genhtml;
USERNAME=Naufal
OS=Windows_NT
PROCESSOR_IDENTIFIER=AMD64 Family 25 Model 68 Stepping 1, AuthenticAMD
TMP=C:\Users\Naufal\AppData\Local\Temp
TEMP=C:\Users\Naufal\AppData\Local\Temp



Periodic native trim disabled

JNI global refs:
JNI global refs: 25, weak refs: 16

JNI global refs memory usage: 843, weak refs: 841

OOME stack traces (most recent first):
Classloader memory used:
Loader org.gradle.internal.classloader.VisitableURLClassLoader                         : 3989K
Loader org.gradle.internal.classloader.VisitableURLClassLoader                         : 3144K
Loader bootstrap                                                                       : 3009K
Loader org.gradle.initialization.MixInLegacyTypesClassLoader                           : 1139K
Loader org.gradle.groovy.scripts.internal.DefaultScriptCompilationHandler$ScriptClassLoader: 408K
Loader jdk.internal.reflect.DelegatingClassLoader                                      : 178K
Loader jdk.internal.loader.ClassLoaders$PlatformClassLoader                            : 64806B
Loader org.codehaus.groovy.runtime.callsite.CallSiteClassLoader                        : 32775B
Loader jdk.internal.loader.ClassLoaders$AppClassLoader                                 : 25675B
Loader sun.reflect.misc.MethodUtil                                                     : 373B

Classes loaded by more than one classloader:
Class build_2enl3egpjd6czz9w7dl4rmmjk$_run_closure1                                   : loaded 2 times (x 134B)
Class org.jetbrains.kotlin.config.MavenComparableVersion$ListItem                     : loaded 2 times (x 178B)
Class org.gradle.internal.installation.GradleInstallation                             : loaded 2 times (x 73B)
Class com.google.common.collect.UsingToStringOrdering                                 : loaded 2 times (x 112B)
Class com.google.common.collect.Iterators$MergingIterator                             : loaded 2 times (x 79B)
Class org.objectweb.asm.ModuleVisitor                                                 : loaded 2 times (x 78B)
Class build_9yfkzzr18rikfbwvqrmy72zxz$_run_closure1                                   : loaded 2 times (x 134B)
Class build_80h370ni06usk7t0bt1vm9uso$_run_closure1$_closure3                         : loaded 2 times (x 134B)
Class [Lcom.google.common.collect.AbstractMapEntry;                                   : loaded 2 times (x 67B)
Class com.google.common.collect.SingletonImmutableList                                : loaded 2 times (x 167B)
Class com.google.common.cache.CacheLoader$SupplierToCacheLoader                       : loaded 2 times (x 73B)
Class org.gradle.internal.classpath.ClassPath                                         : loaded 2 times (x 68B)
Class com.google.common.cache.RemovalListener                                         : loaded 2 times (x 68B)
Class org.gradle.api.internal.classpath.DefaultModuleRegistry                         : loaded 2 times (x 84B)
Class build_l619ekk6cblxl2z4vq7yusm5$_run_closure1$_closure3                          : loaded 2 times (x 134B)
Class com.google.common.collect.ImmutableEnumSet                                      : loaded 2 times (x 146B)
Class com.android.build.gradle.TestPlugin                                             : loaded 2 times (x 75B)
Class com.google.common.collect.ListMultimap                                          : loaded 2 times (x 68B)
Class com.google.common.base.CharMatcher$JavaDigit                                    : loaded 2 times (x 109B)
Class com.google.common.base.CharMatcher$Digit                                        : loaded 2 times (x 110B)
Class com.google.common.collect.AbstractMultimap                                      : loaded 2 times (x 121B)
Class com.google.common.cache.CacheBuilder$OneWeigher                                 : loaded 2 times (x 80B)
Class org.gradle.api.Action                                                           : loaded 2 times (x 68B)
Class com.google.common.collect.ImmutableEntry                                        : loaded 2 times (x 80B)
Class com.google.common.collect.Lists$StringAsImmutableList                           : loaded 2 times (x 167B)
Class com.android.build.gradle.LibraryPlugin                                          : loaded 2 times (x 75B)
Class com.google.common.cache.LocalCache$StrongEntry                                  : loaded 2 times (x 106B)
Class org.objectweb.asm.FieldWriter                                                   : loaded 2 times (x 75B)
Class com.google.common.base.CharMatcher                                              : loaded 2 times (x 109B)
Class build_2enl3egpjd6czz9w7dl4rmmjk                                                 : loaded 2 times (x 178B)
Class com.google.common.base.CharMatcher$IsNot                                        : loaded 2 times (x 109B)
Class org.jetbrains.kotlin.config.MavenComparableVersion$IntegerItem                  : loaded 2 times (x 78B)
Class com.google.common.collect.SetMultimap                                           : loaded 2 times (x 68B)
Class com.google.common.base.Splitter                                                 : loaded 2 times (x 70B)
Class [Lcom.google.common.cache.Weigher;                                              : loaded 2 times (x 67B)
Class com.google.common.collect.Iterators$ArrayItr                                    : loaded 2 times (x 95B)
Class com.google.common.cache.LocalCache$Segment                                      : loaded 2 times (x 152B)
Class org.gradle.api.internal.DefaultClassPathProvider                                : loaded 2 times (x 74B)
Class org.gradle.internal.installation.GradleInstallation$1                           : loaded 2 times (x 73B)
Class flutter_ah7t40xr1tjr94mk2otphm6wo                                               : loaded 2 times (x 175B)
Class com.google.common.cache.LocalCache$AbstractReferenceEntry                       : loaded 2 times (x 105B)
Class org.objectweb.asm.Type                                                          : loaded 2 times (x 70B)
Class com.google.common.util.concurrent.AbstractFuture$Failure                        : loaded 2 times (x 70B)
Class com.google.common.base.CharMatcher$BitSetMatcher                                : loaded 2 times (x 110B)
Class com.google.common.collect.ImmutableMap$IteratorBasedImmutableMap                : loaded 2 times (x 123B)
Class build_9uq4rlnk2dgmrwdwp9ha4d32x$_run_closure1                                   : loaded 2 times (x 134B)
Class build_d926hllxdtp8i9js4j19nhcr3$_run_closure1$_closure3                         : loaded 2 times (x 134B)
Class com.google.common.collect.ImmutableMap                                          : loaded 2 times (x 118B)
Class com.google.common.collect.AbstractMapBasedMultimap$Itr                          : loaded 2 times (x 81B)
Class com.google.common.base.Converter                                                : loaded 2 times (x 88B)
Class build_750xmhrpsta11uef4jj2yr5g1$_run_closure1                                   : loaded 2 times (x 134B)
Class com.google.common.base.Equivalence                                              : loaded 2 times (x 80B)
Class com.google.common.cache.LocalCache$EntryFactory$1                               : loaded 2 times (x 81B)
Class com.google.common.primitives.Ints                                               : loaded 2 times (x 69B)
Class com.google.common.cache.LocalCache$EntryFactory$2                               : loaded 2 times (x 81B)
Class com.google.common.cache.LocalCache$EntryFactory$3                               : loaded 2 times (x 81B)
Class com.google.common.cache.LocalCache$EntryFactory$4                               : loaded 2 times (x 81B)
Class com.google.common.cache.LocalCache$EntryFactory$5                               : loaded 2 times (x 81B)
Class com.google.common.cache.LocalCache$EntryFactory$6                               : loaded 2 times (x 81B)
Class com.google.common.cache.LocalCache$EntryFactory$7                               : loaded 2 times (x 81B)
Class com.google.common.cache.LocalCache$EntryFactory$8                               : loaded 2 times (x 81B)
Class build_4r8zzeegtzo6daye0lgyujlh0$_run_closure1$_closure3                         : loaded 2 times (x 134B)
Class com.google.common.base.Predicate                                                : loaded 2 times (x 68B)
Class com.google.common.cache.LocalCache$StrongValueReference                         : loaded 2 times (x 88B)
Class org.gradle.internal.classloader.FilteringClassLoader                            : loaded 2 times (x 103B)
Class build_80h370ni06usk7t0bt1vm9uso                                                 : loaded 2 times (x 178B)
Class com.google.common.collect.RegularImmutableSet                                   : loaded 2 times (x 146B)
Class build_l619ekk6cblxl2z4vq7yusm5                                                  : loaded 2 times (x 178B)
Class [Lcom.google.common.cache.LocalCache$Strength;                                  : loaded 2 times (x 67B)
Class org.gradle.internal.classpath.DefaultClassPath$ImmutableUniqueList$Builder      : loaded 2 times (x 73B)
Class com.google.common.collect.ExplicitOrdering                                      : loaded 2 times (x 113B)
Class com.google.common.collect.Maps$8                                                : loaded 2 times (x 80B)
Class com.google.common.base.PatternCompiler                                          : loaded 2 times (x 68B)
Class [Lcom.google.common.cache.CacheBuilder$NullListener;                            : loaded 2 times (x 67B)
Class com.google.common.base.CharMatcher$InRange                                      : loaded 2 times (x 109B)
Class build_1jfdzzng3cjr74yavc3dux8du$_run_closure1                                   : loaded 2 times (x 134B)
Class com.google.common.collect.Maps$KeySet                                           : loaded 2 times (x 135B)
Class com.google.common.collect.Sets$SetView                                          : loaded 2 times (x 136B)
Class com.google.common.collect.BiMap                                                 : loaded 2 times (x 68B)
Class com.google.common.collect.Lists                                                 : loaded 2 times (x 69B)
Class org.objectweb.asm.AnnotationWriter                                              : loaded 2 times (x 76B)
Class com.google.common.math.IntMath$1                                                : loaded 2 times (x 69B)
Class org.gradle.internal.classloader.ClassLoaderVisitor                              : loaded 2 times (x 74B)
Class org.objectweb.asm.Label                                                         : loaded 2 times (x 71B)
Class build_2c26tt4x4lwny1aii3hw5goey                                                 : loaded 2 times (x 178B)
Class com.google.common.cache.CacheBuilder$NullListener                               : loaded 2 times (x 80B)
Class com.google.common.math.MathPreconditions                                        : loaded 2 times (x 69B)
Class build_84sbunjw61pyryaill3796pqh                                                 : loaded 2 times (x 178B)
Class org.gradle.internal.service.DefaultServiceLocator                               : loaded 2 times (x 81B)
Class org.gradle.internal.service.UnknownServiceException                             : loaded 2 times (x 81B)
Class com.google.common.util.concurrent.AbstractFuture$SynchronizedHelper             : loaded 2 times (x 74B)
Class com.google.common.collect.ArrayListMultimap                                     : loaded 2 times (x 170B)
Class com.google.common.base.Strings                                                  : loaded 2 times (x 69B)
Class build_d926hllxdtp8i9js4j19nhcr3$_run_closure1                                   : loaded 2 times (x 134B)
Class com.google.common.cache.CacheLoader$InvalidCacheLoadException                   : loaded 2 times (x 80B)
Class org.gradle.internal.classloader.DefaultClassLoaderFactory                       : loaded 2 times (x 80B)
Class com.google.common.collect.UnmodifiableIterator                                  : loaded 2 times (x 78B)
Class com.google.common.collect.Sets$2$1                                              : loaded 2 times (x 80B)
Class com.google.common.base.Stopwatch                                                : loaded 2 times (x 70B)
Class com.google.common.base.Platform$JdkPatternCompiler                              : loaded 2 times (x 73B)
Class com.google.common.cache.LocalCache$LoadingValueReference                        : loaded 2 times (x 94B)
Class build_qxg3oofsulrvapnk6gxawqqr$_run_closure1                                    : loaded 2 times (x 134B)
Class com.google.common.base.CharMatcher$SingleWidth                                  : loaded 2 times (x 110B)
Class com.google.common.collect.Hashing                                               : loaded 2 times (x 69B)
Class com.google.common.collect.NullsFirstOrdering                                    : loaded 2 times (x 113B)
Class com.google.common.collect.NaturalOrdering                                       : loaded 2 times (x 113B)
Class build_637grcp24qpw9mr6qop07d31q$_run_closure1                                   : loaded 2 times (x 134B)
Class com.google.common.base.JdkPattern                                               : loaded 2 times (x 73B)
Class com.google.common.collect.Multimap                                              : loaded 2 times (x 68B)
Class com.google.common.collect.ByFunctionOrdering                                    : loaded 2 times (x 113B)
Class flutter_ah7t40xr1tjr94mk2otphm6wo$_run_closure1$_closure2                       : loaded 2 times (x 134B)
Class com.google.common.base.FunctionalEquivalence                                    : loaded 2 times (x 81B)
Class org.objectweb.asm.AnnotationVisitor                                             : loaded 2 times (x 75B)
Class org.objectweb.asm.RecordComponentWriter                                         : loaded 2 times (x 76B)
Class com.google.common.cache.LocalCache$1                                            : loaded 2 times (x 87B)
Class com.google.common.cache.LocalCache$2                                            : loaded 2 times (x 140B)
Class build_c8e4r4f3b4od7lsfbj77hyrin$_run_closure1                                   : loaded 2 times (x 134B)
Class com.google.common.collect.RegularImmutableBiMap                                 : loaded 2 times (x 147B)
Class org.gradle.internal.classloader.VisitableURLClassLoader$Spec                    : loaded 2 times (x 72B)
Class org.gradle.api.GradleException                                                  : loaded 2 times (x 80B)
Class com.google.common.base.CharMatcher$JavaLetterOrDigit                            : loaded 2 times (x 109B)
Class org.gradle.api.internal.classpath.ModuleRegistry                                : loaded 2 times (x 68B)
Class com.google.common.collect.CompoundOrdering                                      : loaded 2 times (x 113B)
Class com.google.common.cache.CacheBuilder                                            : loaded 2 times (x 70B)
Class org.objectweb.asm.ByteVector                                                    : loaded 2 times (x 76B)
Class com.google.common.collect.ImmutableCollection                                   : loaded 2 times (x 123B)
Class build_ct4c72zvj90rydf5t05jlf2cr$_run_closure1                                   : loaded 2 times (x 134B)
Class com.google.common.base.PairwiseEquivalence                                      : loaded 2 times (x 81B)
Class com.google.common.base.Ticker                                                   : loaded 2 times (x 70B)
Class org.gradle.api.internal.ClassPathProvider                                       : loaded 2 times (x 68B)
Class com.google.common.collect.RegularImmutableMap$Values                            : loaded 2 times (x 167B)
Class org.objectweb.asm.ModuleWriter                                                  : loaded 2 times (x 79B)
Class org.gradle.internal.classloader.ClasspathUtil$1                                 : loaded 2 times (x 74B)
Class com.google.common.collect.ImmutableEnumMap                                      : loaded 2 times (x 123B)
Class com.google.common.collect.ImmutableList$ReverseImmutableList                    : loaded 2 times (x 168B)
Class [Lorg.jetbrains.kotlin.utils.DescriptionAware;                                  : loaded 2 times (x 67B)
Class com.google.common.cache.AbstractCache$StatsCounter                              : loaded 2 times (x 68B)
Class org.objectweb.asm.FieldVisitor                                                  : loaded 2 times (x 74B)
Class build_ddd7ovgaq0yf29vkruji6g85k                                                 : loaded 2 times (x 178B)
Class org.objectweb.asm.Symbol                                                        : loaded 2 times (x 71B)
Class build_d2ldzp9yj4jdu73jdcq19ysiq                                                 : loaded 2 times (x 178B)
Class com.google.common.collect.Ordering                                              : loaded 2 times (x 112B)
Class com.google.common.cache.LocalCache$Strength$1                                   : loaded 2 times (x 79B)
Class com.google.common.cache.LocalCache$Strength$2                                   : loaded 2 times (x 79B)
Class com.google.common.cache.LocalCache$Strength$3                                   : loaded 2 times (x 79B)
Class org.gradle.internal.classloader.ClassLoaderFactory                              : loaded 2 times (x 68B)
Class build_16hudcxsk9rdp7bf3y66z7t0y$_run_closure1                                   : loaded 2 times (x 134B)
Class com.google.common.collect.ObjectArrays                                          : loaded 2 times (x 69B)
Class build_4fnsrkbo33ftsjjl418pbjdpt$_run_closure1                                   : loaded 2 times (x 134B)
Class com.google.common.util.concurrent.AbstractFuture$Waiter                         : loaded 2 times (x 70B)
Class com.google.common.util.concurrent.Uninterruptibles                              : loaded 2 times (x 69B)
Class com.google.common.collect.Iterators$10                                          : loaded 2 times (x 79B)
Class com.google.common.collect.Iterators$EmptyModifiableIterator                     : loaded 2 times (x 84B)
Class com.google.common.collect.ImmutableList                                         : loaded 2 times (x 166B)
Class org.gradle.api.internal.classpath.ManifestUtil                                  : loaded 2 times (x 69B)
Class org.gradle.api.specs.Spec                                                       : loaded 2 times (x 68B)
Class com.google.common.cache.CacheLoader$UnsupportedLoadingOperationException        : loaded 2 times (x 80B)
Class com.google.common.base.CharMatcher$Whitespace                                   : loaded 2 times (x 110B)
Class build_9yfkzzr18rikfbwvqrmy72zxz                                                 : loaded 2 times (x 178B)
Class build_1jfdzzng3cjr74yavc3dux8du                                                 : loaded 2 times (x 178B)
Class com.google.common.util.concurrent.ListenableFuture                              : loaded 2 times (x 68B)
Class com.google.common.collect.Iterators$1                                           : loaded 2 times (x 79B)
Class com.google.common.collect.Iterators$4                                           : loaded 2 times (x 80B)
Class com.google.common.collect.Iterators$5                                           : loaded 2 times (x 80B)
Class com.google.common.util.concurrent.AbstractFuture$UnsafeAtomicHelper             : loaded 2 times (x 74B)
Class com.google.common.base.Joiner                                                   : loaded 2 times (x 77B)
Class com.google.common.base.Equivalence$Equals                                       : loaded 2 times (x 80B)
Class com.google.common.base.Preconditions                                            : loaded 2 times (x 69B)
Class com.google.common.base.Function                                                 : loaded 2 times (x 68B)
Class com.google.common.collect.Iterators$9                                           : loaded 2 times (x 79B)
Class org.gradle.internal.IoActions                                                   : loaded 2 times (x 69B)
Class com.google.common.collect.AllEqualOrdering                                      : loaded 2 times (x 112B)
Class com.google.common.collect.ComparatorOrdering                                    : loaded 2 times (x 113B)
Class com.google.common.cache.ReferenceEntry                                          : loaded 2 times (x 68B)
Class com.google.common.collect.RegularImmutableMap$KeySet                            : loaded 2 times (x 148B)
Class com.google.common.collect.CollectPreconditions                                  : loaded 2 times (x 69B)
Class com.google.common.primitives.IntsMethodsForWeb                                  : loaded 2 times (x 69B)
Class com.google.common.collect.LexicographicalOrdering                               : loaded 2 times (x 113B)
Class build_ddd7ovgaq0yf29vkruji6g85k$_run_closure1                                   : loaded 2 times (x 134B)
Class com.google.common.collect.Maps                                                  : loaded 2 times (x 69B)
Class com.google.common.collect.RegularImmutableMap                                   : loaded 2 times (x 119B)
Class com.google.common.collect.AbstractIndexedListIterator                           : loaded 2 times (x 94B)
Class com.google.common.base.CharMatcher$None                                         : loaded 2 times (x 110B)
Class build_ct4c72zvj90rydf5t05jlf2cr                                                 : loaded 2 times (x 178B)
Class build_dk6pqsl791p57z82ciar94pen$_run_closure1$_closure3                         : loaded 2 times (x 134B)
Class org.gradle.api.internal.classpath.EffectiveClassPath                            : loaded 2 times (x 88B)
Class com.google.common.collect.UnmodifiableListIterator                              : loaded 2 times (x 93B)
Class com.google.common.cache.CacheLoader$FunctionToCacheLoader                       : loaded 2 times (x 73B)
Class com.google.common.cache.CacheBuilder$1                                          : loaded 2 times (x 83B)
Class com.google.common.cache.CacheBuilder$2                                          : loaded 2 times (x 77B)
Class com.google.common.collect.ImmutableList$1                                       : loaded 2 times (x 95B)
Class com.google.common.base.Splitter$Strategy                                        : loaded 2 times (x 68B)
Class build_6om3anffb0hys8xj0l3rv36vu$_run_closure1                                   : loaded 2 times (x 134B)
Class com.google.common.cache.CacheBuilder$3                                          : loaded 2 times (x 70B)
Class com.google.common.collect.ImmutableMapEntrySet$RegularEntrySet                  : loaded 2 times (x 149B)
Class build_68yaskayt1y814sn0sftjxl3w$_run_closure1                                   : loaded 2 times (x 134B)
Class [Lcom.google.common.cache.RemovalListener;                                      : loaded 2 times (x 67B)
Class [Lcom.google.common.collect.ImmutableMapEntry;                                  : loaded 2 times (x 67B)
Class org.gradle.internal.installation.CurrentGradleInstallation                      : loaded 2 times (x 71B)
Class org.gradle.internal.installation.CurrentGradleInstallationLocator               : loaded 2 times (x 69B)
Class [Lcom.google.common.cache.LocalCache$Segment;                                   : loaded 2 times (x 67B)
Class org.gradle.api.internal.classpath.Module                                        : loaded 2 times (x 68B)
Class com.google.common.base.Splitter$1$1                                             : loaded 2 times (x 84B)
Class build_5gakbywtkysa704crylvm4ixr$_run_closure1                                   : loaded 2 times (x 134B)
Class com.google.common.collect.ImmutableSet$JdkBackedSetBuilderImpl                  : loaded 2 times (x 74B)
Class [Lorg.jetbrains.kotlin.config.LanguageOrApiVersion;                             : loaded 2 times (x 67B)
Class com.google.common.collect.ImmutableSet$RegularSetBuilderImpl                    : loaded 2 times (x 75B)
Class org.gradle.internal.service.CachingServiceLocator                               : loaded 2 times (x 80B)
Class [Lcom.google.common.collect.ImmutableEntry;                                     : loaded 2 times (x 67B)
Class com.google.common.collect.Sets$ImprovedAbstractSet                              : loaded 2 times (x 133B)
Class build_d926hllxdtp8i9js4j19nhcr3                                                 : loaded 2 times (x 178B)
Class build_3kraqyea8ej3xb6xn132ym5wr$_run_closure1                                   : loaded 2 times (x 134B)
Class org.gradle.internal.classpath.DefaultClassPath                                  : loaded 2 times (x 88B)
Class com.android.build.gradle.api.AndroidBasePlugin                                  : loaded 2 times (x 72B)
Class build_l619ekk6cblxl2z4vq7yusm5$_run_closure1                                    : loaded 2 times (x 134B)
Class build_cums7tnqx4mkdfp46t4qhvlxa$_run_closure1                                   : loaded 2 times (x 134B)
Class org.gradle.api.Transformer                                                      : loaded 2 times (x 68B)
Class com.google.common.util.concurrent.AbstractFuture$SetFuture                      : loaded 2 times (x 73B)
Class build_68yaskayt1y814sn0sftjxl3w                                                 : loaded 2 times (x 178B)
Class build_8ftbpozrewr54n8nsyach12gc                                                 : loaded 2 times (x 178B)
Class build_dsmxhaaidmdyh0ymhe52t6hyh                                                 : loaded 2 times (x 178B)
Class build_dsmxhaaidmdyh0ymhe52t6hyh$_run_closure1                                   : loaded 2 times (x 134B)
Class com.google.common.base.Splitter$SplittingIterator                               : loaded 2 times (x 82B)
Class build_4r8zzeegtzo6daye0lgyujlh0                                                 : loaded 2 times (x 179B)
Class com.google.common.cache.LocalCache$LocalManualCache$1                           : loaded 2 times (x 73B)
Class build_dk6pqsl791p57z82ciar94pen                                                 : loaded 2 times (x 178B)
Class org.objectweb.asm.SymbolTable$Entry                                             : loaded 2 times (x 72B)
Class [Lcom.google.common.cache.LocalCache$EntryFactory;                              : loaded 2 times (x 67B)
Class com.google.common.base.CharMatcher$Is                                           : loaded 2 times (x 109B)
Class com.google.common.base.Platform                                                 : loaded 2 times (x 69B)
Class com.google.common.collect.RegularImmutableAsList                                : loaded 2 times (x 176B)
Class com.google.common.collect.PeekingIterator                                       : loaded 2 times (x 68B)
Class build_3kraqyea8ej3xb6xn132ym5wr                                                 : loaded 2 times (x 178B)
Class com.google.common.collect.ImmutableMapEntrySet                                  : loaded 2 times (x 149B)
Class com.google.common.cache.CacheLoader                                             : loaded 2 times (x 72B)
Class com.google.common.collect.ImmutableBiMapFauxverideShim                          : loaded 2 times (x 118B)
Class org.objectweb.asm.MethodTooLargeException                                       : loaded 2 times (x 81B)
Class com.google.common.cache.Cache                                                   : loaded 2 times (x 68B)
Class org.jetbrains.kotlin.config.ApiVersion                                          : loaded 2 times (x 83B)
Class org.gradle.internal.classloader.SystemClassLoaderSpec                           : loaded 2 times (x 69B)
Class build_n566z3p39vg9hxgut6loikrl                                                  : loaded 2 times (x 178B)
Class com.google.common.util.concurrent.internal.InternalFutureFailureAccess          : loaded 2 times (x 70B)
Class com.google.common.base.Charsets                                                 : loaded 2 times (x 69B)
Class org.jetbrains.kotlin.utils.DescriptionAware                                     : loaded 2 times (x 68B)
Class com.google.common.primitives.Ints$IntConverter                                  : loaded 2 times (x 88B)
Class com.google.common.collect.SingletonImmutableSet                                 : loaded 2 times (x 146B)
Class [Lcom.google.common.base.AbstractIterator$State;                                : loaded 2 times (x 67B)
Class com.google.common.collect.ImmutableMap$Builder                                  : loaded 2 times (x 78B)
Class com.google.common.base.AbstractIterator                                         : loaded 2 times (x 78B)
Class build_dk6pqsl791p57z82ciar94pen$_run_closure1                                   : loaded 2 times (x 134B)
Class org.objectweb.asm.ClassWriter                                                   : loaded 2 times (x 102B)
Class org.jetbrains.kotlin.config.LanguageVersion                                     : loaded 2 times (x 87B)
Class com.google.common.base.AbstractIterator$1                                       : loaded 2 times (x 69B)
Class build_cums7tnqx4mkdfp46t4qhvlxa                                                 : loaded 2 times (x 178B)
Class org.jetbrains.kotlin.config.MavenComparableVersion$Item                         : loaded 2 times (x 68B)
Class [Lcom.google.common.cache.CacheBuilder$OneWeigher;                              : loaded 2 times (x 67B)
Class com.google.common.collect.Iterators                                             : loaded 2 times (x 69B)
Class com.google.common.base.CharMatcher$1                                            : loaded 2 times (x 111B)
Class com.google.common.base.CharMatcher$Ascii                                        : loaded 2 times (x 110B)
Class build_6om3anffb0hys8xj0l3rv36vu                                                 : loaded 2 times (x 178B)
Class org.gradle.api.UncheckedIOException                                             : loaded 2 times (x 80B)
Class com.google.common.base.CharMatcher$And                                          : loaded 2 times (x 110B)
Class com.google.common.collect.IndexedImmutableSet                                   : loaded 2 times (x 148B)
Class com.google.common.collect.IndexedImmutableSet$1                                 : loaded 2 times (x 172B)
Class com.google.common.collect.AbstractListMultimap                                  : loaded 2 times (x 170B)
Class com.google.common.base.CharMatcher$Any                                          : loaded 2 times (x 110B)
Class com.google.common.cache.LocalCache$Strength                                     : loaded 2 times (x 79B)
Class com.google.common.collect.AbstractMapBasedMultimap$KeySet                       : loaded 2 times (x 135B)
Class com.google.common.collect.ArrayListMultimapGwtSerializationDependencies         : loaded 2 times (x 170B)
Class com.google.common.base.CharMatcher$RangesMatcher                                : loaded 2 times (x 110B)
Class org.objectweb.asm.Handler                                                       : loaded 2 times (x 70B)
Class build_d2ldzp9yj4jdu73jdcq19ysiq$_run_closure1                                   : loaded 2 times (x 134B)
Class build_2lx9kukjwem3scgi153omnidj$_run_closure1                                   : loaded 2 times (x 134B)
Class com.google.common.collect.ImmutableList$SubList                                 : loaded 2 times (x 168B)
Class com.google.common.cache.LocalCache$ValueReference                               : loaded 2 times (x 68B)
Class org.gradle.internal.classloader.ClasspathUtil                                   : loaded 2 times (x 69B)
Class org.objectweb.asm.CurrentFrame                                                  : loaded 2 times (x 71B)
Class com.google.common.util.concurrent.AbstractFuture                                : loaded 2 times (x 93B)
Class build_4fnsrkbo33ftsjjl418pbjdpt$_run_closure1$_closure3                         : loaded 2 times (x 134B)
Class com.google.common.base.Splitter$1                                               : loaded 2 times (x 75B)
Class com.google.common.collect.ReverseOrdering                                       : loaded 2 times (x 113B)
Class com.google.common.base.Ticker$1                                                 : loaded 2 times (x 70B)
Class com.google.common.collect.Maps$BiMapConverter                                   : loaded 2 times (x 88B)
Class org.gradle.api.internal.DefaultClassPathRegistry                                : loaded 2 times (x 74B)
Class org.jetbrains.kotlin.config.LanguageOrApiVersion                                : loaded 2 times (x 68B)
Class com.google.common.util.concurrent.AbstractFuture$Cancellation                   : loaded 2 times (x 70B)
Class [Lorg.objectweb.asm.Symbol;                                                     : loaded 2 times (x 67B)
Class com.google.common.collect.ImmutableSet$SetBuilderImpl                           : loaded 2 times (x 74B)
Class org.gradle.api.internal.classpath.DefaultModuleRegistry$DefaultModule           : loaded 2 times (x 84B)
Class com.google.common.base.CharMatcher$JavaIsoControl                               : loaded 2 times (x 110B)
Class com.google.common.collect.ImmutableMap$1                                        : loaded 2 times (x 79B)
Class org.jetbrains.kotlin.config.ApiVersion$Companion                                : loaded 2 times (x 69B)
Class com.google.common.base.CharMatcher$Or                                           : loaded 2 times (x 110B)
Class com.google.common.base.Suppliers$SupplierOfInstance                             : loaded 2 times (x 77B)
Class org.objectweb.asm.RecordComponentVisitor                                        : loaded 2 times (x 75B)
Class com.google.common.collect.Iterables                                             : loaded 2 times (x 69B)
Class com.google.common.base.CharMatcher$JavaLowerCase                                : loaded 2 times (x 109B)
Class org.objectweb.asm.ClassTooLargeException                                        : loaded 2 times (x 81B)
Class org.jetbrains.kotlin.config.LanguageVersion$Companion                           : loaded 2 times (x 69B)
Class org.gradle.api.internal.classpath.UnknownModuleException                        : loaded 2 times (x 80B)
Class build_qxg3oofsulrvapnk6gxawqqr                                                  : loaded 2 times (x 178B)
Class com.google.common.util.concurrent.AbstractFuture$Listener                       : loaded 2 times (x 70B)
Class org.objectweb.asm.Edge                                                          : loaded 2 times (x 70B)
Class flutter_ah7t40xr1tjr94mk2otphm6wo$_run_closure1                                 : loaded 2 times (x 134B)
Class com.google.common.collect.Maps$EntryTransformer                                 : loaded 2 times (x 68B)
Class com.google.common.collect.ImmutableCollection$Builder                           : loaded 2 times (x 74B)
Class [Lorg.objectweb.asm.SymbolTable$Entry;                                          : loaded 2 times (x 67B)
Class com.google.common.collect.SingletonImmutableBiMap                               : loaded 2 times (x 142B)
Class build_9yfkzzr18rikfbwvqrmy72zxz$_run_closure1$_closure3                         : loaded 2 times (x 134B)
Class com.google.common.base.CommonPattern                                            : loaded 2 times (x 72B)
Class com.google.common.base.Suppliers                                                : loaded 2 times (x 69B)
Class [Lcom.google.common.collect.Iterators$EmptyModifiableIterator;                  : loaded 2 times (x 67B)
Class org.objectweb.asm.ClassVisitor                                                  : loaded 2 times (x 85B)
Class com.google.common.cache.LoadingCache                                            : loaded 2 times (x 68B)
Class org.gradle.internal.service.ServiceLookupException                              : loaded 2 times (x 80B)
Class build_2lx9kukjwem3scgi153omnidj                                                 : loaded 2 times (x 178B)
Class build_4fnsrkbo33ftsjjl418pbjdpt                                                 : loaded 2 times (x 178B)
Class org.gradle.cache.GlobalCache                                                    : loaded 2 times (x 68B)
Class com.google.common.base.CharMatcher$NegatedFastMatcher                           : loaded 2 times (x 111B)
Class [Lorg.gradle.api.internal.ClassPathProvider;                                    : loaded 2 times (x 67B)
Class com.google.common.util.concurrent.AbstractFuture$SafeAtomicHelper               : loaded 2 times (x 75B)
Class build_eocv2pc2ykvb31ogal3uptbej                                                 : loaded 2 times (x 179B)
Class org.gradle.util.internal.GUtil                                                  : loaded 2 times (x 69B)
Class com.google.common.math.IntMath                                                  : loaded 2 times (x 69B)
Class com.google.common.collect.AbstractIterator                                      : loaded 2 times (x 80B)
Class org.gradle.internal.classloader.ClassLoaderSpec                                 : loaded 2 times (x 69B)
Class build_8ri0hn1jftg969rhl3n41nzix                                                 : loaded 2 times (x 178B)
Class org.objectweb.asm.Frame                                                         : loaded 2 times (x 71B)
Class com.google.common.cache.LocalCache$LocalManualCache                             : loaded 2 times (x 97B)
Class com.google.common.collect.AbstractMapEntry                                      : loaded 2 times (x 79B)
Class com.google.common.collect.ImmutableList$Builder                                 : loaded 2 times (x 75B)
Class com.google.common.base.CharMatcher$Negated                                      : loaded 2 times (x 111B)
Class build_8ri0hn1jftg969rhl3n41nzix$_run_closure1                                   : loaded 2 times (x 134B)
Class com.google.common.cache.CacheLoader$1                                           : loaded 2 times (x 73B)
Class com.android.build.gradle.BasePlugin                                             : loaded 2 times (x 75B)
Class com.google.common.util.concurrent.AbstractFuture$TrustedFuture                  : loaded 2 times (x 95B)
Class build_750xmhrpsta11uef4jj2yr5g1                                                 : loaded 2 times (x 179B)
Class build_2c26tt4x4lwny1aii3hw5goey$_run_closure1                                   : loaded 2 times (x 134B)
Class build_89g55duis7xfn5c2wbflis02v                                                 : loaded 2 times (x 179B)
Class com.google.common.collect.Sets                                                  : loaded 2 times (x 69B)
Class com.google.common.collect.ImmutableSet$Builder                                  : loaded 2 times (x 83B)
Class com.google.common.base.CharMatcher$ForPredicate                                 : loaded 2 times (x 110B)
Class com.google.common.collect.ImmutableMap$MapViewOfValuesAsSingletonSets           : loaded 2 times (x 123B)
Class com.google.common.base.MoreObjects                                              : loaded 2 times (x 69B)
Class com.google.common.collect.SortedMapDifference                                   : loaded 2 times (x 68B)
Class org.objectweb.asm.SymbolTable                                                   : loaded 2 times (x 70B)
Class com.google.common.cache.CacheStats                                              : loaded 2 times (x 69B)
Class org.objectweb.asm.Attribute                                                     : loaded 2 times (x 75B)
Class org.gradle.internal.classloader.VisitableURLClassLoader                         : loaded 2 times (x 115B)
Class com.google.common.cache.LocalCache$LocalLoadingCache                            : loaded 2 times (x 132B)
Class com.google.common.base.Supplier                                                 : loaded 2 times (x 68B)
Class com.google.common.util.concurrent.AbstractFuture$AtomicHelper                   : loaded 2 times (x 74B)
Class com.google.common.collect.ImmutableBiMap                                        : loaded 2 times (x 142B)
Class org.gradle.internal.Cast                                                        : loaded 2 times (x 69B)
Class org.gradle.api.internal.ClassPathRegistry                                       : loaded 2 times (x 68B)
Class build_637grcp24qpw9mr6qop07d31q                                                 : loaded 2 times (x 179B)
Class com.google.common.cache.LocalCache$EntryFactory                                 : loaded 2 times (x 81B)
Class com.google.common.util.concurrent.UncheckedExecutionException                   : loaded 2 times (x 80B)
Class com.google.common.collect.ImmutableSet                                          : loaded 2 times (x 145B)
Class org.gradle.internal.classloader.ClassLoaderHierarchy                            : loaded 2 times (x 68B)
Class build_5gakbywtkysa704crylvm4ixr                                                 : loaded 2 times (x 178B)
Class build_n566z3p39vg9hxgut6loikrl$_run_closure1                                    : loaded 2 times (x 134B)
Class build_c8e4r4f3b4od7lsfbj77hyrin                                                 : loaded 2 times (x 178B)
Class build_89g55duis7xfn5c2wbflis02v$_run_closure1                                   : loaded 2 times (x 134B)
Class [Lorg.objectweb.asm.Type;                                                       : loaded 2 times (x 67B)
Class com.google.common.base.AbstractIterator$State                                   : loaded 2 times (x 77B)
Class org.jetbrains.kotlin.config.LanguageVersionSettings                             : loaded 2 times (x 68B)
Class com.google.common.cache.Weigher                                                 : loaded 2 times (x 68B)
Class com.google.common.base.CharMatcher$NamedFastMatcher                             : loaded 2 times (x 110B)
Class build_16hudcxsk9rdp7bf3y66z7t0y$_run_closure1$_closure3                         : loaded 2 times (x 134B)
Class build_eocv2pc2ykvb31ogal3uptbej$_run_closure1                                   : loaded 2 times (x 134B)
Class org.gradle.internal.service.ServiceLocator                                      : loaded 2 times (x 68B)
Class build_9uq4rlnk2dgmrwdwp9ha4d32x                                                 : loaded 2 times (x 178B)
Class build_3kraqyea8ej3xb6xn132ym5wr$_run_closure1$_closure3                         : loaded 2 times (x 134B)
Class org.jetbrains.kotlin.config.MavenComparableVersion                              : loaded 2 times (x 76B)
Class com.google.common.util.concurrent.SettableFuture                                : loaded 2 times (x 95B)
Class build_8ftbpozrewr54n8nsyach12gc$_run_closure1                                   : loaded 2 times (x 134B)
Class com.android.build.gradle.AppPlugin                                              : loaded 2 times (x 75B)
Class com.google.common.collect.ImmutableMapEntry                                     : loaded 2 times (x 83B)
Class build_eocv2pc2ykvb31ogal3uptbej$_run_closure1$_closure3                         : loaded 2 times (x 134B)
Class com.google.common.base.CharMatcher$Invisible                                    : loaded 2 times (x 110B)
Class com.google.common.base.Joiner$1                                                 : loaded 2 times (x 78B)
Class com.google.common.base.Joiner$2                                                 : loaded 2 times (x 77B)
Class com.google.common.base.CharMatcher$FastMatcher                                  : loaded 2 times (x 109B)
Class [Lorg.jetbrains.kotlin.config.LanguageVersion;                                  : loaded 2 times (x 67B)
Class org.gradle.internal.classpath.DefaultClassPath$ImmutableUniqueList              : loaded 2 times (x 159B)
Class com.google.common.base.CharMatcher$JavaLetter                                   : loaded 2 times (x 109B)
Class build_84sbunjw61pyryaill3796pqh$_run_closure1                                   : loaded 2 times (x 134B)
Class com.google.common.collect.MapDifference                                         : loaded 2 times (x 68B)
Class com.google.common.collect.Sets$1                                                : loaded 2 times (x 137B)
Class com.google.common.collect.Sets$2                                                : loaded 2 times (x 137B)
Class com.google.common.util.concurrent.AbstractFuture$Trusted                        : loaded 2 times (x 68B)
Class build_80h370ni06usk7t0bt1vm9uso$_run_closure1                                   : loaded 2 times (x 134B)
Class com.google.common.collect.Sets$3                                                : loaded 2 times (x 137B)
Class com.google.common.collect.Sets$4                                                : loaded 2 times (x 137B)
Class com.android.build.gradle.DynamicFeaturePlugin                                   : loaded 2 times (x 75B)
Class org.objectweb.asm.MethodWriter                                                  : loaded 2 times (x 103B)
Class com.google.common.collect.Platform                                              : loaded 2 times (x 69B)
Class com.google.common.collect.ImmutableAsList                                       : loaded 2 times (x 169B)
Class com.google.common.util.concurrent.ExecutionError                                : loaded 2 times (x 80B)
Class com.google.common.base.Equivalence$Identity                                     : loaded 2 times (x 80B)
Class com.google.common.base.CharMatcher$AnyOf                                        : loaded 2 times (x 110B)
Class com.google.common.base.CharMatcher$IsEither                                     : loaded 2 times (x 109B)
Class com.google.common.cache.LocalCache                                              : loaded 2 times (x 185B)
Class build_4r8zzeegtzo6daye0lgyujlh0$_run_closure1                                   : loaded 2 times (x 134B)
Class com.google.common.collect.RegularImmutableList                                  : loaded 2 times (x 172B)
Class com.google.common.util.concurrent.AbstractFuture$UnsafeAtomicHelper$1           : loaded 2 times (x 74B)
Class com.google.common.base.CharMatcher$JavaUpperCase                                : loaded 2 times (x 109B)
Class com.google.common.collect.Multiset                                              : loaded 2 times (x 68B)
Class build_16hudcxsk9rdp7bf3y66z7t0y                                                 : loaded 2 times (x 178B)
Class build_637grcp24qpw9mr6qop07d31q$_run_closure1$_closure2                         : loaded 2 times (x 134B)
Class build_637grcp24qpw9mr6qop07d31q$_run_closure1$_closure3                         : loaded 2 times (x 134B)
Class org.objectweb.asm.MethodVisitor                                                 : loaded 2 times (x 102B)
Class com.google.common.collect.NullsLastOrdering                                     : loaded 2 times (x 113B)
Class com.google.common.collect.AbstractMapBasedMultimap$KeySet$1                     : loaded 2 times (x 80B)
Class com.google.common.collect.ImmutableMapEntry$NonTerminalImmutableMapEntry        : loaded 2 times (x 83B)
Class com.google.common.collect.AbstractMapBasedMultimap                              : loaded 2 times (x 137B)


---------------  S Y S T E M  ---------------

OS:
 Windows 11 , 64 bit Build 22621 (10.0.22621.4830)
OS uptime: 2 days 7:46 hours
Hyper-V role detected

CPU: total 12 (initial active 12) (12 cores per cpu, 2 threads per core) family 25 model 68 stepping 1 microcode 0x0, cx8, cmov, fxsr, ht, mmx, 3dnowpref, sse, sse2, sse3, ssse3, sse4a, sse4.1, sse4.2, popcnt, lzcnt, tsc, tscinvbit, avx, avx2, aes, erms, clmul, bmi1, bmi2, adx, sha, fma, vzeroupper, clflush, clflushopt, hv
Processor Information for processor 0
  Max Mhz: 3301, Current Mhz: 3301, Mhz Limit: 3301
Processor Information for processor 1
  Max Mhz: 3301, Current Mhz: 3301, Mhz Limit: 3301
Processor Information for processor 2
  Max Mhz: 3301, Current Mhz: 2635, Mhz Limit: 3301
Processor Information for processor 3
  Max Mhz: 3301, Current Mhz: 3301, Mhz Limit: 3301
Processor Information for processor 4
  Max Mhz: 3301, Current Mhz: 3301, Mhz Limit: 3301
Processor Information for processor 5
  Max Mhz: 3301, Current Mhz: 3301, Mhz Limit: 3301
Processor Information for processor 6
  Max Mhz: 3301, Current Mhz: 3301, Mhz Limit: 3301
Processor Information for processor 7
  Max Mhz: 3301, Current Mhz: 3301, Mhz Limit: 3301
Processor Information for processor 8
  Max Mhz: 3301, Current Mhz: 3301, Mhz Limit: 3301
Processor Information for processor 9
  Max Mhz: 3301, Current Mhz: 3301, Mhz Limit: 3301
Processor Information for processor 10
  Max Mhz: 3301, Current Mhz: 3301, Mhz Limit: 3301
Processor Information for processor 11
  Max Mhz: 3301, Current Mhz: 3301, Mhz Limit: 3301

Memory: 4k page, system-wide physical 7381M (15M free)
TotalPageFile size 29909M (AvailPageFile size 11M)
current process WorkingSet (physical memory assigned to process): 375M, peak: 414M
current process commit charge ("private bytes"): 725M, peak: 728M

vm_info: OpenJDK 64-Bit Server VM (17.0.9+0--11185874) for windows-amd64 JRE (17.0.9+0--11185874), built on Dec  6 2023 18:57:44 by "androidbuild" with MS VC++ 16.10 / 16.11 (VS2019)

END.
